json_index,id,shortcode,image_id,image_path,label,caption,description,comments,tags,location_name,combined_text,likes,comments_count,is_video,timestamp,owner_id,video_view_count
307,1852342543155403164,Bm017qXHxmc,39915885_1559649040848445_4530413473271644160_n.jpg,C:\Coding\projects\pavbhaji_model\machinelearningchallenge\dataset\dataset\images\1\39915885_1559649040848445_4530413473271644160_n.jpg,1,"Pav Bhaji ➡️ If you've been to Maharashtra or live here and haven't had a pav bhaji then you are missing out on one of the most delicious street food delicacies! Originating from the streets of Mumbai, you are lucky that this dish is not only available now in Mumbai but can be relished at multiple places all over India! 😍 Here's a shot of it from @memrfoody !
.
↪️Tag us and add #twofullforfood
to get featured on @absolutefoodies .
.
.
.
#pavbhaji #mumbaistreetfood #pavbhajilove #pavbhajilover #pavbhajilovers #pavbhajimasala #yummyfood #mrfoody #mrfoodyborivali #mumbaifoodie #borivalifoodie #butterlove #onions #pav #utterlybutterlydelicious  #foodologist #absolutefoodies #eatwithus #streetfoodindia #streetfoodasia #nomnomnom #maharashtrianfood #classicfood #streetfood",,,#mumbaistreetfood #mrfoody #twofullforfood #mumbaifoodie #nomnomnom #classicfood #mrfoodyborivali #streetfoodasia #borivalifoodie #onions #pav #pavbhajilove #streetfoodindia #eatwithus #pavbhajimasala #maharashtrianfood #foodologist #yummyfood #pavbhajilover #pavbhajilovers #absolutefoodies #utterlybutterlydelicious #streetfood #pavbhaji #butterlove,Mr Foody,"Pav Bhaji ➡️ If you've been to Maharashtra or live here and haven't had a pav bhaji then you are missing out on one of the most delicious street food delicacies! Originating from the streets of Mumbai, you are lucky that this dish is not only available now in Mumbai but can be relished at multiple places all over India! 😍 Here's a shot of it from @memrfoody !
.
↪️Tag us and add #twofullforfood
to get featured on @absolutefoodies .
.
.
.
#pavbhaji #mumbaistreetfood #pavbhajilove #pavbhajilover #pavbhajilovers #pavbhajimasala #yummyfood #mrfoody #mrfoodyborivali #mumbaifoodie #borivalifoodie #butterlove #onions #pav #utterlybutterlydelicious  #foodologist #absolutefoodies #eatwithus #streetfoodindia #streetfoodasia #nomnomnom #maharashtrianfood #classicfood #streetfood #mumbaistreetfood #mrfoody #twofullforfood #mumbaifoodie #nomnomnom #classicfood #mrfoodyborivali #streetfoodasia #borivalifoodie #onions #pav #pavbhajilove #streetfoodindia #eatwithus #pavbhajimasala #maharashtrianfood #foodologist #yummyfood #pavbhajilover #pavbhajilovers #absolutefoodies #utterlybutterlydelicious #streetfood #pavbhaji #butterlove Mr Foody",537,117,False,1535036460,7703553836,0
180,1853561092107084760,Bm5K_4ghyPY,39045722_256263605024107_3466065743475376128_n.jpg,C:\Coding\projects\pavbhaji_model\machinelearningchallenge\dataset\dataset\images\1\39045722_256263605024107_3466065743475376128_n.jpg,1,"Some pavbhaji, and bara pav
.
Breakfast! .
Just craving for these😊
.
Loc:Gupta brothers
.
Follow  @bongdating_food  @bongdating_food  @bongdating_food . . .  #eveningsnacks #eveninggown #event #foodevent #rainyseason #rainyday #foodblogger #foodie #like4follow #followforfollowback #pav #bhaji #bara #pavbhaji",,,#eveninggown #bhaji #foodblogger #followforfollowback #foodie #event #like4follow #pavbhaji #foodevent #pav #rainyseason #rainyday #bara #eveningsnacks,,"Some pavbhaji, and bara pav
.
Breakfast! .
Just craving for these😊
.
Loc:Gupta brothers
.
Follow  @bongdating_food  @bongdating_food  @bongdating_food . . .  #eveningsnacks #eveninggown #event #foodevent #rainyseason #rainyday #foodblogger #foodie #like4follow #followforfollowback #pav #bhaji #bara #pavbhaji #eveninggown #bhaji #foodblogger #followforfollowback #foodie #event #like4follow #pavbhaji #foodevent #pav #rainyseason #rainyday #bara #eveningsnacks",18,0,False,1535181722,2277310621,0
156,1853720204220255005,Bm5vLRNg0sd,39715827_329131217631253_7633397318791725056_n.jpg,C:\Coding\projects\pavbhaji_model\machinelearningchallenge\dataset\dataset\images\1\39715827_329131217631253_7633397318791725056_n.jpg,1,"Pav bhaji always makes me drool and last night at @courtyardchennai , i had one of the best pav bhajis i have ever tasted in my life 🤤
.
.
.
Do not miss 'Taste of Chennai 2.0', hosted by @courtyardchennai 's Paprika Cafe if you are a street food fan 😍 .
.
.
#pavbhaji #paprikacafe #courtyardmarriott #thehungrychennaite #myonlinefoodjournal #blogger #foodblogger #chennaiblogger #chennaifoodscenes #chennaifoodie #chennaifoodblogger #streetfood #indian #tasteofchennai #foodgram",,,#paprikacafe #indian #foodgram #tasteofchennai #myonlinefoodjournal #foodblogger #chennaifoodie #courtyardmarriott #blogger #pavbhaji #streetfood #chennaifoodscenes #chennaiblogger #chennaifoodblogger #thehungrychennaite,Paprika,"Pav bhaji always makes me drool and last night at @courtyardchennai , i had one of the best pav bhajis i have ever tasted in my life 🤤
.
.
.
Do not miss 'Taste of Chennai 2.0', hosted by @courtyardchennai 's Paprika Cafe if you are a street food fan 😍 .
.
.
#pavbhaji #paprikacafe #courtyardmarriott #thehungrychennaite #myonlinefoodjournal #blogger #foodblogger #chennaiblogger #chennaifoodscenes #chennaifoodie #chennaifoodblogger #streetfood #indian #tasteofchennai #foodgram #paprikacafe #indian #foodgram #tasteofchennai #myonlinefoodjournal #foodblogger #chennaifoodie #courtyardmarriott #blogger #pavbhaji #streetfood #chennaifoodscenes #chennaiblogger #chennaifoodblogger #thehungrychennaite Paprika",156,1,False,1535200690,4696234524,0
141,1853779364199801963,Bm58oKPFCRr,39371745_1879105248805938_6366169021993189376_n.jpg,C:\Coding\projects\pavbhaji_model\machinelearningchallenge\dataset\dataset\images\1\39371745_1879105248805938_6366169021993189376_n.jpg,1,"Cheese Pav Bhaji at Amar Juice Center.
.
Food:- 4/5
Service:-4/5
.
.
#livetoeatbombay #lteb #mumbaifood #mumbai #mumbailocal #pavbhaji #vegeterian #foodlove #spicy #mumbaispecial #juhu #nomnom",,,#nomnom #foodlove #mumbaifood #mumbaispecial #mumbai #vegeterian #mumbailocal #pavbhaji #spicy #livetoeatbombay #juhu #lteb,Amar Juice Center,"Cheese Pav Bhaji at Amar Juice Center.
.
Food:- 4/5
Service:-4/5
.
.
#livetoeatbombay #lteb #mumbaifood #mumbai #mumbailocal #pavbhaji #vegeterian #foodlove #spicy #mumbaispecial #juhu #nomnom #nomnom #foodlove #mumbaifood #mumbaispecial #mumbai #vegeterian #mumbailocal #pavbhaji #spicy #livetoeatbombay #juhu #lteb Amar Juice Center",830,16,False,1535207742,1336407553,0
330,1852233621325198821,Bm0dKpAH7Xl,39083197_1634823873312919_5306999038481006592_n.jpg,C:\Coding\projects\pavbhaji_model\machinelearningchallenge\dataset\dataset\images\0\39083197_1634823873312919_5306999038481006592_n.jpg,0,"Cafée_mh05 #pavbhaji #cheeselovers *pav_bhaji_cheese_toast* #evening #sancks
#Yammmmee #test££££ #Badlapur #cafe_mh05Roksss",,,#Badlapur #cheeselovers #evening #sancks #pavbhaji #Yammmmee #cafe_mh05Roksss #test,,"Cafée_mh05 #pavbhaji #cheeselovers *pav_bhaji_cheese_toast* #evening #sancks
#Yammmmee #test££££ #Badlapur #cafe_mh05Roksss #Badlapur #cheeselovers #evening #sancks #pavbhaji #Yammmmee #cafe_mh05Roksss #test",21,3,False,1535023475,1620076457,0
137,1853800034810879191,Bm6BU9PglzX,39531992_177604963051146_2431465416732704768_n.jpg,C:\Coding\projects\pavbhaji_model\machinelearningchallenge\dataset\dataset\images\0\39531992_177604963051146_2431465416732704768_n.jpg,0,"#jinidosa 
A shot taken while preparing the dosa!! Stuffed with mix veggies, semi cooked in our secret sauces and packed with #flavor. It's absolutely #delicious is what we keep hearing! 
Be here to relish the amazing varieties of #mumbaiflavours 🍴

#pavbhaji #chennaifoodie #chennai_trendies #foodblogger #foodislife #nammachennai #loveforfood #chennaidiaries📒💕 #newhangout #annanagar #shenoynagar #desifood #food #chennaiblogger #dosas #streetfood #blogger",,,#foodblogger #blogger #delicious #chennai_trendies #newhangout #loveforfood #shenoynagar #flavor #chennaiblogger #desifood #jinidosa #chennaidiaries #chennaifoodie #annanagar #foodislife #food #dosas #streetfood #pavbhaji #nammachennai #mumbaiflavours,"Shenoy Nagar, Tamil Nadu, India","#jinidosa 
A shot taken while preparing the dosa!! Stuffed with mix veggies, semi cooked in our secret sauces and packed with #flavor. It's absolutely #delicious is what we keep hearing! 
Be here to relish the amazing varieties of #mumbaiflavours 🍴

#pavbhaji #chennaifoodie #chennai_trendies #foodblogger #foodislife #nammachennai #loveforfood #chennaidiaries📒💕 #newhangout #annanagar #shenoynagar #desifood #food #chennaiblogger #dosas #streetfood #blogger #foodblogger #blogger #delicious #chennai_trendies #newhangout #loveforfood #shenoynagar #flavor #chennaiblogger #desifood #jinidosa #chennaidiaries #chennaifoodie #annanagar #foodislife #food #dosas #streetfood #pavbhaji #nammachennai #mumbaiflavours Shenoy Nagar, Tamil Nadu, India",114,6,False,1535210206,8292537747,0
303,1852354336689348310,Bm04nR8hd7W,39894771_541170119653885_56720847733204642_n.jpg,C:\Coding\projects\pavbhaji_model\machinelearningchallenge\dataset\dataset\images\0\39894771_541170119653885_56720847733204642_n.jpg,0,#gadbadicecream #falooda #cutlet #gobimanchurian #pavbhaji,,,#gobimanchurian #gadbadicecream #pavbhaji #cutlet #falooda,Ideal Cafe,#gadbadicecream #falooda #cutlet #gobimanchurian #pavbhaji #gobimanchurian #gadbadicecream #pavbhaji #cutlet #falooda Ideal Cafe,23,0,False,1535037866,3133556334,0
370,1851766877355661858,BmyzCnznloi,38831028_1872913219458849_1550982552523636736_n.jpg,C:\Coding\projects\pavbhaji_model\machinelearningchallenge\dataset\dataset\images\1\38831028_1872913219458849_1550982552523636736_n.jpg,1,"Pav Bhaji & Malai Kofta ~ Choolah

A thick and spiced vegetable mash garnished with onion and cilantro served on buttered and toasted buns & fried potato and vegetable croquettes mixed in a curry sauce with rice 😅
.
.
.
.
.
.
#vegetarian #veggies #veggie #veggiefood #veggielover #vegetables #vegetariansofig #indian #indianfood #foodie #veggiefood #pavbhaji #malaikofta #choolah #pittsburgh #pittsburgheats #pittsburghfoodie #412 #foodphotography #foodphoto",,,#vegetables #foodphoto #foodphotography #pittsburgh #veggiefood #pittsburghfoodie #foodie #veggie #vegetarian #vegetariansofig #indianfood #pavbhaji #malaikofta #choolah #indian #pittsburgheats #veggielover #412 #veggies,Choolaah Indian Bbq-Pgh,"Pav Bhaji & Malai Kofta ~ Choolah

A thick and spiced vegetable mash garnished with onion and cilantro served on buttered and toasted buns & fried potato and vegetable croquettes mixed in a curry sauce with rice 😅
.
.
.
.
.
.
#vegetarian #veggies #veggie #veggiefood #veggielover #vegetables #vegetariansofig #indian #indianfood #foodie #veggiefood #pavbhaji #malaikofta #choolah #pittsburgh #pittsburgheats #pittsburghfoodie #412 #foodphotography #foodphoto #vegetables #foodphoto #foodphotography #pittsburgh #veggiefood #pittsburghfoodie #foodie #veggie #vegetarian #vegetariansofig #indianfood #pavbhaji #malaikofta #choolah #indian #pittsburgheats #veggielover #412 #veggies Choolaah Indian Bbq-Pgh",27,4,False,1534967835,8372950881,0
425,1850661967725760904,Bmu30EhnpGI,39110952_310940116323975_8596836235077484544_n.jpg,C:\Coding\projects\pavbhaji_model\machinelearningchallenge\dataset\dataset\images\1\39110952_310940116323975_8596836235077484544_n.jpg,1,"📍Rama Krishna, Lonavla, Maharashtra || If this picture doesn’t wanna make you go to your closest fast food restaurant, I don’t know what will 🤷🏻‍♀️ // Santosh Sagar at Nepeansea Road is my go-to for masala pav and pav bhaji! What’s yours? ❤️ #TheUnclichéd #ThatFayLife #PavBhaji #StreetEats #FoodGasm",,,#StreetEats #FoodGasm #TheUnclichéd #ThatFayLife #PavBhaji,Rama Krishna Restaurant,"📍Rama Krishna, Lonavla, Maharashtra || If this picture doesn’t wanna make you go to your closest fast food restaurant, I don’t know what will 🤷🏻‍♀️ // Santosh Sagar at Nepeansea Road is my go-to for masala pav and pav bhaji! What’s yours? ❤️ #TheUnclichéd #ThatFayLife #PavBhaji #StreetEats #FoodGasm #StreetEats #FoodGasm #TheUnclichéd #ThatFayLife #PavBhaji Rama Krishna Restaurant",578,8,False,1534836120,3524476874,0
63,1854787807638675647,Bm9h68YB2C_,39364491_314794352431234_2370010872882921472_n.jpg,C:\Coding\projects\pavbhaji_model\machinelearningchallenge\dataset\dataset\images\1\39364491_314794352431234_2370010872882921472_n.jpg,1,"Pav Bhaji💕
.
.
.
.
#pavbhaji #pavbhaji😋 #pavbhajifondue #foodpics #foodcoma #foodlove #foods #foodlover #foodswag #dinner #dinnerideas #dinner_time #dinner😋 #dinner_time #foody #snacks",,,#foodlove #foodlover #foods #pavbhajifondue #dinner #foodcoma #pavbhaji #foody #dinner_time #dinnerideas #foodpics #snacks #foodswag,,"Pav Bhaji💕
.
.
.
.
#pavbhaji #pavbhaji😋 #pavbhajifondue #foodpics #foodcoma #foodlove #foods #foodlover #foodswag #dinner #dinnerideas #dinner_time #dinner😋 #dinner_time #foody #snacks #foodlove #foodlover #foods #pavbhajifondue #dinner #foodcoma #pavbhaji #foody #dinner_time #dinnerideas #foodpics #snacks #foodswag",18,2,False,1535327958,8473145331,0
296,1852379085819211011,Bm0-PbXne0D,39336102_1917296811659994_7896219064392770219_n.jpg,C:\Coding\projects\pavbhaji_model\machinelearningchallenge\dataset\dataset\images\0\39336102_1917296811659994_7896219064392770219_n.jpg,0,"I like how the centre of my dahi kebab looks oozy in this photo 😍
Dahi ke kebab
Taste mei best 👌
Follow @dilliciousfoodie 
@dilliciousfoodie 
@dilliciousfoodie 
@dilliciousfoodie 
@dilliciousfoodie 
@dilliciousfoodie .
.
.
➖➖➖➖
.
.
#dillifoodjunkie #foodforlife #pasta #food #pavbhaji #chicken #butterchicken #indianfood #india #tasty #foodgasm #yummyinmytummy #foodphotography #streetfood #lifestyle #snacks #yummy #yum #likeforlike #sodelhi @sodelhi #sodelhi #bhaji #delhifoodblogger #mumbaifoodblogger #f52grams #spicy #starbucks #dahikebab #summers #streetfood #kebab",,,#foodphotography #bhaji #pasta #f52grams #indianfood #likeforlike #snacks #butterchicken #chicken #kebab #starbucks #summers #spicy #yum #india #dahikebab #yummy #dillifoodjunkie #mumbaifoodblogger #yummyinmytummy #delhifoodblogger #foodgasm #food #tasty #streetfood #pavbhaji #foodforlife #lifestyle #sodelhi,NSP Delhi,"I like how the centre of my dahi kebab looks oozy in this photo 😍
Dahi ke kebab
Taste mei best 👌
Follow @dilliciousfoodie 
@dilliciousfoodie 
@dilliciousfoodie 
@dilliciousfoodie 
@dilliciousfoodie 
@dilliciousfoodie .
.
.
➖➖➖➖
.
.
#dillifoodjunkie #foodforlife #pasta #food #pavbhaji #chicken #butterchicken #indianfood #india #tasty #foodgasm #yummyinmytummy #foodphotography #streetfood #lifestyle #snacks #yummy #yum #likeforlike #sodelhi @sodelhi #sodelhi #bhaji #delhifoodblogger #mumbaifoodblogger #f52grams #spicy #starbucks #dahikebab #summers #streetfood #kebab #foodphotography #bhaji #pasta #f52grams #indianfood #likeforlike #snacks #butterchicken #chicken #kebab #starbucks #summers #spicy #yum #india #dahikebab #yummy #dillifoodjunkie #mumbaifoodblogger #yummyinmytummy #delhifoodblogger #foodgasm #food #tasty #streetfood #pavbhaji #foodforlife #lifestyle #sodelhi NSP Delhi",70,2,False,1535040816,5689462323,0
446,1851300209193987671,BmxI7tNnS5X,38516039_546299795806828_545815576530911232_n.jpg,C:\Coding\projects\pavbhaji_model\machinelearningchallenge\dataset\dataset\images\1\38516039_546299795806828_545815576530911232_n.jpg,1,"Breakfast scenes in my plate ""Pavbhaji Masala"" .. in Maharashtrian style 🔥🍽
#swaad_ka_tadka .
.
Keep following @swaad_ka_tadka for more such yummy updates 😋
Follow @swaad_ka_tadka 
Follow @swaad_ka_tadka 
_______________________________

#breakfast #breakfastideas #foodpics #swaad_ka_tadka #myfavorites #maharashtrianstyle #mumbaifoodie #nagpurdiaries #lovefood #like4likes #liker #nomnom #pavbhaji #pavbhajilove #morningscenes #drooling #foodiest #foodforfoodies #followfoodies #food52grams #instapic #eater #photooftheday",,,#breakfastideas #mumbaifoodie #nagpurdiaries #morningscenes #drooling #maharashtrianstyle #instapic #foodpics #lovefood #photooftheday #myfavorites #liker #followfoodies #pavbhajilove #nomnom #eater #foodforfoodies #food52grams #like4likes #breakfast #foodiest #swaad_ka_tadka #pavbhaji,,"Breakfast scenes in my plate ""Pavbhaji Masala"" .. in Maharashtrian style 🔥🍽
#swaad_ka_tadka .
.
Keep following @swaad_ka_tadka for more such yummy updates 😋
Follow @swaad_ka_tadka 
Follow @swaad_ka_tadka 
_______________________________

#breakfast #breakfastideas #foodpics #swaad_ka_tadka #myfavorites #maharashtrianstyle #mumbaifoodie #nagpurdiaries #lovefood #like4likes #liker #nomnom #pavbhaji #pavbhajilove #morningscenes #drooling #foodiest #foodforfoodies #followfoodies #food52grams #instapic #eater #photooftheday #breakfastideas #mumbaifoodie #nagpurdiaries #morningscenes #drooling #maharashtrianstyle #instapic #foodpics #lovefood #photooftheday #myfavorites #liker #followfoodies #pavbhajilove #nomnom #eater #foodforfoodies #food52grams #like4likes #breakfast #foodiest #swaad_ka_tadka #pavbhaji",166,16,False,1534912204,8003874486,0
317,1852319467101232204,Bm0wr3HHBxM,39086359_2385074388386232_3210074130581815296_n.jpg,C:\Coding\projects\pavbhaji_model\machinelearningchallenge\dataset\dataset\images\1\39086359_2385074388386232_3210074130581815296_n.jpg,1,"Pavbhaji and pulao ♥
(Pav lane me thodi gadbad ho gai to bread k saath khana pada bt trust me bhaji ne jo charchand lagaya...😍 K kuch khayal hi nai aaya ♥ )
#pavbhaji
#mumbai
#pulao
#homemade
#mummykamagic
.
.
.
.
#tasty #yummy #likeforlike#likeforfollow #pizzaisbae #commentforcomment#commentforfollow #followforfollow #followforlike#followforlikes #foodporn #foodlover#foodie #foodlove #food#love #photography #camera#lens #capture #picturefood #foodcapture",,,#commentforcomment #mumbai #camera #followforlikes #foodie #picturefood #pulao #followforfollow #likeforlike #mummykamagic #foodlove #foodlover #foodcapture #foodporn #capture #followforlike #likeforfollow #lens #love #photography #yummy #commentforfollow #food #tasty #pavbhaji #homemade #pizzaisbae,Home Sweet Home,"Pavbhaji and pulao ♥
(Pav lane me thodi gadbad ho gai to bread k saath khana pada bt trust me bhaji ne jo charchand lagaya...😍 K kuch khayal hi nai aaya ♥ )
#pavbhaji
#mumbai
#pulao
#homemade
#mummykamagic
.
.
.
.
#tasty #yummy #likeforlike#likeforfollow #pizzaisbae #commentforcomment#commentforfollow #followforfollow #followforlike#followforlikes #foodporn #foodlover#foodie #foodlove #food#love #photography #camera#lens #capture #picturefood #foodcapture #commentforcomment #mumbai #camera #followforlikes #foodie #picturefood #pulao #followforfollow #likeforlike #mummykamagic #foodlove #foodlover #foodcapture #foodporn #capture #followforlike #likeforfollow #lens #love #photography #yummy #commentforfollow #food #tasty #pavbhaji #homemade #pizzaisbae Home Sweet Home",241,63,False,1535033709,5709128172,0
438,1851331267595851367,BmxP_qmn9Zn,39132183_1924760684211058_2198353962208329728_n.jpg,C:\Coding\projects\pavbhaji_model\machinelearningchallenge\dataset\dataset\images\0\39132183_1924760684211058_2198353962208329728_n.jpg,0,"Masala Dosa । मसाला डोसा । I love South Indian food. Do you?
.
.
.
.
.
.
.
.
.
.
.
.
#mumbaikar #delhigram #delhidiaries #delhi #mumbai #bangalore #samsungs8 #kerala #masalachai #chennai #delhi_igers #sodelhi #newdelhi #kolkatagram #samsunggalaxy #bangalorediaries #kolkatadiaries #masaladosa #mumbaidiaries #foodpic #idlisambhar #hyderabad #golgappa #vadapav #pavbhaji #kolkata",,,#hyderabad #vadapav #mumbai #newdelhi #kolkatadiaries #masalachai #mumbaidiaries #delhidiaries #golgappa #kolkatagram #kerala #masaladosa #chennai #foodpic #samsungs8 #idlisambhar #kolkata #bangalorediaries #delhigram #pavbhaji #bangalore #delhi #delhi_igers #samsunggalaxy #sodelhi #mumbaikar,"Delhi, India","Masala Dosa । मसाला डोसा । I love South Indian food. Do you?
.
.
.
.
.
.
.
.
.
.
.
.
#mumbaikar #delhigram #delhidiaries #delhi #mumbai #bangalore #samsungs8 #kerala #masalachai #chennai #delhi_igers #sodelhi #newdelhi #kolkatagram #samsunggalaxy #bangalorediaries #kolkatadiaries #masaladosa #mumbaidiaries #foodpic #idlisambhar #hyderabad #golgappa #vadapav #pavbhaji #kolkata #hyderabad #vadapav #mumbai #newdelhi #kolkatadiaries #masalachai #mumbaidiaries #delhidiaries #golgappa #kolkatagram #kerala #masaladosa #chennai #foodpic #samsungs8 #idlisambhar #kolkata #bangalorediaries #delhigram #pavbhaji #bangalore #delhi #delhi_igers #samsunggalaxy #sodelhi #mumbaikar Delhi, India",2267,18,False,1534915906,6046055157,0
37,1855098781114875975,Bm-ooM_nMBH,39779040_300201867452173_1883411367671627776_n.jpg,C:\Coding\projects\pavbhaji_model\machinelearningchallenge\dataset\dataset\images\1\39779040_300201867452173_1883411367671627776_n.jpg,1,"NEW ACHIJA, GHATKOPAR.
CHEESE PAV BHAJI!!!
The best pav bhaji you ever had, or you will ever have, is waiting for you to get your hands greasy with butter!!
Happy Burping!!
#foodtalkindia #foodpic #food #foodie #foodporn #foodlove #foodblogger #foodcritic #foodphotography #foodphotographer #hungryyoungman #thefoodpunch #trellatalep #indianfoodtales #mumbai#ghatkopar #newlyopened  #youvote_ipost #achija #newachija #pavbhaji #bestintown #cheesse #cheesepavbhaji #buttery #pav #onion",,,#foodphotography #foodblogger #mumbai #cheesepavbhaji #foodie #foodphotographer #hungryyoungman #bestintown #foodlove #newachija #pav #buttery #foodporn #foodcritic #cheesse #newlyopened #ghatkopar #achija #foodpic #thefoodpunch #indianfoodtales #trellatalep #food #youvote_ipost #pavbhaji #onion #foodtalkindia,Achija,"NEW ACHIJA, GHATKOPAR.
CHEESE PAV BHAJI!!!
The best pav bhaji you ever had, or you will ever have, is waiting for you to get your hands greasy with butter!!
Happy Burping!!
#foodtalkindia #foodpic #food #foodie #foodporn #foodlove #foodblogger #foodcritic #foodphotography #foodphotographer #hungryyoungman #thefoodpunch #trellatalep #indianfoodtales #mumbai#ghatkopar #newlyopened  #youvote_ipost #achija #newachija #pavbhaji #bestintown #cheesse #cheesepavbhaji #buttery #pav #onion #foodphotography #foodblogger #mumbai #cheesepavbhaji #foodie #foodphotographer #hungryyoungman #bestintown #foodlove #newachija #pav #buttery #foodporn #foodcritic #cheesse #newlyopened #ghatkopar #achija #foodpic #thefoodpunch #indianfoodtales #trellatalep #food #youvote_ipost #pavbhaji #onion #foodtalkindia Achija",125,2,False,1535365029,3024090498,0
111,1854199956003101628,Bm7cQk4HBu8,39178641_216471802555024_1163667091874643968_n.jpg,C:\Coding\projects\pavbhaji_model\machinelearningchallenge\dataset\dataset\images\0\39178641_216471802555024_1163667091874643968_n.jpg,0,"Mini Pancakes with Nutella .
.
.
.
.
@worldofwafflesmohali is serving these amazig small pancakes with Nutella spread over it generously. .
.
.
.
#shotononeplus#pavbhaji #dwarka#vforveggie#dillifoodies #saadidilli #mumbaifoodies#indianfoodie#hungrydilliwaali#delhifoodwalks #mumbaiigers#indianstreetfood #delhifoodguide #delhitimes #delhibloggers #delhistreetfood #mumbaistreetfood #indianfoodiye #mumbaifoodiye #foodiye #chaibreak #mintsauce #incredibleindia #teatime☕ #indian_photography #maggie #indianstreetfood #pancakes",,,#mumbaistreetfood #mumbaiigers #shotononeplus #indianfoodie #indianstreetfood #vforveggie #saadidilli #mintsauce #pancakes #mumbaifoodies #chaibreak #foodiye #maggie #delhibloggers #delhifoodwalks #dillifoodies #hungrydilliwaali #☕ #delhitimes #mumbaifoodiye #dwarka #delhistreetfood #incredibleindia #indian_photography #pavbhaji #indianfoodiye #delhifoodguide,"World of waffles , Mohali","Mini Pancakes with Nutella .
.
.
.
.
@worldofwafflesmohali is serving these amazig small pancakes with Nutella spread over it generously. .
.
.
.
#shotononeplus#pavbhaji #dwarka#vforveggie#dillifoodies #saadidilli #mumbaifoodies#indianfoodie#hungrydilliwaali#delhifoodwalks #mumbaiigers#indianstreetfood #delhifoodguide #delhitimes #delhibloggers #delhistreetfood #mumbaistreetfood #indianfoodiye #mumbaifoodiye #foodiye #chaibreak #mintsauce #incredibleindia #teatime☕ #indian_photography #maggie #indianstreetfood #pancakes #mumbaistreetfood #mumbaiigers #shotononeplus #indianfoodie #indianstreetfood #vforveggie #saadidilli #mintsauce #pancakes #mumbaifoodies #chaibreak #foodiye #maggie #delhibloggers #delhifoodwalks #dillifoodies #hungrydilliwaali #☕ #delhitimes #mumbaifoodiye #dwarka #delhistreetfood #incredibleindia #indian_photography #pavbhaji #indianfoodiye #delhifoodguide World of waffles , Mohali",367,16,False,1535257881,4085064959,0
364,1851965077941288700,BmzgG0fHn78,39356482_280636395862390_165301119285723136_n.jpg,C:\Coding\projects\pavbhaji_model\machinelearningchallenge\dataset\dataset\images\1\39356482_280636395862390_165301119285723136_n.jpg,1,"Cannon Pav bhaji

#cannonpavbhaji #cst #vt #wheretoeat #bhukkad #foodbrothers #tflers #foodie #foodgasm #foodporn #pavbhaji #bawbhaji",,,#bhukkad #tflers #vt #cst #foodbrothers #foodie #pavbhaji #foodporn #bawbhaji #cannonpavbhaji #foodgasm #wheretoeat,CST,"Cannon Pav bhaji

#cannonpavbhaji #cst #vt #wheretoeat #bhukkad #foodbrothers #tflers #foodie #foodgasm #foodporn #pavbhaji #bawbhaji #bhukkad #tflers #vt #cst #foodbrothers #foodie #pavbhaji #foodporn #bawbhaji #cannonpavbhaji #foodgasm #wheretoeat CST",14,1,False,1534991462,4754327335,0
56,1854924888676968225,Bm-BFvCnych,39107267_462512577585448_8650233832596832256_n.jpg,C:\Coding\projects\pavbhaji_model\machinelearningchallenge\dataset\dataset\images\0\39107267_462512577585448_8650233832596832256_n.jpg,0,"You love Pav Bhaji? 😋❤️😍🤩 How about a Pav Bhaji Platter - which offers you a taste of 3 different Bhaji! Regular one on left, dark Bhaji (activated charcoal) and palak paneer Bhaji on your right!

Tried this fabulous platter @timesssquare located at Link Road Borivali West, next to Eskay Resort! New Place Alert! Head today to this amazing
place, serves Indian, Continental, Chinese, Fusion Food Street Food and Mexican Food! You name it and this place has it!
.
.
.
.
.
.
.
.
.
.
.
#pavbhaji #streetstyle #streetsofmumbai #streetfoodstyle #platter #streetofindia #indianfood #indianstreetfood #pavbhajiplatter #mumbaistreetfood #timesssquare #indianfoodbloggers
#foodblogger #foodphotography #foodfood #foodofmumbai #foodiesofinstagram #mumbaifood #thingstodoinmumbai #eatingfortheinsta #mumbaifoodies #mumbaifoodicious #streetfoodstyle #streetstyle #foodgasm
#foodporn #trending #trellingmumbai #trellingfood #jatinshah",,,#mumbaistreetfood #foodofmumbai #jatinshah #foodphotography #foodblogger #indianstreetfood #indianfoodbloggers #indianfood #mumbaifoodies #eatingfortheinsta #thingstodoinmumbai #streetfoodstyle #streetofindia #timesssquare #foodporn #streetstyle #foodiesofinstagram #pavbhajiplatter #streetsofmumbai #platter #trellingmumbai #mumbaifoodicious #trending #mumbaifood #pavbhaji #foodfood #trellingfood #foodgasm,Timess Square,"You love Pav Bhaji? 😋❤️😍🤩 How about a Pav Bhaji Platter - which offers you a taste of 3 different Bhaji! Regular one on left, dark Bhaji (activated charcoal) and palak paneer Bhaji on your right!

Tried this fabulous platter @timesssquare located at Link Road Borivali West, next to Eskay Resort! New Place Alert! Head today to this amazing
place, serves Indian, Continental, Chinese, Fusion Food Street Food and Mexican Food! You name it and this place has it!
.
.
.
.
.
.
.
.
.
.
.
#pavbhaji #streetstyle #streetsofmumbai #streetfoodstyle #platter #streetofindia #indianfood #indianstreetfood #pavbhajiplatter #mumbaistreetfood #timesssquare #indianfoodbloggers
#foodblogger #foodphotography #foodfood #foodofmumbai #foodiesofinstagram #mumbaifood #thingstodoinmumbai #eatingfortheinsta #mumbaifoodies #mumbaifoodicious #streetfoodstyle #streetstyle #foodgasm
#foodporn #trending #trellingmumbai #trellingfood #jatinshah #mumbaistreetfood #foodofmumbai #jatinshah #foodphotography #foodblogger #indianstreetfood #indianfoodbloggers #indianfood #mumbaifoodies #eatingfortheinsta #thingstodoinmumbai #streetfoodstyle #streetofindia #timesssquare #foodporn #streetstyle #foodiesofinstagram #pavbhajiplatter #streetsofmumbai #platter #trellingmumbai #mumbaifoodicious #trending #mumbaifood #pavbhaji #foodfood #trellingfood #foodgasm Timess Square",600,12,False,1535344299,239059349,0
264,1852790133129349852,Bm2bs9Ahgrc,38842837_1136073043213942_2975417531507933184_n.jpg,C:\Coding\projects\pavbhaji_model\machinelearningchallenge\dataset\dataset\images\1\38842837_1136073043213942_2975417531507933184_n.jpg,1,"Pav Bhaji morning 😋🤩
Best booster for Friday! Crispy Puffy Buns with hot thick Bhaji and some salad. You can't beat the satisfaction it gives to the soul.
Where: Malviya Nagar, Market
Price: 70
.
#wanderersofdelhi
For more delicious food posts follow @wanderersofdelhi
@wanderersofdelhi 
@wanderersofdelhi 
@wanderersofdelhi 👐 .
.
#streetfood #pavbhaji #indianfood #delhifood #ifoundawesome #delhistreetfood #foodblogger #delhifoodie #platter #delhifoodblogger #foodporn #foodgasm #foodlover #sodelhi #heydelhi #foodpics #foodlove #likeforlikes #followformore #followme #eeeeeats #instafood #yummyfood #like4like #delish #foodphotography #instafoodie #picoftheday #nomnomnomm",,,#wanderersofdelhi #foodphotography #foodblogger #delhifoodie #instafoodie #followme #followformore #foodpics #indianfood #delish #foodlove #foodlover #instafood #foodporn #platter #delhifood #ifoundawesome #yummyfood #eeeeeats #nomnomnomm #picoftheday #delhifoodblogger #foodgasm #delhistreetfood #heydelhi #streetfood #pavbhaji #likeforlikes #sodelhi #like4like,Malviya Nagar,"Pav Bhaji morning 😋🤩
Best booster for Friday! Crispy Puffy Buns with hot thick Bhaji and some salad. You can't beat the satisfaction it gives to the soul.
Where: Malviya Nagar, Market
Price: 70
.
#wanderersofdelhi
For more delicious food posts follow @wanderersofdelhi
@wanderersofdelhi 
@wanderersofdelhi 
@wanderersofdelhi 👐 .
.
#streetfood #pavbhaji #indianfood #delhifood #ifoundawesome #delhistreetfood #foodblogger #delhifoodie #platter #delhifoodblogger #foodporn #foodgasm #foodlover #sodelhi #heydelhi #foodpics #foodlove #likeforlikes #followformore #followme #eeeeeats #instafood #yummyfood #like4like #delish #foodphotography #instafoodie #picoftheday #nomnomnomm #wanderersofdelhi #foodphotography #foodblogger #delhifoodie #instafoodie #followme #followformore #foodpics #indianfood #delish #foodlove #foodlover #instafood #foodporn #platter #delhifood #ifoundawesome #yummyfood #eeeeeats #nomnomnomm #picoftheday #delhifoodblogger #foodgasm #delhistreetfood #heydelhi #streetfood #pavbhaji #likeforlikes #sodelhi #like4like Malviya Nagar",1726,5,False,1535089817,4150557186,0
351,1852051309467731242,Bmzztp2nwUq,39391289_303488747124681_4191420685374980096_n.jpg,C:\Coding\projects\pavbhaji_model\machinelearningchallenge\dataset\dataset\images\0\39391289_303488747124681_4191420685374980096_n.jpg,0,"@socialoffline ja kar yeh na khaya toh kya khaya.
.
.
.
One of the most diverse breakfast menu option is available at @socialoffline. There’s something for everyone and that’s the best thing about the menu.
Though i thought there English breakfast needs improvement but this alloo puri was a delight.
.
.
.
#shotononeplus#pavbhaji #dwarka#vforveggie#dillifoodies #saadidilli #mumbaifoodies#indianfoodie#hungrydilliwaali#delhifoodwalks #mumbaiigers#indianstreetfood #delhifoodguide #delhitimes #delhibloggers #delhistreetfood #mumbaistreetfood #indianfoodiye #mumbaifoodiye #foodiye #chaibreak #mintsauce #incredibleindia #teatime☕ #indian_photography #maggie #indianstreetfood #bhukkadintown",,,#mumbaistreetfood #mumbaiigers #shotononeplus #indianfoodie #indianstreetfood #vforveggie #saadidilli #mintsauce #mumbaifoodies #chaibreak #foodiye #maggie #delhibloggers #delhifoodwalks #dillifoodies #hungrydilliwaali #bhukkadintown #☕ #delhitimes #mumbaifoodiye #dwarka #delhistreetfood #incredibleindia #indian_photography #pavbhaji #indianfoodiye #delhifoodguide,Sector 7 Social,"@socialoffline ja kar yeh na khaya toh kya khaya.
.
.
.
One of the most diverse breakfast menu option is available at @socialoffline. There’s something for everyone and that’s the best thing about the menu.
Though i thought there English breakfast needs improvement but this alloo puri was a delight.
.
.
.
#shotononeplus#pavbhaji #dwarka#vforveggie#dillifoodies #saadidilli #mumbaifoodies#indianfoodie#hungrydilliwaali#delhifoodwalks #mumbaiigers#indianstreetfood #delhifoodguide #delhitimes #delhibloggers #delhistreetfood #mumbaistreetfood #indianfoodiye #mumbaifoodiye #foodiye #chaibreak #mintsauce #incredibleindia #teatime☕ #indian_photography #maggie #indianstreetfood #bhukkadintown #mumbaistreetfood #mumbaiigers #shotononeplus #indianfoodie #indianstreetfood #vforveggie #saadidilli #mintsauce #mumbaifoodies #chaibreak #foodiye #maggie #delhibloggers #delhifoodwalks #dillifoodies #hungrydilliwaali #bhukkadintown #☕ #delhitimes #mumbaifoodiye #dwarka #delhistreetfood #incredibleindia #indian_photography #pavbhaji #indianfoodiye #delhifoodguide Sector 7 Social",148,8,False,1535001742,4085064959,0
52,1854988384784060155,Bm-PhuZh477,39820341_264112294426689_1940250256197287936_n.jpg,C:\Coding\projects\pavbhaji_model\machinelearningchallenge\dataset\dataset\images\0\39820341_264112294426689_1940250256197287936_n.jpg,0,"Love chatpata chaat? What’s your go-to snack? Tell us in the comments. 
Enjoy lip-smacking snacks at 40% off only @growels101 every #Tuesday! #Thoosday #Discount #Foodie #Chaat #PavBhaji #VadaPav #Samosa #PaniPuri #Snacks",,,#Snacks #Samosa #PaniPuri #Discount #VadaPav #Thoosday #Foodie #Tuesday #Chaat #PavBhaji,,"Love chatpata chaat? What’s your go-to snack? Tell us in the comments. 
Enjoy lip-smacking snacks at 40% off only @growels101 every #Tuesday! #Thoosday #Discount #Foodie #Chaat #PavBhaji #VadaPav #Samosa #PaniPuri #Snacks #Snacks #Samosa #PaniPuri #Discount #VadaPav #Thoosday #Foodie #Tuesday #Chaat #PavBhaji",30,0,False,1535351869,2313878293,0
301,1852362339480161165,Bm06bvIBsuN,39009777_287003025458496_5868755192857493504_n.jpg,C:\Coding\projects\pavbhaji_model\machinelearningchallenge\dataset\dataset\images\0\39009777_287003025458496_5868755192857493504_n.jpg,0,"Street food at home? woh bhi pav bhaji!  yummm 😋
Home cooked pav bhaji for dinner!
#homecookedmeal #pavbhaji #indianfood #mumbaipavbhaji #streetfoodathome #vegetarian #foodie #foodgram #foodblogger #yummy #loveforstreetfood #loveindianfood 
Recipe in blog
Www.b2dplate.com",,,#homecookedmeal #foodgram #streetfoodathome #loveforstreetfood #foodblogger #foodie #vegetarian #pavbhaji #mumbaipavbhaji #indianfood #yummy #loveindianfood,,"Street food at home? woh bhi pav bhaji!  yummm 😋
Home cooked pav bhaji for dinner!
#homecookedmeal #pavbhaji #indianfood #mumbaipavbhaji #streetfoodathome #vegetarian #foodie #foodgram #foodblogger #yummy #loveforstreetfood #loveindianfood 
Recipe in blog
Www.b2dplate.com #homecookedmeal #foodgram #streetfoodathome #loveforstreetfood #foodblogger #foodie #vegetarian #pavbhaji #mumbaipavbhaji #indianfood #yummy #loveindianfood",30,2,False,1535038820,8258952626,0
118,1854117998145316042,Bm7Jn7rHCTK,39850979_339540150116512_8800745184754139136_n.jpg,C:\Coding\projects\pavbhaji_model\machinelearningchallenge\dataset\dataset\images\1\39850979_339540150116512_8800745184754139136_n.jpg,1,"Indian chaat extravaganza: pav bhaji, pani puri and samosa chaat",,,,Honest Schaumburg,"Indian chaat extravaganza: pav bhaji, pani puri and samosa chaat Honest Schaumburg",84,4,False,1535248111,5370964337,0
415,1851403739682731221,BmxgeRfnnTV,39040771_843894492467427_2244683473782571008_n.jpg,C:\Coding\projects\pavbhaji_model\machinelearningchallenge\dataset\dataset\images\1\39040771_843894492467427_2244683473782571008_n.jpg,1,"Amul Pavbhaji 😋
.
.
.
Follow @thefoodieengineers .
.
Rating 3.5/5
.
.
.
@pune_food_blogger
@punefoodhunt
@pune__shoutout
#pavbhaji #indianfood #mumbai #foodporn #delhi #food #foodie #yummy #foodphotography #like #mumbaifoodie #india #tasty #streetfood #marathi #pune #foodgasm #foodlover #dost #sodelhi #inspiration #lovestory #delhifoodblogger #pyaar #mumbaikars #bandra #bandstand #dharavi #navimumbaikar",,,#foodphotography #mumbai #foodie #mumbaifoodie #indianfood #foodlover #mumbaikars #lovestory #bandstand #foodporn #like #pune #india #pyaar #bandra #inspiration #yummy #dost #delhifoodblogger #foodgasm #food #tasty #navimumbaikar #streetfood #pavbhaji #delhi #dharavi #sodelhi #marathi,Gangadham,"Amul Pavbhaji 😋
.
.
.
Follow @thefoodieengineers .
.
Rating 3.5/5
.
.
.
@pune_food_blogger
@punefoodhunt
@pune__shoutout
#pavbhaji #indianfood #mumbai #foodporn #delhi #food #foodie #yummy #foodphotography #like #mumbaifoodie #india #tasty #streetfood #marathi #pune #foodgasm #foodlover #dost #sodelhi #inspiration #lovestory #delhifoodblogger #pyaar #mumbaikars #bandra #bandstand #dharavi #navimumbaikar #foodphotography #mumbai #foodie #mumbaifoodie #indianfood #foodlover #mumbaikars #lovestory #bandstand #foodporn #like #pune #india #pyaar #bandra #inspiration #yummy #dost #delhifoodblogger #foodgasm #food #tasty #navimumbaikar #streetfood #pavbhaji #delhi #dharavi #sodelhi #marathi Gangadham",105,2,False,1534924546,8451312966,0
219,1853081655118217501,Bm3d_KBHUEd,39092993_336371350439907_659244138104881152_n.jpg,C:\Coding\projects\pavbhaji_model\machinelearningchallenge\dataset\dataset\images\0\39092993_336371350439907_659244138104881152_n.jpg,0,"Its 9:01pm.
Pav bhaji had been my love since ever ⭐️
#living247
#northindian #buzzfeedfood #feedfeed #huffposttaste
#foodprnshare#f52gram #foodphotography #foodstagram #eatfayymous #goodenergy #hytappyutummy #foodie #picoftheday #foodporn #hufflepuffpride #tagsforlikyes #eatingfortheinsta #nomnom #instagood #foodblogger #likeme #vscofood #food #goodnight #pavbhaji 😁",,,#foodphotography #foodblogger #foodie #eatfayymous #hufflepuffpride #eatingfortheinsta #living247 #foodporn #goodenergy #hytappyutummy #northindian #likeme #nomnom #f52gram #foodstagram #instagood #picoftheday #goodnight #foodprnshare #tagsforlikyes #food #buzzfeedfood #feedfeed #pavbhaji #huffposttaste #vscofood,New Delhi,"Its 9:01pm.
Pav bhaji had been my love since ever ⭐️
#living247
#northindian #buzzfeedfood #feedfeed #huffposttaste
#foodprnshare#f52gram #foodphotography #foodstagram #eatfayymous #goodenergy #hytappyutummy #foodie #picoftheday #foodporn #hufflepuffpride #tagsforlikyes #eatingfortheinsta #nomnom #instagood #foodblogger #likeme #vscofood #food #goodnight #pavbhaji 😁 #foodphotography #foodblogger #foodie #eatfayymous #hufflepuffpride #eatingfortheinsta #living247 #foodporn #goodenergy #hytappyutummy #northindian #likeme #nomnom #f52gram #foodstagram #instagood #picoftheday #goodnight #foodprnshare #tagsforlikyes #food #buzzfeedfood #feedfeed #pavbhaji #huffposttaste #vscofood New Delhi",141,5,False,1535124569,3460651044,0
205,1853154157521636004,Bm3ueNJHYqk,39990138_976055739232702_4652132193605255168_n.jpg,C:\Coding\projects\pavbhaji_model\machinelearningchallenge\dataset\dataset\images\0\39990138_976055739232702_4652132193605255168_n.jpg,0,Dhyan rakhna #pavbhaji #food #foodporn #delhi #mumbai #delicious #india #officediaries #bhukkadbybirth #sukhmanisakhi #malviyanagar #nepal #kolkatadiaries #kolkata #newdelhi #zingyzest #dillifoodies #jani #mnsquad #mumbiker #loveisland #amritsar #pavbhajj #bombay #igers #mumbaidiaries #jalebi #desifood #golgappa #indianfood,,,#loveisland #mumbai #newdelhi #kolkatadiaries #delicious #indianfood #officediaries #mumbaidiaries #golgappa #sukhmanisakhi #foodporn #zingyzest #desifood #bhukkadbybirth #dillifoodies #india #nepal #malviyanagar #jani #kolkata #bombay #mnsquad #jalebi #food #pavbhaji #mumbiker #pavbhajj #delhi #igers #amritsar,Dhyan,Dhyan rakhna #pavbhaji #food #foodporn #delhi #mumbai #delicious #india #officediaries #bhukkadbybirth #sukhmanisakhi #malviyanagar #nepal #kolkatadiaries #kolkata #newdelhi #zingyzest #dillifoodies #jani #mnsquad #mumbiker #loveisland #amritsar #pavbhajj #bombay #igers #mumbaidiaries #jalebi #desifood #golgappa #indianfood #loveisland #mumbai #newdelhi #kolkatadiaries #delicious #indianfood #officediaries #mumbaidiaries #golgappa #sukhmanisakhi #foodporn #zingyzest #desifood #bhukkadbybirth #dillifoodies #india #nepal #malviyanagar #jani #kolkata #bombay #mnsquad #jalebi #food #pavbhaji #mumbiker #pavbhajj #delhi #igers #amritsar Dhyan,13,1,False,1535133212,5678881880,0
185,1853512855237560410,Bm5AB8bDgha,39368900_402879740242646_7762668348273328128_n.jpg,C:\Coding\projects\pavbhaji_model\machinelearningchallenge\dataset\dataset\images\1\39368900_402879740242646_7762668348273328128_n.jpg,1,Pav bhaji kinda Saturday.👅 #likeforfollow #likeforlikes #like4likes #followforfollowback #follow4followback #pavbhaji #pav #bhaji #onionrings #onions #greenchutney #yummyfood #lovely #instagram #instagaming #foodporn #foodie #foodgasm #india,,,#likeforfollow #greenchutney #instagaming #bhaji #follow4followback #followforfollowback #onions #instagram #foodgasm #onionrings #foodie #india #pavbhaji #lovely #pav #yummyfood #foodporn #likeforlikes #like4likes,,Pav bhaji kinda Saturday.👅 #likeforfollow #likeforlikes #like4likes #followforfollowback #follow4followback #pavbhaji #pav #bhaji #onionrings #onions #greenchutney #yummyfood #lovely #instagram #instagaming #foodporn #foodie #foodgasm #india #likeforfollow #greenchutney #instagaming #bhaji #follow4followback #followforfollowback #onions #instagram #foodgasm #onionrings #foodie #india #pavbhaji #lovely #pav #yummyfood #foodporn #likeforlikes #like4likes,42,2,False,1535175972,3108672602,0
148,1853769720723842112,Bm56b1DHqRA,40213194_2204069856494384_5825975570537644032_n.jpg,C:\Coding\projects\pavbhaji_model\machinelearningchallenge\dataset\dataset\images\0\40213194_2204069856494384_5825975570537644032_n.jpg,0,#hyderabad #foodie#food#tikka#indian#india#asia#foodiehyd##foodlove#foodporn#foodlove#foodphotography #foodpics #hyd #hyderabad #hyderabadi #tasty#tastyfood #tastyfoods #tastyhyd# #salads#healthy#healthylifestyle #pizza #pavbhaji#pavbhajipizza#cheesy#,,,#hyderabad #foodphotography #foodie #healthy #hyd #foodpics #cheesy #foodlove #foodiehyd #salads #foodporn #tikka #indian #tastyfoods #india #hyderabadi #tastyhyd #pavbhajipizza #pizza #tastyfood #food #tasty #asia #pavbhaji #healthylifestyle,,#hyderabad #foodie#food#tikka#indian#india#asia#foodiehyd##foodlove#foodporn#foodlove#foodphotography #foodpics #hyd #hyderabad #hyderabadi #tasty#tastyfood #tastyfoods #tastyhyd# #salads#healthy#healthylifestyle #pizza #pavbhaji#pavbhajipizza#cheesy# #hyderabad #foodphotography #foodie #healthy #hyd #foodpics #cheesy #foodlove #foodiehyd #salads #foodporn #tikka #indian #tastyfoods #india #hyderabadi #tastyhyd #pavbhajipizza #pizza #tastyfood #food #tasty #asia #pavbhaji #healthylifestyle,24,0,False,1535206593,7604542649,0
463,1851003097256373814,BmwFYKKHS42,39040774_228179611197785_3337270171168407552_n.jpg,C:\Coding\projects\pavbhaji_model\machinelearningchallenge\dataset\dataset\images\0\39040774_228179611197785_3337270171168407552_n.jpg,0,"@yummy_bites_cbe 
#yummy #yummy😋 #yummyfood #samosa #vadapav #dabeli #pavbhaji #pavbhaji😋 #manchurian #cabbagemanchurian #gobimanchurian #northindian #northindiantest #panipuri #panipurilovers #bhelpuri #bhel #dahipuri #masalapuri #grillsandwich #vegsandwich #sandwich #fresh #spicy #yummybites 
Address:- shop no.2 corporation building,
near ganesh temple,
opp corporation office,
Ramchandra road,
R.S puram Coimbtore.",,,#vadapav #panipurilovers #panipuri #northindiantest #dabeli #bhel #manchurian #spicy #northindian #fresh #cabbagemanchurian #gobimanchurian #sandwich #bhelpuri #masalapuri #yummyfood #samosa #yummy #grillsandwich #dahipuri #vegsandwich #pavbhaji #yummybites,Yummy Bites CBE,"@yummy_bites_cbe 
#yummy #yummy😋 #yummyfood #samosa #vadapav #dabeli #pavbhaji #pavbhaji😋 #manchurian #cabbagemanchurian #gobimanchurian #northindian #northindiantest #panipuri #panipurilovers #bhelpuri #bhel #dahipuri #masalapuri #grillsandwich #vegsandwich #sandwich #fresh #spicy #yummybites 
Address:- shop no.2 corporation building,
near ganesh temple,
opp corporation office,
Ramchandra road,
R.S puram Coimbtore. #vadapav #panipurilovers #panipuri #northindiantest #dabeli #bhel #manchurian #spicy #northindian #fresh #cabbagemanchurian #gobimanchurian #sandwich #bhelpuri #masalapuri #yummyfood #samosa #yummy #grillsandwich #dahipuri #vegsandwich #pavbhaji #yummybites Yummy Bites CBE",61,1,False,1534876785,8121249365,0
365,1851909183847790580,BmzTZdDh_f0,38618427_2227520140864849_2036571121217699840_n.jpg,C:\Coding\projects\pavbhaji_model\machinelearningchallenge\dataset\dataset\images\0\38618427_2227520140864849_2036571121217699840_n.jpg,0,GOOD FOOD  Is GOOD MOOD❤️ #indianfood #pavbhaji #foodporn #foodie,,,#pavbhaji #indianfood #foodie #foodporn,,GOOD FOOD  Is GOOD MOOD❤️ #indianfood #pavbhaji #foodporn #foodie #pavbhaji #indianfood #foodie #foodporn,99,1,False,1534984799,1600075404,0
233,1853033174054980018,Bm3S9qgj8my,39386882_459308197911710_3125957024290963456_n.jpg,C:\Coding\projects\pavbhaji_model\machinelearningchallenge\dataset\dataset\images\1\39386882_459308197911710_3125957024290963456_n.jpg,1,"#MonsoonCraving

Are you travelling on #Pune - #Ahmednagar highway?
Take a break at Smile Stone to enjoy garama garam...tasty...delicious Pav Bhaji and celebrate your monsoon journey!

#SmileStone #Pune #Ahmednagar #Highway #Restaurant #monsoon #menu #PavBhaji #journey #happiness #food #lunch #dinner #travel #love #taste #leisure #fun #garden #shopping #Aurangabad #Shirdi #Ajanta #Ellora #Maharashtra #India",,,#fun #happiness #leisure #lunch #India #MonsoonCraving #travel #Pune #Highway #journey #taste #garden #Shirdi #love #monsoon #menu #Aurangabad #Ajanta #Maharashtra #Restaurant #food #dinner #shopping #SmileStone #Ellora #Ahmednagar #PavBhaji,,"#MonsoonCraving

Are you travelling on #Pune - #Ahmednagar highway?
Take a break at Smile Stone to enjoy garama garam...tasty...delicious Pav Bhaji and celebrate your monsoon journey!

#SmileStone #Pune #Ahmednagar #Highway #Restaurant #monsoon #menu #PavBhaji #journey #happiness #food #lunch #dinner #travel #love #taste #leisure #fun #garden #shopping #Aurangabad #Shirdi #Ajanta #Ellora #Maharashtra #India #fun #happiness #leisure #lunch #India #MonsoonCraving #travel #Pune #Highway #journey #taste #garden #Shirdi #love #monsoon #menu #Aurangabad #Ajanta #Maharashtra #Restaurant #food #dinner #shopping #SmileStone #Ellora #Ahmednagar #PavBhaji",14,0,False,1535118789,7167254097,0
471,1850946131342025684,Bmv4bMhBmPU,38847394_301419730409413_2644929350087999488_n.jpg,C:\Coding\projects\pavbhaji_model\machinelearningchallenge\dataset\dataset\images\1\38847394_301419730409413_2644929350087999488_n.jpg,1,"Homemade Pav Bhaji is the best for a Sunday!  Added with extra butter and  some lemon...It totally makes my day !
Ingredients:-
1) Potatoes - 2
2) Cauliflower - half
3) Carrot - half 
4) Chopped Onion and Capsicum - according to ur taste
5) Chopped Tomatoes - 3
6) Grated garlic - 10
7) Green Peas 
8) Pav Bhaji Masala , Salt to taste , Kashmiri red chilli powder - All 2-3 tsp.
. :Steps and Procedure :-
1. Boil the veggies in a pressure cooker for 2 whistles on medium flame and keep the water left after the boiling in separate container. 
2. Mash all the veggies. Now heat a pan and add some butter n oil to it. Then add green chilli , ginger,garlic and fry it for a minute on medium flame.

3. Then add onions to the mixture and fry till soft and turning yellow. Stir nicely.

4. Add Chopped Capsicum and green peas . Mix it and fry for again a min after which u can add the tomatoes and stir it carefully.

5. Add some salt to taste and fry for 3-4 mins . After this , add kashmiri red chilli powder and pavbhaji masala to it .

6. Cover the pan and let it simmer for 30 - 40 sec so that all masalas get roasted well . At this point , add mashed veggies and mix well. 
KEEP MASHING THE BHAJI FOR THAT RICH FLAVOUR 
7. Now add some water which u kept separately and stir for sometime. Again add very less salt. 
8. Now  stir the mixture and cover the pan to let it simmer for 2-3 mins. It's Ready!........Add some butter and coriander leaves for the extra delicious flavour.
Don't Forget to add lemon too!! 9. Toast the pavs with butter and SERVE HOT with some chopped onions!! Thank me later 😂
.
.
.

#pavbhaji #homemade #foodie #foodporn #yumza  #tasty #zayka #swaad #foodforlife #foodforever #thinkfood #foodforthought #foodcoma #foodstagram  #best #monsoon #rains #enjoy #homefood #indianfood  #spicy #bliss #loveforfood #follow  #💜 #glassofwineforme",,,#yumza #homemade #rains #foodie #foodcoma #zayka #thinkfood #swaad #indianfood #loveforfood #follow #spicy #glassofwineforme #foodporn #homefood #foodforever #foodforthought #monsoon #bliss #foodstagram #enjoy #tasty #pavbhaji #foodforlife #best,,"Homemade Pav Bhaji is the best for a Sunday!  Added with extra butter and  some lemon...It totally makes my day !
Ingredients:-
1) Potatoes - 2
2) Cauliflower - half
3) Carrot - half 
4) Chopped Onion and Capsicum - according to ur taste
5) Chopped Tomatoes - 3
6) Grated garlic - 10
7) Green Peas 
8) Pav Bhaji Masala , Salt to taste , Kashmiri red chilli powder - All 2-3 tsp.
. :Steps and Procedure :-
1. Boil the veggies in a pressure cooker for 2 whistles on medium flame and keep the water left after the boiling in separate container. 
2. Mash all the veggies. Now heat a pan and add some butter n oil to it. Then add green chilli , ginger,garlic and fry it for a minute on medium flame.

3. Then add onions to the mixture and fry till soft and turning yellow. Stir nicely.

4. Add Chopped Capsicum and green peas . Mix it and fry for again a min after which u can add the tomatoes and stir it carefully.

5. Add some salt to taste and fry for 3-4 mins . After this , add kashmiri red chilli powder and pavbhaji masala to it .

6. Cover the pan and let it simmer for 30 - 40 sec so that all masalas get roasted well . At this point , add mashed veggies and mix well. 
KEEP MASHING THE BHAJI FOR THAT RICH FLAVOUR 
7. Now add some water which u kept separately and stir for sometime. Again add very less salt. 
8. Now  stir the mixture and cover the pan to let it simmer for 2-3 mins. It's Ready!........Add some butter and coriander leaves for the extra delicious flavour.
Don't Forget to add lemon too!! 9. Toast the pavs with butter and SERVE HOT with some chopped onions!! Thank me later 😂
.
.
.

#pavbhaji #homemade #foodie #foodporn #yumza  #tasty #zayka #swaad #foodforlife #foodforever #thinkfood #foodforthought #foodcoma #foodstagram  #best #monsoon #rains #enjoy #homefood #indianfood  #spicy #bliss #loveforfood #follow  #💜 #glassofwineforme #yumza #homemade #rains #foodie #foodcoma #zayka #thinkfood #swaad #indianfood #loveforfood #follow #spicy #glassofwineforme #foodporn #homefood #foodforever #foodforthought #monsoon #bliss #foodstagram #enjoy #tasty #pavbhaji #foodforlife #best",21,3,False,1534869995,8150716968,0
230,1853040190797618073,Bm3UjxXA5uZ,39809477_925464760975925_8358097373316653940_n.jpg,C:\Coding\projects\pavbhaji_model\machinelearningchallenge\dataset\dataset\images\0\39809477_925464760975925_8358097373316653940_n.jpg,0,"Fasting but hungry ? Or want gluten-free chaat ? Come to Achija where our month long Shravanfestival has these yummy and farali items to titillate your tastebuds !!
In frame is FARALI PAV SANDWICH, FARALI SEVPURI, FARALI PAPDI CHAAT !
.Keep following @achijamulund For yummy updates and turn on your notifications!
. 📷 PC @geetasfoodielife .
.
.
#achija #achijamulund #pavsandwich #faralipavbhaji #fastfood #streetfood #shravan #shravanfoodfestival #faralifood #fastingfood #indianfood #somumbai #whatmumbaieats #rajgira #mumbaiatreetfood #farari #auspiciousmonth #tasty #foodfestival #shravanmonth #mumbaifoodie #pavbhaji #sevpuri #chaat #geetasfoodielife",,,#rajgira #mumbaifoodie #shravan #mumbaiatreetfood #faralipavbhaji #indianfood #faralifood #auspiciousmonth #foodfestival #fastingfood #farari #geetasfoodielife #pavsandwich #shravanmonth #fastfood #shravanfoodfestival #chaat #whatmumbaieats #achija #sevpuri #somumbai #tasty #streetfood #pavbhaji #achijamulund,Achija,"Fasting but hungry ? Or want gluten-free chaat ? Come to Achija where our month long Shravanfestival has these yummy and farali items to titillate your tastebuds !!
In frame is FARALI PAV SANDWICH, FARALI SEVPURI, FARALI PAPDI CHAAT !
.Keep following @achijamulund For yummy updates and turn on your notifications!
. 📷 PC @geetasfoodielife .
.
.
#achija #achijamulund #pavsandwich #faralipavbhaji #fastfood #streetfood #shravan #shravanfoodfestival #faralifood #fastingfood #indianfood #somumbai #whatmumbaieats #rajgira #mumbaiatreetfood #farari #auspiciousmonth #tasty #foodfestival #shravanmonth #mumbaifoodie #pavbhaji #sevpuri #chaat #geetasfoodielife #rajgira #mumbaifoodie #shravan #mumbaiatreetfood #faralipavbhaji #indianfood #faralifood #auspiciousmonth #foodfestival #fastingfood #farari #geetasfoodielife #pavsandwich #shravanmonth #fastfood #shravanfoodfestival #chaat #whatmumbaieats #achija #sevpuri #somumbai #tasty #streetfood #pavbhaji #achijamulund Achija",32,1,False,1535119626,8226336354,0
248,1852916853011914834,Bm24g-GHCBS,39371750_313929482697626_3971180736735608832_n.jpg,C:\Coding\projects\pavbhaji_model\machinelearningchallenge\dataset\dataset\images\1\39371750_313929482697626_3971180736735608832_n.jpg,1,"Pav Bhajii♥♥♥♥♥♥
.
Who Else loves pav bhajiii??
.
If you also love pav bhaji then do follow my page n like my posts....
.
For more drooling posts follow @foodiebacha_  @foodiebacha_ .
#foodiebacha#chefdebutant#loveforfood#foodstylingandphotography#foodblogger#bloggerlife#blogger#foodnetwork#pav#pavbhaji#lovebuttery#food52#foodphotography#passion#foodstar",,,#foodnetwork #foodstylingandphotography #foodphotography #loveforfood #foodblogger #lovebuttery #passion #blogger #foodstar #pavbhaji #bloggerlife #pav #chefdebutant #foodiebacha #food52,"Quila chowk, Patiala","Pav Bhajii♥♥♥♥♥♥
.
Who Else loves pav bhajiii??
.
If you also love pav bhaji then do follow my page n like my posts....
.
For more drooling posts follow @foodiebacha_  @foodiebacha_ .
#foodiebacha#chefdebutant#loveforfood#foodstylingandphotography#foodblogger#bloggerlife#blogger#foodnetwork#pav#pavbhaji#lovebuttery#food52#foodphotography#passion#foodstar #foodnetwork #foodstylingandphotography #foodphotography #loveforfood #foodblogger #lovebuttery #passion #blogger #foodstar #pavbhaji #bloggerlife #pav #chefdebutant #foodiebacha #food52 Quila chowk, Patiala",37,4,False,1535104923,8048182080,0
251,1852885908913640725,Bm2xerKH9UV,39850974_460321967811406_2435527729945247744_n.jpg,C:\Coding\projects\pavbhaji_model\machinelearningchallenge\dataset\dataset\images\0\39850974_460321967811406_2435527729945247744_n.jpg,0,"Have you ever tried this ‘Stuffed Cheese Calzone Pizza Parantha ‘ from @notjustparanthasindia 😍😍
Everyone loves pizza and this is something different to you as it looks like a parantha but it tastes like a pizza❤️ .
.
.
Follow @dilli_ki_teekhi_mirchi .
.
.
@zingyzest 
@saadidilli 
@thegreatindianfoodie 
@khaata_rahe_mera_dil 
@khau_gali_foodie 
@dillifoodjunkie 
@foodiebaniya 
@dilsefoodie 
@dillikabhukkad 
@whatdillieats 
@bhukkhadbybirth 
@delhifoodwalks 
@dillifoodies 
@thefood.vlogger 
@delhidelites 
@hungrydilliwaali 
@dilli_ke_pakwan 
@khane_pe_charchaaa 
@eatwith_pratik 
@eatreviewrepeat 
@_adatewithfood_ 
@tasteofgirl 
@saalafoodie 
@v_for_veggie 
@hunger_killer_ 
@getmemorefood 
@myhungerhikes
#iphonephotography #iphone #foodporn #foodgasm #foodtalkindia #nepal #westbengal #mumbaifoodie #delhifoodie #bengluru #sokolkata #delhifoodblogger #pavbhaji #indianfood #platter #delhieater #nomnom #nom #delhifoodies #waiwai #fries #pizza #parantha #icecream #chocolate #chocolatemilk #chocolatemilkshake #pizzapizza #pizzatime #pizzas",,,#westbengal #iphone #icecream #delhifoodie #sokolkata #mumbaifoodie #fries #waiwai #indianfood #pizzapizza #pizzatime #delhieater #foodporn #iphonephotography #platter #nomnom #nepal #bengluru #pizza #delhifoodies #nom #pizzas #delhifoodblogger #chocolatemilk #pavbhaji #parantha #chocolatemilkshake #foodtalkindia #foodgasm #chocolate,Not Just Paranthas,"Have you ever tried this ‘Stuffed Cheese Calzone Pizza Parantha ‘ from @notjustparanthasindia 😍😍
Everyone loves pizza and this is something different to you as it looks like a parantha but it tastes like a pizza❤️ .
.
.
Follow @dilli_ki_teekhi_mirchi .
.
.
@zingyzest 
@saadidilli 
@thegreatindianfoodie 
@khaata_rahe_mera_dil 
@khau_gali_foodie 
@dillifoodjunkie 
@foodiebaniya 
@dilsefoodie 
@dillikabhukkad 
@whatdillieats 
@bhukkhadbybirth 
@delhifoodwalks 
@dillifoodies 
@thefood.vlogger 
@delhidelites 
@hungrydilliwaali 
@dilli_ke_pakwan 
@khane_pe_charchaaa 
@eatwith_pratik 
@eatreviewrepeat 
@_adatewithfood_ 
@tasteofgirl 
@saalafoodie 
@v_for_veggie 
@hunger_killer_ 
@getmemorefood 
@myhungerhikes
#iphonephotography #iphone #foodporn #foodgasm #foodtalkindia #nepal #westbengal #mumbaifoodie #delhifoodie #bengluru #sokolkata #delhifoodblogger #pavbhaji #indianfood #platter #delhieater #nomnom #nom #delhifoodies #waiwai #fries #pizza #parantha #icecream #chocolate #chocolatemilk #chocolatemilkshake #pizzapizza #pizzatime #pizzas #westbengal #iphone #icecream #delhifoodie #sokolkata #mumbaifoodie #fries #waiwai #indianfood #pizzapizza #pizzatime #delhieater #foodporn #iphonephotography #platter #nomnom #nepal #bengluru #pizza #delhifoodies #nom #pizzas #delhifoodblogger #chocolatemilk #pavbhaji #parantha #chocolatemilkshake #foodtalkindia #foodgasm #chocolate Not Just Paranthas",95,0,False,1535101234,7815521541,0
76,1854539302593898199,Bm8pauBHCbX,39329738_543440549443735_2347055062959783936_n.jpg,C:\Coding\projects\pavbhaji_model\machinelearningchallenge\dataset\dataset\images\0\39329738_543440549443735_2347055062959783936_n.jpg,0,We love a mini burger! These are some of our speciality Vegetarian Pav Bhaji Burgers - the perfect size to pop into your mouth when no ones looking 😮🤭. We won’t tell if you don’t 😉,,,,Meridian Grand,We love a mini burger! These are some of our speciality Vegetarian Pav Bhaji Burgers - the perfect size to pop into your mouth when no ones looking 😮🤭. We won’t tell if you don’t 😉 Meridian Grand,14,1,False,1535298334,8490827898,0
325,1852272133550288081,Bm0l7ETnqzR,39199932_2279977202279960_5620604755727351808_n.jpg,C:\Coding\projects\pavbhaji_model\machinelearningchallenge\dataset\dataset\images\1\39199932_2279977202279960_5620604755727351808_n.jpg,1,"Evening snacks yummmy Missal Pav at Jhankar..❤️🤤
.
Pic taken admin : @deepak_jain786 ..❤️
.
For more join us @foodiesinceborn92 ..❤️
.
#misalpav #vadapav #samosa #idlisambhar #pavbhaji #pizza #burger #frenchfries #pasta #yum #yummy #tasty #vegfood #vegan #veg #vegetarianlife #vegetarian #vegetarianrecipes #foodblogger #foodies #foodphotography #foodporn #foodiesinceborn92 #deepakjaindj❤️",,,#vadapav #vegetarianrecipes #foodphotography #foodblogger #pasta #misalpav #vegetarian #foodporn #vegfood #❤️ #burger #yum #veg #pizza #vegetarianlife #yummy #samosa #foodiesinceborn92 #idlisambhar #vegan #tasty #pavbhaji #frenchfries #foodies,Airoli,"Evening snacks yummmy Missal Pav at Jhankar..❤️🤤
.
Pic taken admin : @deepak_jain786 ..❤️
.
For more join us @foodiesinceborn92 ..❤️
.
#misalpav #vadapav #samosa #idlisambhar #pavbhaji #pizza #burger #frenchfries #pasta #yum #yummy #tasty #vegfood #vegan #veg #vegetarianlife #vegetarian #vegetarianrecipes #foodblogger #foodies #foodphotography #foodporn #foodiesinceborn92 #deepakjaindj❤️ #vadapav #vegetarianrecipes #foodphotography #foodblogger #pasta #misalpav #vegetarian #foodporn #vegfood #❤️ #burger #yum #veg #pizza #vegetarianlife #yummy #samosa #foodiesinceborn92 #idlisambhar #vegan #tasty #pavbhaji #frenchfries #foodies Airoli",225,2,False,1535028066,7705406513,0
447,1851289984160437307,BmxGm6aHxQ7,38769108_504587656680629_8939252700319580160_n.jpg,C:\Coding\projects\pavbhaji_model\machinelearningchallenge\dataset\dataset\images\0\38769108_504587656680629_8939252700319580160_n.jpg,0,"Selamat Hari Raya Haji to all Muslims!!
.
.
#RevolutorsOnlineSolutionMy #revolutorsstories #revolutorslife #websitedesign #ecommerce #digitalmarketing #onlinemarketing #internetmarketing #gamishaji #hajiwon #mukenahaji #oleholehhaji #souvenirhaji #bajuhaji #manasikhaji #jilbabhaji #hajimeisayama #oleholehhajidanumroh #rayahaji #seragamhaji #pavbhaji #hajime #hajiplus #hajilitto #hajimehinata #omidhajili #haji #bajurayahaji #hajilane #haji2018",,,#hajimehinata #revolutorsstories #gamishaji #oleholehhaji #hajilitto #seragamhaji #internetmarketing #revolutorslife #hajiwon #bajuhaji #manasikhaji #haji2018 #hajime #omidhajili #rayahaji #jilbabhaji #hajilane #souvenirhaji #digitalmarketing #haji #onlinemarketing #websitedesign #RevolutorsOnlineSolutionMy #mukenahaji #pavbhaji #oleholehhajidanumroh #hajiplus #ecommerce #bajurayahaji #hajimeisayama,,"Selamat Hari Raya Haji to all Muslims!!
.
.
#RevolutorsOnlineSolutionMy #revolutorsstories #revolutorslife #websitedesign #ecommerce #digitalmarketing #onlinemarketing #internetmarketing #gamishaji #hajiwon #mukenahaji #oleholehhaji #souvenirhaji #bajuhaji #manasikhaji #jilbabhaji #hajimeisayama #oleholehhajidanumroh #rayahaji #seragamhaji #pavbhaji #hajime #hajiplus #hajilitto #hajimehinata #omidhajili #haji #bajurayahaji #hajilane #haji2018 #hajimehinata #revolutorsstories #gamishaji #oleholehhaji #hajilitto #seragamhaji #internetmarketing #revolutorslife #hajiwon #bajuhaji #manasikhaji #haji2018 #hajime #omidhajili #rayahaji #jilbabhaji #hajilane #souvenirhaji #digitalmarketing #haji #onlinemarketing #websitedesign #RevolutorsOnlineSolutionMy #mukenahaji #pavbhaji #oleholehhajidanumroh #hajiplus #ecommerce #bajurayahaji #hajimeisayama",27,2,False,1534910985,7898190834,0
33,1855120643127756446,Bm-tmVlH8ae,39605498_1044985072338439_4465799495644348416_n.jpg,C:\Coding\projects\pavbhaji_model\machinelearningchallenge\dataset\dataset\images\0\39605498_1044985072338439_4465799495644348416_n.jpg,0,"Anyone wants samosa ...""must have"" evening snack.😍
.
.
.
.
.
.
🌾🌾🌾🌾🌾🌾🌾
.
.
Follow @born2foodie for such more food pics, stories and interesting updates
.
.
.
@born2foodie
@born2foodie
@born2foodie
.
.
🌾🌾🌾🌾🌾🌾🌾
.
.
.
.
.
#born2foodie #pradypooh #kachori #samosa #indianfood #streetfood #delicious #pavbhaji #sweets #jalebi #desifood #golgappa #maggi #delhi #delhidiaries #kolkatagram #mumbaifoodie #bengaluru #delhifoodblogger #thali #mumbai #delhigram #mumbaidiaries #delhi_igers #kolkatadiaries #kolkata #newdelhi #nepal #dessertporn #dessertgram",,,#mumbai #born2foodie #mumbaifoodie #newdelhi #kolkatadiaries #delicious #indianfood #mumbaidiaries #thali #delhidiaries #golgappa #kachori #dessertgram #kolkatagram #desifood #dessertporn #pradypooh #nepal #sweets #samosa #maggi #delhifoodblogger #kolkata #jalebi #delhigram #streetfood #pavbhaji #delhi #bengaluru #delhi_igers,Nehru Place,"Anyone wants samosa ...""must have"" evening snack.😍
.
.
.
.
.
.
🌾🌾🌾🌾🌾🌾🌾
.
.
Follow @born2foodie for such more food pics, stories and interesting updates
.
.
.
@born2foodie
@born2foodie
@born2foodie
.
.
🌾🌾🌾🌾🌾🌾🌾
.
.
.
.
.
#born2foodie #pradypooh #kachori #samosa #indianfood #streetfood #delicious #pavbhaji #sweets #jalebi #desifood #golgappa #maggi #delhi #delhidiaries #kolkatagram #mumbaifoodie #bengaluru #delhifoodblogger #thali #mumbai #delhigram #mumbaidiaries #delhi_igers #kolkatadiaries #kolkata #newdelhi #nepal #dessertporn #dessertgram #mumbai #born2foodie #mumbaifoodie #newdelhi #kolkatadiaries #delicious #indianfood #mumbaidiaries #thali #delhidiaries #golgappa #kachori #dessertgram #kolkatagram #desifood #dessertporn #pradypooh #nepal #sweets #samosa #maggi #delhifoodblogger #kolkata #jalebi #delhigram #streetfood #pavbhaji #delhi #bengaluru #delhi_igers Nehru Place",128,1,False,1535367635,7553669714,0
97,1854314977332906761,Bm72aW1nUsJ,39168705_522874018177808_6062386479068348416_n.jpg,C:\Coding\projects\pavbhaji_model\machinelearningchallenge\dataset\dataset\images\0\39168705_522874018177808_6062386479068348416_n.jpg,0,Ever thought of Pav Bhaji Pasta? Head to @bittybatter to indulge in to this epic fusion dish. It's scrumptious 😋. #pasta #pavbhaji #desifood #indianfoodie #foodofmumbai #mumbaifoodies #foodgasm #foodsnap #mumbaifoodlovers #mumbai #instafood #thingstoeatinmumbai #things2doinmumbai #streetfood #indianstreetfood,,,#mumbaifoodlovers #foodofmumbai #mumbaifoodies #foodgasm #pasta #mumbai #foodsnap #indianfoodie #streetfood #pavbhaji #indianstreetfood #instafood #things2doinmumbai #desifood #thingstoeatinmumbai,Bitty Batter,Ever thought of Pav Bhaji Pasta? Head to @bittybatter to indulge in to this epic fusion dish. It's scrumptious 😋. #pasta #pavbhaji #desifood #indianfoodie #foodofmumbai #mumbaifoodies #foodgasm #foodsnap #mumbaifoodlovers #mumbai #instafood #thingstoeatinmumbai #things2doinmumbai #streetfood #indianstreetfood #mumbaifoodlovers #foodofmumbai #mumbaifoodies #foodgasm #pasta #mumbai #foodsnap #indianfoodie #streetfood #pavbhaji #indianstreetfood #instafood #things2doinmumbai #desifood #thingstoeatinmumbai Bitty Batter,112,3,False,1535271592,4841335362,0
119,1854104968372311121,Bm7GqUwHlRR,39175550_324648548281295_6429935512378671104_n.jpg,C:\Coding\projects\pavbhaji_model\machinelearningchallenge\dataset\dataset\images\0\39175550_324648548281295_6429935512378671104_n.jpg,0,#pakora #vadapav #chaat #paneer #delhifood #kachori #dalmakhani #punefood #zingyzest #delhifoodblogger #pavbhaji #masaladosa #samosa #daal #pulao #southindianfood #paratha #indiansnacks #indianfoodlovers #tasteofindia #indianfoodtales #delhifoodwalks #desifood #indiansweets #vforveggie #delhifoodbloggers #kolkatafoodie #delhieats #delhifoodguide #eattreat,,,#indianfoodlovers #vadapav #dalmakhani #vforveggie #pulao #indiansnacks #delhifoodbloggers #paneer #pakora #kachori #zingyzest #desifood #delhifoodwalks #delhifood #paratha #delhieats #chaat #masaladosa #punefood #tasteofindia #southindianfood #samosa #delhifoodblogger #indianfoodtales #indiansweets #eattreat #pavbhaji #delhifoodguide #daal #kolkatafoodie,,#pakora #vadapav #chaat #paneer #delhifood #kachori #dalmakhani #punefood #zingyzest #delhifoodblogger #pavbhaji #masaladosa #samosa #daal #pulao #southindianfood #paratha #indiansnacks #indianfoodlovers #tasteofindia #indianfoodtales #delhifoodwalks #desifood #indiansweets #vforveggie #delhifoodbloggers #kolkatafoodie #delhieats #delhifoodguide #eattreat #indianfoodlovers #vadapav #dalmakhani #vforveggie #pulao #indiansnacks #delhifoodbloggers #paneer #pakora #kachori #zingyzest #desifood #delhifoodwalks #delhifood #paratha #delhieats #chaat #masaladosa #punefood #tasteofindia #southindianfood #samosa #delhifoodblogger #indianfoodtales #indiansweets #eattreat #pavbhaji #delhifoodguide #daal #kolkatafoodie,42,1,False,1535246557,8438726266,0
81,1854509341623697311,Bm8imusH7-f,40246495_532997897114064_2276439319507894272_n.jpg,C:\Coding\projects\pavbhaji_model\machinelearningchallenge\dataset\dataset\images\0\40246495_532997897114064_2276439319507894272_n.jpg,0,Rakshabandhan celebrations at my mother maternal home .Enjoyed a lot . Family gatherings are always best . So my sunday become beautiful in this way.how you celebrated your rakshabandhan? #pavbhaji #tasty #yummy #delicious #food #foodie #thekitchen #eatfamous #foodphotography #instaeat #instayum #instapost #instafood #instalike #foodporn #foodgasm #foodgrammer #foodblogger #like4like #likeforalike #likesforlikes #followforfollowback #followformore #followme #followforfollow,,,#instalike #foodphotography #instayum #foodblogger #foodie #followme #foodgrammer #followformore #delicious #followforfollow #followforfollowback #instaeat #instapost #thekitchen #instafood #foodporn #eatfamous #likeforalike #yummy #likesforlikes #food #tasty #pavbhaji #foodgasm #like4like,,Rakshabandhan celebrations at my mother maternal home .Enjoyed a lot . Family gatherings are always best . So my sunday become beautiful in this way.how you celebrated your rakshabandhan? #pavbhaji #tasty #yummy #delicious #food #foodie #thekitchen #eatfamous #foodphotography #instaeat #instayum #instapost #instafood #instalike #foodporn #foodgasm #foodgrammer #foodblogger #like4like #likeforalike #likesforlikes #followforfollowback #followformore #followme #followforfollow #instalike #foodphotography #instayum #foodblogger #foodie #followme #foodgrammer #followformore #delicious #followforfollow #followforfollowback #instaeat #instapost #thekitchen #instafood #foodporn #eatfamous #likeforalike #yummy #likesforlikes #food #tasty #pavbhaji #foodgasm #like4like,28,0,False,1535294762,3108371113,0
77,1854528265157226648,Bm8m6GmnjCY,39196107_1366534576813963_8320395827621134336_n.jpg,C:\Coding\projects\pavbhaji_model\machinelearningchallenge\dataset\dataset\images\1\39196107_1366534576813963_8320395827621134336_n.jpg,1,"Because Paav Bhaji is love 😍😍😍😍😍😍😍😍😍😍😍😍😍😍😍😍😍😍😍
Pic credits @mumbaiburp .
.
Follow @yummy_singh ❤️
Follow @yummy_singh ❤️
Follow @yummy_singh ❤️
.
#pavbhaji #streetfoodstories #streetfoodindia #indianstreetfood #mumbaistreetfood #indianfood #indianfoodlovers #delhifoodies #mumbaifoodies #india #goodfoodindia #foodtalkindia #likeforlike #followforfollow #yummysingh #delicious #yummy #tasty #nomnom #foodfood #foodcoma #foodgasm #foodphotography #foodstagram #foodporn #foodiepic #f52grams #",,,#mumbaistreetfood #indianfoodlovers #foodphotography #foodcoma #indianstreetfood #delicious #followforfollow #indianfood #likeforlike #f52grams #mumbaifoodies #yummysingh #foodporn #streetfoodindia #nomnom #goodfoodindia #india #streetfoodstories #delhifoodies #foodstagram #yummy #foodiepic #tasty #pavbhaji #foodfood #foodtalkindia #foodgasm,,"Because Paav Bhaji is love 😍😍😍😍😍😍😍😍😍😍😍😍😍😍😍😍😍😍😍
Pic credits @mumbaiburp .
.
Follow @yummy_singh ❤️
Follow @yummy_singh ❤️
Follow @yummy_singh ❤️
.
#pavbhaji #streetfoodstories #streetfoodindia #indianstreetfood #mumbaistreetfood #indianfood #indianfoodlovers #delhifoodies #mumbaifoodies #india #goodfoodindia #foodtalkindia #likeforlike #followforfollow #yummysingh #delicious #yummy #tasty #nomnom #foodfood #foodcoma #foodgasm #foodphotography #foodstagram #foodporn #foodiepic #f52grams # #mumbaistreetfood #indianfoodlovers #foodphotography #foodcoma #indianstreetfood #delicious #followforfollow #indianfood #likeforlike #f52grams #mumbaifoodies #yummysingh #foodporn #streetfoodindia #nomnom #goodfoodindia #india #streetfoodstories #delhifoodies #foodstagram #yummy #foodiepic #tasty #pavbhaji #foodfood #foodtalkindia #foodgasm",200,5,False,1535297018,1523719043,0
319,1852299501306548179,Bm0sJUhAo_T,38931407_365356307336787_7429984415838920250_n.jpg,C:\Coding\projects\pavbhaji_model\machinelearningchallenge\dataset\dataset\images\0\38931407_365356307336787_7429984415838920250_n.jpg,0,"Still drooling over this enormous Ajay Devgan Thali From @aaojikhhaoji 🤤🤤
.
.
.

Tag your squad who can help you finish this massive thali ♥️ Picture and caption by @khaane_ka_deewana .
.
.
#pavbhaji #dwarka#chandigarhfoodblogger#chandigarhblogger #heydelhi #delhifoodblogger#foodtalkindia #zingyzest #vforveggie #foodmaniacindia#dillifoodies #saadidilli #mumbaifoodies #dilsefoodie#trellingfood #indianfoodie #desikhana #indianfoodblogger#hungrydilliwaali #grubzone #delhifoodwalks #mumbaiigers#indianstreetfood #delhifoodguide #saadidilli #sodelhi#delhitimes #delhibloggers #delhistreetfood #mumbaistreetfood

@thegirlinphulkari 
@thefooddestination 
@the__unknown_photographer 
@foodiebaniya 
@platetoplate.fromours.toyours 
@coupleonbike 
@brunchbabeindia",,,#mumbaistreetfood #foodmaniacindia #mumbaiigers #indianfoodie #indianstreetfood #vforveggie #chandigarhblogger #saadidilli #chandigarhfoodblogger #grubzone #mumbaifoodies #zingyzest #delhibloggers #delhifoodwalks #dillifoodies #hungrydilliwaali #indianfoodblogger #delhitimes #delhifoodblogger #dwarka #desikhana #delhistreetfood #heydelhi #pavbhaji #dilsefoodie #foodtalkindia #delhifoodguide #trellingfood #sodelhi,"Chandigarh, India","Still drooling over this enormous Ajay Devgan Thali From @aaojikhhaoji 🤤🤤
.
.
.

Tag your squad who can help you finish this massive thali ♥️ Picture and caption by @khaane_ka_deewana .
.
.
#pavbhaji #dwarka#chandigarhfoodblogger#chandigarhblogger #heydelhi #delhifoodblogger#foodtalkindia #zingyzest #vforveggie #foodmaniacindia#dillifoodies #saadidilli #mumbaifoodies #dilsefoodie#trellingfood #indianfoodie #desikhana #indianfoodblogger#hungrydilliwaali #grubzone #delhifoodwalks #mumbaiigers#indianstreetfood #delhifoodguide #saadidilli #sodelhi#delhitimes #delhibloggers #delhistreetfood #mumbaistreetfood

@thegirlinphulkari 
@thefooddestination 
@the__unknown_photographer 
@foodiebaniya 
@platetoplate.fromours.toyours 
@coupleonbike 
@brunchbabeindia #mumbaistreetfood #foodmaniacindia #mumbaiigers #indianfoodie #indianstreetfood #vforveggie #chandigarhblogger #saadidilli #chandigarhfoodblogger #grubzone #mumbaifoodies #zingyzest #delhibloggers #delhifoodwalks #dillifoodies #hungrydilliwaali #indianfoodblogger #delhitimes #delhifoodblogger #dwarka #desikhana #delhistreetfood #heydelhi #pavbhaji #dilsefoodie #foodtalkindia #delhifoodguide #trellingfood #sodelhi Chandigarh, India",1873,32,False,1535031329,315459022,0
60,1854838697691053959,Bm9tffbhf-H,39352001_238526463529577_6414496702677385216_n.jpg,C:\Coding\projects\pavbhaji_model\machinelearningchallenge\dataset\dataset\images\1\39352001_238526463529577_6414496702677385216_n.jpg,1,Mumbai style Pav Bhaji @pipingpotcurry #homemade #sundaydinner #pavbhaji #mumbaistreetfood #vegetarianfamily #instantpot #theplatemakesittastebetter,,,#mumbaistreetfood #sundaydinner #pavbhaji #theplatemakesittastebetter #instantpot #homemade #vegetarianfamily,"San Francisco, California","Mumbai style Pav Bhaji @pipingpotcurry #homemade #sundaydinner #pavbhaji #mumbaistreetfood #vegetarianfamily #instantpot #theplatemakesittastebetter #mumbaistreetfood #sundaydinner #pavbhaji #theplatemakesittastebetter #instantpot #homemade #vegetarianfamily San Francisco, California",21,1,False,1535334025,3104304027,0
157,1853702527235021705,Bm5rKCPFluJ,39327769_305067310322332_3197043500453462016_n.jpg,C:\Coding\projects\pavbhaji_model\machinelearningchallenge\dataset\dataset\images\0\39327769_305067310322332_3197043500453462016_n.jpg,0,"#cholebhature #pavbhaji #mumbaichaat @taj.queenstown 
#allaboutvegetarianfood #allaboutfood #foodtravelguide",,,#allaboutfood #mumbaichaat #foodtravelguide #pavbhaji #allaboutvegetarianfood #cholebhature,,"#cholebhature #pavbhaji #mumbaichaat @taj.queenstown 
#allaboutvegetarianfood #allaboutfood #foodtravelguide #allaboutfood #mumbaichaat #foodtravelguide #pavbhaji #allaboutvegetarianfood #cholebhature",4,1,False,1535198583,8488226818,0
120,1854092692575567236,Bm7D3sBnT2E,37154984_698533917170250_799715454451974144_n.jpg,C:\Coding\projects\pavbhaji_model\machinelearningchallenge\dataset\dataset\images\0\37154984_698533917170250_799715454451974144_n.jpg,0,"Breakfast like this is what i want every morning 🤤😌
.
What?
Kachori
From- Haldiram's
Do you also want this in your Breakfast? Comment and tell👇🏼
.
.
Follow @rassasy_delight for more 😍
. .
.
. .
.
#kachori #noida #delhigram #kerala #delhidiaries #delhi #delhi_igers #waiwai #somumbai #sodelhi #bengaluru  #mumbaidiaries #kolkata #sokolkata #delhifoodblogger #panipuri #kolkatadiaries #pavbhaji #kolkatagram #westbengal #delhifoodie #nepal #mumbaifoodie #mumbai #golgappe #golgappa #indianfood #biriyani #chicken",,,#westbengal #delhifoodie #mumbai #sokolkata #panipuri #mumbaifoodie #kolkatadiaries #waiwai #indianfood #chicken #mumbaidiaries #delhidiaries #golgappa #kachori #kolkatagram #golgappe #kerala #nepal #delhifoodblogger #somumbai #kolkata #biriyani #delhigram #pavbhaji #delhi #bengaluru #noida #delhi_igers #sodelhi,"Noida, India","Breakfast like this is what i want every morning 🤤😌
.
What?
Kachori
From- Haldiram's
Do you also want this in your Breakfast? Comment and tell👇🏼
.
.
Follow @rassasy_delight for more 😍
. .
.
. .
.
#kachori #noida #delhigram #kerala #delhidiaries #delhi #delhi_igers #waiwai #somumbai #sodelhi #bengaluru  #mumbaidiaries #kolkata #sokolkata #delhifoodblogger #panipuri #kolkatadiaries #pavbhaji #kolkatagram #westbengal #delhifoodie #nepal #mumbaifoodie #mumbai #golgappe #golgappa #indianfood #biriyani #chicken #westbengal #delhifoodie #mumbai #sokolkata #panipuri #mumbaifoodie #kolkatadiaries #waiwai #indianfood #chicken #mumbaidiaries #delhidiaries #golgappa #kachori #kolkatagram #golgappe #kerala #nepal #delhifoodblogger #somumbai #kolkata #biriyani #delhigram #pavbhaji #delhi #bengaluru #noida #delhi_igers #sodelhi Noida, India",1009,0,False,1535245094,7747357765,0
424,1851348328270218210,BmxT37mD0Pi,38778141_456572611497507_6262349479081410560_n.jpg,C:\Coding\projects\pavbhaji_model\machinelearningchallenge\dataset\dataset\images\1\38778141_456572611497507_6262349479081410560_n.jpg,1,"Pav Bhaji....... ..
.
.
.
Popular Indian streetfood where pavs /dinner rolls are served with Spicy tangy curry of mixed vegetables 
cooked in spices topped with dollop of butter...Indeed fingerlicking...
.
.
.
#tastebirdz #pavbhaji #pavbhaji😋 #mumbaistreetfood #indiansnacks #indianstreetfood #streetfoodlover #streetfood #northindian #asiancuisine  #pav #chaat  #veggies #chaatlover #delhistreetfood #pavbhaaji #pavbhajilove #pavbhajilover #pavbhajifondue #deliciousfood #fingerlickingfood #delhifood #dillifoodies #deliciousness #carbs #junkfood",,,#mumbaistreetfood #tastebirdz #pavbhaaji #deliciousness #indianstreetfood #fingerlickingfood #indiansnacks #asiancuisine #junkfood #carbs #streetfoodlover #pav #pavbhajilove #northindian #chaatlover #delhifood #dillifoodies #chaat #pavbhajifondue #pavbhajilover #veggies #delhistreetfood #streetfood #pavbhaji #deliciousfood,Faridabad,"Pav Bhaji....... ..
.
.
.
Popular Indian streetfood where pavs /dinner rolls are served with Spicy tangy curry of mixed vegetables 
cooked in spices topped with dollop of butter...Indeed fingerlicking...
.
.
.
#tastebirdz #pavbhaji #pavbhaji😋 #mumbaistreetfood #indiansnacks #indianstreetfood #streetfoodlover #streetfood #northindian #asiancuisine  #pav #chaat  #veggies #chaatlover #delhistreetfood #pavbhaaji #pavbhajilove #pavbhajilover #pavbhajifondue #deliciousfood #fingerlickingfood #delhifood #dillifoodies #deliciousness #carbs #junkfood #mumbaistreetfood #tastebirdz #pavbhaaji #deliciousness #indianstreetfood #fingerlickingfood #indiansnacks #asiancuisine #junkfood #carbs #streetfoodlover #pav #pavbhajilove #northindian #chaatlover #delhifood #dillifoodies #chaat #pavbhajifondue #pavbhajilover #veggies #delhistreetfood #streetfood #pavbhaji #deliciousfood Faridabad",49,0,False,1534917940,8104388382,0
209,1853119879152268372,Bm3mrY7FfRU,39164785_2151985281747149_7134063781008637952_n.jpg,C:\Coding\projects\pavbhaji_model\machinelearningchallenge\dataset\dataset\images\0\39164785_2151985281747149_7134063781008637952_n.jpg,0,Cooking is fun!! #pavbhaji #homemadefood #loveforcooking #fridaynightspecial #loveforindianfood #yummy,,,#fridaynightspecial #pavbhaji #loveforindianfood #yummy #loveforcooking #homemadefood,Thane,Cooking is fun!! #pavbhaji #homemadefood #loveforcooking #fridaynightspecial #loveforindianfood #yummy #fridaynightspecial #pavbhaji #loveforindianfood #yummy #loveforcooking #homemadefood Thane,54,2,False,1535129125,1742718193,0
213,1853097563274457535,Bm3hmppHbG_,39306069_325643338207478_2177675528629125120_n.jpg,C:\Coding\projects\pavbhaji_model\machinelearningchallenge\dataset\dataset\images\0\39306069_325643338207478_2177675528629125120_n.jpg,0,"#balaji #pavbhaji 
#fire #pizza #punch",,,#balaji #fire #pavbhaji #pizza #punch,,"#balaji #pavbhaji 
#fire #pizza #punch #balaji #fire #pavbhaji #pizza #punch",29,2,False,1535126465,5637067808,0
476,1850932631917003732,Bmv1WwMl4PU,38799306_974113629437248_1844889123094003712_n.jpg,C:\Coding\projects\pavbhaji_model\machinelearningchallenge\dataset\dataset\images\1\38799306_974113629437248_1844889123094003712_n.jpg,1,"No introduction needed to this super famous, super delicious PAV BHAJI!!
.
.
Place- Shiv Sagar!!
.
.
Address- Mantri Mall, Bengaluru
.
.
#foodphotography #foodie #foodgasm #foodblogger #foodlover #foodies #foodstagram #pavbhaji #snacks #yummy #indiansnacks #indianfood #superyummy",,,#foodlover #foodphotography #foodblogger #foodie #indianfood #superyummy #pavbhaji #indiansnacks #foodies #yummy #foodgasm #foodstagram #snacks,Shiv Sagar by The RS Group,"No introduction needed to this super famous, super delicious PAV BHAJI!!
.
.
Place- Shiv Sagar!!
.
.
Address- Mantri Mall, Bengaluru
.
.
#foodphotography #foodie #foodgasm #foodblogger #foodlover #foodies #foodstagram #pavbhaji #snacks #yummy #indiansnacks #indianfood #superyummy #foodlover #foodphotography #foodblogger #foodie #indianfood #superyummy #pavbhaji #indiansnacks #foodies #yummy #foodgasm #foodstagram #snacks Shiv Sagar by The RS Group",31,0,False,1534868385,6331805135,0
170,1853613857776641163,Bm5W_uXhKSL,39184609_489094254888044_5722029553723899904_n.jpg,C:\Coding\projects\pavbhaji_model\machinelearningchallenge\dataset\dataset\images\0\39184609_489094254888044_5722029553723899904_n.jpg,0,The New Pav Bhaji Pizza @apnachaathouse #pizza #unique #flavour#surreyeats #surreybc #snack #streetfood #fresh #quick #tasty #apna #indian #pavbhaji,,,#surreyeats #unique #tasty #snack #streetfood #pavbhaji #surreybc #flavour #pizza #quick #indian #fresh #apna,Apna Chaat House,The New Pav Bhaji Pizza @apnachaathouse #pizza #unique #flavour#surreyeats #surreybc #snack #streetfood #fresh #quick #tasty #apna #indian #pavbhaji #surreyeats #unique #tasty #snack #streetfood #pavbhaji #surreybc #flavour #pizza #quick #indian #fresh #apna Apna Chaat House,24,1,False,1535188012,5529925836,0
62,1854808573261715276,Bm9mpH3nRdM,39687813_235963710399351_2723231203804053504_n.jpg,C:\Coding\projects\pavbhaji_model\machinelearningchallenge\dataset\dataset\images\0\39687813_235963710399351_2723231203804053504_n.jpg,0,"Good Morning fam 😍
.
.
◾What ?
BATATA VADA WITH CRINKLED FRIES 👌
.
One of the sole starter of maharashtra 
with high on red chilly and many other spices ! 🌶
.
.
follow @rassasy_delight  for more updates
.
.
Place - The darzi cafe (3.5/5 ) 
Food - (3.5/5)
Price - 155 bucks 💵
.
.
..
#fries #noida #delhigram #kerala #delhidiaries #delhi #delhi_igers #waiwai #somumbai #sodelhi #bengaluru  #mumbaidiaries #kolkata #sokolkata #delhifoodblogger #panipuri #kolkatadiaries #pavbhaji #kolkatagram #westbengal #delhifoodie #nepal #mumbaifoodie #mumbai #golgappe #golgappa #indianfood #biriyani #chicken",,,#westbengal #delhifoodie #mumbai #sokolkata #panipuri #mumbaifoodie #fries #kolkatadiaries #waiwai #indianfood #chicken #mumbaidiaries #delhidiaries #golgappa #kolkatagram #golgappe #kerala #nepal #delhifoodblogger #somumbai #kolkata #biriyani #delhigram #pavbhaji #delhi #bengaluru #noida #delhi_igers #sodelhi,"Connaught Place - CP,Delhi","Good Morning fam 😍
.
.
◾What ?
BATATA VADA WITH CRINKLED FRIES 👌
.
One of the sole starter of maharashtra 
with high on red chilly and many other spices ! 🌶
.
.
follow @rassasy_delight  for more updates
.
.
Place - The darzi cafe (3.5/5 ) 
Food - (3.5/5)
Price - 155 bucks 💵
.
.
..
#fries #noida #delhigram #kerala #delhidiaries #delhi #delhi_igers #waiwai #somumbai #sodelhi #bengaluru  #mumbaidiaries #kolkata #sokolkata #delhifoodblogger #panipuri #kolkatadiaries #pavbhaji #kolkatagram #westbengal #delhifoodie #nepal #mumbaifoodie #mumbai #golgappe #golgappa #indianfood #biriyani #chicken #westbengal #delhifoodie #mumbai #sokolkata #panipuri #mumbaifoodie #fries #kolkatadiaries #waiwai #indianfood #chicken #mumbaidiaries #delhidiaries #golgappa #kolkatagram #golgappe #kerala #nepal #delhifoodblogger #somumbai #kolkata #biriyani #delhigram #pavbhaji #delhi #bengaluru #noida #delhi_igers #sodelhi Connaught Place - CP,Delhi",306,3,False,1535330433,7747357765,0
354,1852038025544851580,BmzwsWPHeB8,38941456_317130002179642_4342551852852707328_n.jpg,C:\Coding\projects\pavbhaji_model\machinelearningchallenge\dataset\dataset\images\0\38941456_317130002179642_4342551852852707328_n.jpg,0,"My favourite pav bhaji at 'JHAKKAAS PAV BHAJI' , punjabi bagh .
They offer varieties of pav bhaji like plain , masala pav bhaji,cheese pav bhaji etc .and also the vada pao of different varieties and ofcourse of the best taste ever.
.
.
📍Venue: jhakkaas pav bhaji,punjabi bagh near club road 
Taste: 5/5
Worth the money: 5/5
Presentation:4.5/5
.
.
Tag those who love pav bhaji
.
.
Follow @foodiestocks for more amazing updates🌸
.
.
#tastyfood #delhifood #deliciousintaste #pavbhaji #deliciousfood #dilsedelhi #indianfood #foodiesticks #foodstram #foodstocks #foogasm #foodiebybirth #foodiebybirth #foodbeast #foodinsta #foodyforlife #foodography #foodcrush #foodie #foodphotography #foodlover #foodblogger #mycravings #dfordelhi #thatsmellsdelicious #thecravings #thecravingnomad",,,#mycravings #foodphotography #foodblogger #foodie #foogasm #thecravings #indianfood #foodography #foodinsta #foodlover #dilsedelhi #foodyforlife #thecravingnomad #foodstocks #deliciousintaste #delhifood #dfordelhi #foodiebybirth #foodcrush #thatsmellsdelicious #tastyfood #foodiesticks #pavbhaji #deliciousfood #foodstram #foodbeast,Jhakkaas Pav Bhaji,"My favourite pav bhaji at 'JHAKKAAS PAV BHAJI' , punjabi bagh .
They offer varieties of pav bhaji like plain , masala pav bhaji,cheese pav bhaji etc .and also the vada pao of different varieties and ofcourse of the best taste ever.
.
.
📍Venue: jhakkaas pav bhaji,punjabi bagh near club road 
Taste: 5/5
Worth the money: 5/5
Presentation:4.5/5
.
.
Tag those who love pav bhaji
.
.
Follow @foodiestocks for more amazing updates🌸
.
.
#tastyfood #delhifood #deliciousintaste #pavbhaji #deliciousfood #dilsedelhi #indianfood #foodiesticks #foodstram #foodstocks #foogasm #foodiebybirth #foodiebybirth #foodbeast #foodinsta #foodyforlife #foodography #foodcrush #foodie #foodphotography #foodlover #foodblogger #mycravings #dfordelhi #thatsmellsdelicious #thecravings #thecravingnomad #mycravings #foodphotography #foodblogger #foodie #foogasm #thecravings #indianfood #foodography #foodinsta #foodlover #dilsedelhi #foodyforlife #thecravingnomad #foodstocks #deliciousintaste #delhifood #dfordelhi #foodiebybirth #foodcrush #thatsmellsdelicious #tastyfood #foodiesticks #pavbhaji #deliciousfood #foodstram #foodbeast Jhakkaas Pav Bhaji",55,0,False,1535000158,8198701710,0
160,1853680203857785824,Bm5mFL-HfPg,39917667_258495538127268_7746174793388392448_n.jpg,C:\Coding\projects\pavbhaji_model\machinelearningchallenge\dataset\dataset\images\1\39917667_258495538127268_7746174793388392448_n.jpg,1,"Weekends are incomplete without ur favorite comfort food! 💖
🍴Had this home-cooked Pav-Bhaji for lunch today😋💯
#pavbhaji #gharkakhana #indianfood #indianfoodtales #indianrecipe #indianstreetfood #indianfoodblog #indianfoodblogger #indianfoodies #indianfoodie #indiaeats #mumbaifood #mumbaifoodie #mumbaieats #mumbaifoodlovers #mumbaifoodies #mumbaifoodicious #mumbaifoodblog #mumbaifoodblogger #mumbaistreetfood #foodbloggermumbai #foodbloggerindia #foodblogfeed #food #foodgram #tasty",,,#mumbaistreetfood #foodgram #indianfoodies #indianfoodie #indianstreetfood #mumbaifoodie #indianfood #foodbloggerindia #indianfoodblog #indiaeats #foodblogfeed #mumbaifoodies #mumbaifoodblog #mumbaifoodlovers #indianrecipe #foodbloggermumbai #indianfoodblogger #mumbaifoodicious #mumbaifoodblogger #mumbaifood #indianfoodtales #food #tasty #pavbhaji #mumbaieats #gharkakhana,My Home,"Weekends are incomplete without ur favorite comfort food! 💖
🍴Had this home-cooked Pav-Bhaji for lunch today😋💯
#pavbhaji #gharkakhana #indianfood #indianfoodtales #indianrecipe #indianstreetfood #indianfoodblog #indianfoodblogger #indianfoodies #indianfoodie #indiaeats #mumbaifood #mumbaifoodie #mumbaieats #mumbaifoodlovers #mumbaifoodies #mumbaifoodicious #mumbaifoodblog #mumbaifoodblogger #mumbaistreetfood #foodbloggermumbai #foodbloggerindia #foodblogfeed #food #foodgram #tasty #mumbaistreetfood #foodgram #indianfoodies #indianfoodie #indianstreetfood #mumbaifoodie #indianfood #foodbloggerindia #indianfoodblog #indiaeats #foodblogfeed #mumbaifoodies #mumbaifoodblog #mumbaifoodlovers #indianrecipe #foodbloggermumbai #indianfoodblogger #mumbaifoodicious #mumbaifoodblogger #mumbaifood #indianfoodtales #food #tasty #pavbhaji #mumbaieats #gharkakhana My Home",119,20,False,1535195921,8053580127,0
353,1852045283175640336,BmzyV9bny0Q,38996712_287330688528627_8253448231053164544_n.jpg,C:\Coding\projects\pavbhaji_model\machinelearningchallenge\dataset\dataset\images\1\38996712_287330688528627_8253448231053164544_n.jpg,1,"Pav Bhaji For evening snacking today 😍😍😍 Totally loved this Pav bhaji ❤👌👌
@vicinito
.
.
#foodiesince96 .
.
#vicinito
.
.
#pavbhaji #indianfood #foodporn #delhi #mumbai #food #foodie #yummy #like #mumbaifoodie #foodphotography #tasty #foodgasm #streetfood #desi #sodelhi #india #marathi #foodlover #delhidiaries  #delhifoodblogger #instafood #pune #misalpav #marathination",,,#foodphotography #mumbai #foodie #mumbaifoodie #misalpav #indianfood #foodlover #delhidiaries #instafood #foodporn #like #pune #india #yummy #vicinito #desi #delhifoodblogger #foodgasm #food #tasty #marathination #streetfood #pavbhaji #delhi #foodiesince96 #sodelhi #marathi,,"Pav Bhaji For evening snacking today 😍😍😍 Totally loved this Pav bhaji ❤👌👌
@vicinito
.
.
#foodiesince96 .
.
#vicinito
.
.
#pavbhaji #indianfood #foodporn #delhi #mumbai #food #foodie #yummy #like #mumbaifoodie #foodphotography #tasty #foodgasm #streetfood #desi #sodelhi #india #marathi #foodlover #delhidiaries  #delhifoodblogger #instafood #pune #misalpav #marathination #foodphotography #mumbai #foodie #mumbaifoodie #misalpav #indianfood #foodlover #delhidiaries #instafood #foodporn #like #pune #india #yummy #vicinito #desi #delhifoodblogger #foodgasm #food #tasty #marathination #streetfood #pavbhaji #delhi #foodiesince96 #sodelhi #marathi",827,1,False,1535001024,2266555921,0
314,1852330158465566350,Bm0zHcOFUaO,39510029_242300566626629_6861840357127094272_n.jpg,C:\Coding\projects\pavbhaji_model\machinelearningchallenge\dataset\dataset\images\0\39510029_242300566626629_6861840357127094272_n.jpg,0,"Buttered up pav stacked in the front, mouth watering bhaji mixed at the back 😋

#streetfood #foodphotography #indianstreetphotography #indianfoodphotography #streetphotography #pavbhaji #indianfood #mouthwatering #yummy #delish #man #cooking #instagram #instagood #picoftheday #photooftheday #sfs #beinglocalcpb #janaselvz #chennaiphotobiennale #chennaiphotobiennale2019",,,#indianfoodphotography #chennaiphotobiennale2019 #foodphotography #man #sfs #indianfood #delish #photooftheday #beinglocalcpb #cooking #chennaiphotobiennale #indianstreetphotography #mouthwatering #yummy #instagood #picoftheday #janaselvz #instagram #streetfood #pavbhaji #streetphotography,,"Buttered up pav stacked in the front, mouth watering bhaji mixed at the back 😋

#streetfood #foodphotography #indianstreetphotography #indianfoodphotography #streetphotography #pavbhaji #indianfood #mouthwatering #yummy #delish #man #cooking #instagram #instagood #picoftheday #photooftheday #sfs #beinglocalcpb #janaselvz #chennaiphotobiennale #chennaiphotobiennale2019 #indianfoodphotography #chennaiphotobiennale2019 #foodphotography #man #sfs #indianfood #delish #photooftheday #beinglocalcpb #cooking #chennaiphotobiennale #indianstreetphotography #mouthwatering #yummy #instagood #picoftheday #janaselvz #instagram #streetfood #pavbhaji #streetphotography",48,7,False,1535034983,8003447577,0
231,1853039965119035362,Bm3UgfLhbfi,39777006_248428879146731_6290705763702669312_n.jpg,C:\Coding\projects\pavbhaji_model\machinelearningchallenge\dataset\dataset\images\0\39777006_248428879146731_6290705763702669312_n.jpg,0,"National burger day Indian style Pav bhaji potatoes, mix vegetables, onions, cheese and brioche buns #food #halal #pavbhaji #brioche #burger #nationalburgerday #vegetarian #potato #cauliflower #spicy #london #homemade #cheese #indian",,,#brioche #indian #burger #halal #food #vegetarian #pavbhaji #spicy #cauliflower #potato #cheese #nationalburgerday #london #homemade,"London, United Kingdom","National burger day Indian style Pav bhaji potatoes, mix vegetables, onions, cheese and brioche buns #food #halal #pavbhaji #brioche #burger #nationalburgerday #vegetarian #potato #cauliflower #spicy #london #homemade #cheese #indian #brioche #indian #burger #halal #food #vegetarian #pavbhaji #spicy #cauliflower #potato #cheese #nationalburgerday #london #homemade London, United Kingdom",38,0,False,1535119599,8431255707,0
469,1850948702527491260,Bmv5AnHnwy8,39067219_321365145098028_3605259362886483968_n.jpg,C:\Coding\projects\pavbhaji_model\machinelearningchallenge\dataset\dataset\images\1\39067219_321365145098028_3605259362886483968_n.jpg,1,"Homecooked Pav Bhaji😋😋
.
.
Follow @indiafoodstation @indiafoodstation @indiafoodstation .
.
#indiafoodstation#pavbhaji#alltimefavorite#indianfood#indianstreetfood#streetfood#delicious#food52#food52grams#foodporn#food#foodies#buzzfeed#instafood#foodinspiration#foodgasm#foodstagram#foodphotography#foodpic#foodpassion#foodblogger#indianfoodblogger#mumbaifoodie#pune#mumbai#punefoodie#delhifoodie",,,#punefoodie #foodphotography #foodblogger #mumbai #delhifoodie #mumbaifoodie #indianstreetfood #delicious #indianfood #instafood #foodporn #indiafoodstation #pune #indianfoodblogger #food52grams #food52 #foodstagram #foodpic #food #buzzfeed #streetfood #pavbhaji #foodinspiration #foodies #foodgasm #foodpassion #alltimefavorite,"Pune, Maharashtra","Homecooked Pav Bhaji😋😋
.
.
Follow @indiafoodstation @indiafoodstation @indiafoodstation .
.
#indiafoodstation#pavbhaji#alltimefavorite#indianfood#indianstreetfood#streetfood#delicious#food52#food52grams#foodporn#food#foodies#buzzfeed#instafood#foodinspiration#foodgasm#foodstagram#foodphotography#foodpic#foodpassion#foodblogger#indianfoodblogger#mumbaifoodie#pune#mumbai#punefoodie#delhifoodie #punefoodie #foodphotography #foodblogger #mumbai #delhifoodie #mumbaifoodie #indianstreetfood #delicious #indianfood #instafood #foodporn #indiafoodstation #pune #indianfoodblogger #food52grams #food52 #foodstagram #foodpic #food #buzzfeed #streetfood #pavbhaji #foodinspiration #foodies #foodgasm #foodpassion #alltimefavorite Pune, Maharashtra",177,2,False,1534870301,7634771750,0
384,1851680000527250156,BmyfSZdHzLs,39007042_1098730036961174_8457817205711652878_n.jpg,C:\Coding\projects\pavbhaji_model\machinelearningchallenge\dataset\dataset\images\0\39007042_1098730036961174_8457817205711652878_n.jpg,0,"This is how my dessert plate looks like at a buffet!
Follow @dilliciousfoodie 
@dilliciousfoodie 
@dilliciousfoodie 
@dilliciousfoodie 
@dilliciousfoodie 
@dilliciousfoodie .
.
.
➖➖➖➖
.
.
#dillifoodjunkie #foodforlife #pasta #food #pavbhaji #chicken #barbequenation #indianfood #india #tasty #foodgasm #yummyinmytummy #foodphotography @barbequenation #streetfood #lifestyle #snacks #yummy #yum #likeforlike #sodelhi @sodelhi #sodelhi #bhaji #delhifoodblogger #mumbaifoodblogger #fries #spicy #starbucks #desserts #summers #streetfood #buffet",,,#foodphotography #bhaji #pasta #fries #indianfood #likeforlike #snacks #chicken #starbucks #buffet #summers #spicy #yum #india #desserts #yummy #barbequenation #dillifoodjunkie #mumbaifoodblogger #yummyinmytummy #delhifoodblogger #foodgasm #food #tasty #streetfood #pavbhaji #foodforlife #lifestyle #sodelhi,Barbeque Nation,"This is how my dessert plate looks like at a buffet!
Follow @dilliciousfoodie 
@dilliciousfoodie 
@dilliciousfoodie 
@dilliciousfoodie 
@dilliciousfoodie 
@dilliciousfoodie .
.
.
➖➖➖➖
.
.
#dillifoodjunkie #foodforlife #pasta #food #pavbhaji #chicken #barbequenation #indianfood #india #tasty #foodgasm #yummyinmytummy #foodphotography @barbequenation #streetfood #lifestyle #snacks #yummy #yum #likeforlike #sodelhi @sodelhi #sodelhi #bhaji #delhifoodblogger #mumbaifoodblogger #fries #spicy #starbucks #desserts #summers #streetfood #buffet #foodphotography #bhaji #pasta #fries #indianfood #likeforlike #snacks #chicken #starbucks #buffet #summers #spicy #yum #india #desserts #yummy #barbequenation #dillifoodjunkie #mumbaifoodblogger #yummyinmytummy #delhifoodblogger #foodgasm #food #tasty #streetfood #pavbhaji #foodforlife #lifestyle #sodelhi Barbeque Nation",88,0,False,1534957479,5689462323,0
475,1850933420647944672,Bmv1iOwnpHg,38934835_294109254506859_5348184626638618624_n.jpg,C:\Coding\projects\pavbhaji_model\machinelearningchallenge\dataset\dataset\images\1\38934835_294109254506859_5348184626638618624_n.jpg,1,"Home made Pav Bhaji and Rains☔..
Age old Romance
.
Lip smacking spicy Bhaji, soft buttery Pav and the rustic Onions and Lemon 🍋 salad!
.
Now that's my way to enjoy cool rainy breezy evening.
.
.
@leogirltraveller
@leogirltraveller
@leogirltraveller 
@leogirltraveller  #buzzfeed #dailypost #kotablogger #zingyzest #foodblogger #pavbhaji #pav #foodforsoul #foodstagram #foodgram #foodporn #paobhaji #mumbaifoodie #foodlovers #gourmetfood #foodcoma #mumbaifoodlovers #foodtalkindia #foodmaniacindia #thefeedfeed #indiansnacks #streetfood #nycfoodie #leogirltraveller #homemadefood #indianstreetfood #kotakebhukkad #kotafoodies #foodblogger #instafood #rajasthanblogger",,,#foodgram #leogirltraveller #foodblogger #foodmaniacindia #mumbaifoodie #foodcoma #indianstreetfood #indiansnacks #kotablogger #homemadefood #kotakebhukkad #foodforsoul #paobhaji #pav #nycfoodie #instafood #foodporn #zingyzest #gourmetfood #foodlovers #mumbaifoodlovers #foodstagram #rajasthanblogger #dailypost #buzzfeed #streetfood #pavbhaji #kotafoodies #foodtalkindia #thefeedfeed,,"Home made Pav Bhaji and Rains☔..
Age old Romance
.
Lip smacking spicy Bhaji, soft buttery Pav and the rustic Onions and Lemon 🍋 salad!
.
Now that's my way to enjoy cool rainy breezy evening.
.
.
@leogirltraveller
@leogirltraveller
@leogirltraveller 
@leogirltraveller  #buzzfeed #dailypost #kotablogger #zingyzest #foodblogger #pavbhaji #pav #foodforsoul #foodstagram #foodgram #foodporn #paobhaji #mumbaifoodie #foodlovers #gourmetfood #foodcoma #mumbaifoodlovers #foodtalkindia #foodmaniacindia #thefeedfeed #indiansnacks #streetfood #nycfoodie #leogirltraveller #homemadefood #indianstreetfood #kotakebhukkad #kotafoodies #foodblogger #instafood #rajasthanblogger #foodgram #leogirltraveller #foodblogger #foodmaniacindia #mumbaifoodie #foodcoma #indianstreetfood #indiansnacks #kotablogger #homemadefood #kotakebhukkad #foodforsoul #paobhaji #pav #nycfoodie #instafood #foodporn #zingyzest #gourmetfood #foodlovers #mumbaifoodlovers #foodstagram #rajasthanblogger #dailypost #buzzfeed #streetfood #pavbhaji #kotafoodies #foodtalkindia #thefeedfeed",155,22,False,1534868479,616907851,0
55,1854928510397764075,Bm-B6cCANHr,39332465_225957981599915_2891689682398085120_n.jpg,C:\Coding\projects\pavbhaji_model\machinelearningchallenge\dataset\dataset\images\0\39332465_225957981599915_2891689682398085120_n.jpg,0,"Are you a foodie then we are sure one of your favorite dishes is Pav Bhaji and that’s the reason Kadak Missal brings to you tasty and delicious Pav Bhaji one of the most relishing dish.No matter what part of the country you come from Pav Bhaji at Kadak is something that will make you fall in love. Pav Bhaji at this place is a spicy and yummy affair, the butter melting down the edges of the bhaji and fresh onions to go along.
#foodpics #breakfast #delish #instafood #instagood #tasty #foodpic #hot #eat #amazing #hungry #sweet #eating #foods #dinner #delicious #foodporn #fresh #yummy #yum #food #photooftheday #lunch #foodgasm #vadapav #misal #pavbhaji",,,#vadapav #hot #eating #foodpics #delicious #lunch #amazing #delish #hungry #photooftheday #instafood #foodporn #fresh #yum #sweet #yummy #breakfast #instagood #foodpic #foods #food #tasty #eat #dinner #misal #pavbhaji #foodgasm,,"Are you a foodie then we are sure one of your favorite dishes is Pav Bhaji and that’s the reason Kadak Missal brings to you tasty and delicious Pav Bhaji one of the most relishing dish.No matter what part of the country you come from Pav Bhaji at Kadak is something that will make you fall in love. Pav Bhaji at this place is a spicy and yummy affair, the butter melting down the edges of the bhaji and fresh onions to go along.
#foodpics #breakfast #delish #instafood #instagood #tasty #foodpic #hot #eat #amazing #hungry #sweet #eating #foods #dinner #delicious #foodporn #fresh #yummy #yum #food #photooftheday #lunch #foodgasm #vadapav #misal #pavbhaji #vadapav #hot #eating #foodpics #delicious #lunch #amazing #delish #hungry #photooftheday #instafood #foodporn #fresh #yum #sweet #yummy #breakfast #instagood #foodpic #foods #food #tasty #eat #dinner #misal #pavbhaji #foodgasm",26,1,False,1535344731,1681988766,0
117,1854152702747433538,Bm7Rg82l1pC,39348158_519880011793360_8651080104362901504_n.jpg,C:\Coding\projects\pavbhaji_model\machinelearningchallenge\dataset\dataset\images\0\39348158_519880011793360_8651080104362901504_n.jpg,0,"😋 Happy Rakshabandhan 😋
@bollywood_dost
.
.
.
.
#happyrakshabandhan #rakshabandhan #rakshabandhanspecial #dryfruits #foodlovers #vadapav #panipuri #samosa #gulabjamun #kajukatli #bhelpuri #bhel #kachori #chivda #pavbhaji #pizza #masaladosa #idli #idlisambhar #jilebi #rasgulla #rasmalai #bollywood_dost #breadpakoda #bhaji #bhaje #dabeli #dahipuri #sweets #rakhi",,,#vadapav #bhaji #rasmalai #panipuri #rakshabandhanspecial #dabeli #bhel #dryfruits #bollywood_dost #kachori #jilebi #foodlovers #breadpakoda #rakhi #bhelpuri #sweets #masaladosa #idli #pizza #rasgulla #chivda #samosa #bhaje #rakshabandhan #idlisambhar #dahipuri #happyrakshabandhan #pavbhaji #gulabjamun #kajukatli,,"😋 Happy Rakshabandhan 😋
@bollywood_dost
.
.
.
.
#happyrakshabandhan #rakshabandhan #rakshabandhanspecial #dryfruits #foodlovers #vadapav #panipuri #samosa #gulabjamun #kajukatli #bhelpuri #bhel #kachori #chivda #pavbhaji #pizza #masaladosa #idli #idlisambhar #jilebi #rasgulla #rasmalai #bollywood_dost #breadpakoda #bhaji #bhaje #dabeli #dahipuri #sweets #rakhi #vadapav #bhaji #rasmalai #panipuri #rakshabandhanspecial #dabeli #bhel #dryfruits #bollywood_dost #kachori #jilebi #foodlovers #breadpakoda #rakhi #bhelpuri #sweets #masaladosa #idli #pizza #rasgulla #chivda #samosa #bhaje #rakshabandhan #idlisambhar #dahipuri #happyrakshabandhan #pavbhaji #gulabjamun #kajukatli",193,0,False,1535252248,7900092108,0
74,1854543300149769138,Bm8qU5CAfOy,39140597_2176100432679302_6001426474932895744_n.jpg,C:\Coding\projects\pavbhaji_model\machinelearningchallenge\dataset\dataset\images\0\39140597_2176100432679302_6001426474932895744_n.jpg,0,#amaravatiindiancuisine #denver #weekendspeciallunch #pavbhaji,,,#amaravatiindiancuisine #pavbhaji #weekendspeciallunch #denver,Amaravati Authentic Indian Cuisine,#amaravatiindiancuisine #denver #weekendspeciallunch #pavbhaji #amaravatiindiancuisine #pavbhaji #weekendspeciallunch #denver Amaravati Authentic Indian Cuisine,3,0,False,1535298810,8162440762,0
161,1853673821108567315,Bm5koTknf0T,38989742_2186390528311834_5361558394086463182_n.jpg,C:\Coding\projects\pavbhaji_model\machinelearningchallenge\dataset\dataset\images\0\38989742_2186390528311834_5361558394086463182_n.jpg,0,"Devouring our childhood flavours at cream centre, with the classic Chole Bhature which has maintained its timeless taste of a flavourful explosion in each bite. 
This visit to our old favourite was inspired by a picture shared @the_bhookha_vegetarian and we had to try it ourselves. 3 flavour Khari an interesting combination, Paneer Tikka Masala, Corn Nachos Jalapeño and Chilli sabji all topped with Cheese. Our favourite was the Corn Nachos Jalapeño.

Also, try the Asli Makhan Pav Bhaji served piping hot and the Double Baked Classic Cheese Macaroni. 🍝
🍝
🍝
🍝
#pavbhaji #indian #cholebhature #creamcentre #creamcentredubai #yummyinmytummy #foodie #whattoeat #deliciousfood #vegetarian #vegetarianmenu #vegetariandubai #letsfindvegfood #loveforfood #foodpic #herbivorous #foodphotography #foodlove #dubai #mydubai #vegabond #vegabondlife",,,#whattoeat #foodphotography #vegabond #vegabondlife #foodie #letsfindvegfood #vegetariandubai #foodlove #loveforfood #vegetarian #creamcentre #indian #cholebhature #dubai #vegetarianmenu #herbivorous #foodpic #yummyinmytummy #pavbhaji #creamcentredubai #deliciousfood #mydubai,Cream Centre,"Devouring our childhood flavours at cream centre, with the classic Chole Bhature which has maintained its timeless taste of a flavourful explosion in each bite. 
This visit to our old favourite was inspired by a picture shared @the_bhookha_vegetarian and we had to try it ourselves. 3 flavour Khari an interesting combination, Paneer Tikka Masala, Corn Nachos Jalapeño and Chilli sabji all topped with Cheese. Our favourite was the Corn Nachos Jalapeño.

Also, try the Asli Makhan Pav Bhaji served piping hot and the Double Baked Classic Cheese Macaroni. 🍝
🍝
🍝
🍝
#pavbhaji #indian #cholebhature #creamcentre #creamcentredubai #yummyinmytummy #foodie #whattoeat #deliciousfood #vegetarian #vegetarianmenu #vegetariandubai #letsfindvegfood #loveforfood #foodpic #herbivorous #foodphotography #foodlove #dubai #mydubai #vegabond #vegabondlife #whattoeat #foodphotography #vegabond #vegabondlife #foodie #letsfindvegfood #vegetariandubai #foodlove #loveforfood #vegetarian #creamcentre #indian #cholebhature #dubai #vegetarianmenu #herbivorous #foodpic #yummyinmytummy #pavbhaji #creamcentredubai #deliciousfood #mydubai Cream Centre",33,1,False,1535195160,7626833835,0
125,1853907471238459135,Bm6ZwXNnG7_,38996698_307921649968518_77529055955517440_n.jpg,C:\Coding\projects\pavbhaji_model\machinelearningchallenge\dataset\dataset\images\0\38996698_307921649968518_77529055955517440_n.jpg,0,Ladki baazi dost hota Ek #desi #yaar #pavbhaji #punjab #like #misalpav #konkan #marathination #bandra #navimumbaikar #dharavi #vada #dadar #bandstand #marathi #maharashtra #mumbaikars #gaali #asleel #fuckyou #hindi #btao #boy #bhadwo #pakoda #ashishchanchlani #tharki #ladka #mc #bbkivines,,,#pakoda #punjab #tharki #fuckyou #misalpav #yaar #maharashtra #bhadwo #konkan #dadar #mumbaikars #bandstand #like #hindi #boy #bbkivines #btao #mc #bandra #gaali #desi #ladka #vada #marathination #asleel #navimumbaikar #ashishchanchlani #pavbhaji #dharavi #marathi,Ladki,Ladki baazi dost hota Ek #desi #yaar #pavbhaji #punjab #like #misalpav #konkan #marathination #bandra #navimumbaikar #dharavi #vada #dadar #bandstand #marathi #maharashtra #mumbaikars #gaali #asleel #fuckyou #hindi #btao #boy #bhadwo #pakoda #ashishchanchlani #tharki #ladka #mc #bbkivines #pakoda #punjab #tharki #fuckyou #misalpav #yaar #maharashtra #bhadwo #konkan #dadar #mumbaikars #bandstand #like #hindi #boy #bbkivines #btao #mc #bandra #gaali #desi #ladka #vada #marathination #asleel #navimumbaikar #ashishchanchlani #pavbhaji #dharavi #marathi Ladki,3,0,False,1535223014,5678881880,0
84,1854490211301873788,Bm8eQWMFlh8,39336297_296851257784149_1844909541368528896_n.jpg,C:\Coding\projects\pavbhaji_model\machinelearningchallenge\dataset\dataset\images\1\39336297_296851257784149_1844909541368528896_n.jpg,1,"Rakhi special 😍😍❤❤ Home made PAV BHAJI 😋😋😋
Full of butter and cheese 🧀🧀
.
.
.
.
Follow @alltimehungryyy 
Follow @alltimehungryyy
Follow @alltimehungryyy
.
.
.
.
#alltimehungryyy
#foodblogger 
#foddieee
#foodwanted 
#foodieeeats 
#foodbloggerofindia
#foodporn. 
#ilovefood
#foodgasm
#foodstalking
#foodphotograpy
#wahhdelhi 
#bhukkad
#delhifood
#pavbhaji
#homemade
#homefood
#mumbaifamous
#mumbaispecialfood
#mumbaifood
#pavbhaji😋
#fullofbutter
#soyummy😋
#besttohave",,,#mumbaifamous #foodstalking #foodblogger #besttohave #foodporn #homefood #ilovefood #delhifood #foodbloggerofindia #fullofbutter #foddieee #foodieeeats #bhukkad #mumbaispecialfood #mumbaifood #wahhdelhi #foodwanted #foodphotograpy #pavbhaji #soyummy #alltimehungryyy #foodgasm #homemade,,"Rakhi special 😍😍❤❤ Home made PAV BHAJI 😋😋😋
Full of butter and cheese 🧀🧀
.
.
.
.
Follow @alltimehungryyy 
Follow @alltimehungryyy
Follow @alltimehungryyy
.
.
.
.
#alltimehungryyy
#foodblogger 
#foddieee
#foodwanted 
#foodieeeats 
#foodbloggerofindia
#foodporn. 
#ilovefood
#foodgasm
#foodstalking
#foodphotograpy
#wahhdelhi 
#bhukkad
#delhifood
#pavbhaji
#homemade
#homefood
#mumbaifamous
#mumbaispecialfood
#mumbaifood
#pavbhaji😋
#fullofbutter
#soyummy😋
#besttohave #mumbaifamous #foodstalking #foodblogger #besttohave #foodporn #homefood #ilovefood #delhifood #foodbloggerofindia #fullofbutter #foddieee #foodieeeats #bhukkad #mumbaispecialfood #mumbaifood #wahhdelhi #foodwanted #foodphotograpy #pavbhaji #soyummy #alltimehungryyy #foodgasm #homemade",79,7,False,1535292482,7521391694,0
492,1850834821343800868,BmvfHbAHu4k,39613392_742343296106910_1082442594518040576_n.jpg,C:\Coding\projects\pavbhaji_model\machinelearningchallenge\dataset\dataset\images\0\39613392_742343296106910_1082442594518040576_n.jpg,0,"Craving on some Mumbai style lucious and spicy buttery pav bhaji .
#pavbhaji#spicy#buttery#lucious#mumbaifoodie#mumbaifoodblogger#mumbai#mumbaiigers#mumbaistagram#mumbairains#mumbaitripping#mumbaistreets#photography#foodforsoul#foodphotography#blissfullblues#cravings#midnight#mouthsmacking#delightful#delicious#food#food52#foodblogger#personalblog#foodgasm#foodporn#thesecretseasonings",,,#foodphotography #cravings #mumbai #foodblogger #mumbaiigers #mouthsmacking #mumbaifoodie #delicious #mumbairains #delightful #foodforsoul #spicy #buttery #foodporn #personalblog #blissfullblues #photography #thesecretseasonings #food52 #mumbaifoodblogger #mumbaistagram #foodgasm #food #lucious #pavbhaji #midnight #mumbaitripping #mumbaistreets,,"Craving on some Mumbai style lucious and spicy buttery pav bhaji .
#pavbhaji#spicy#buttery#lucious#mumbaifoodie#mumbaifoodblogger#mumbai#mumbaiigers#mumbaistagram#mumbairains#mumbaitripping#mumbaistreets#photography#foodforsoul#foodphotography#blissfullblues#cravings#midnight#mouthsmacking#delightful#delicious#food#food52#foodblogger#personalblog#foodgasm#foodporn#thesecretseasonings #foodphotography #cravings #mumbai #foodblogger #mumbaiigers #mouthsmacking #mumbaifoodie #delicious #mumbairains #delightful #foodforsoul #spicy #buttery #foodporn #personalblog #blissfullblues #photography #thesecretseasonings #food52 #mumbaifoodblogger #mumbaistagram #foodgasm #food #lucious #pavbhaji #midnight #mumbaitripping #mumbaistreets",29,1,False,1534856725,7946361329,0
124,1853908817482484738,Bm6aD9AAgwC,39946887_1433874583382805_5873776821375336448_n.jpg,C:\Coding\projects\pavbhaji_model\machinelearningchallenge\dataset\dataset\images\0\39946887_1433874583382805_5873776821375336448_n.jpg,0,"•
•
•
•
•
#food #foodporn #foodie #comfortfood #tasty #vadilal #happiness #yummyfood #jodhpur #corn #foodstagram #foodielife #deliciousness @jodhpurfoodie @jodhpur_foodie_cafes @foodmaniacindia @foodiesofindia  @thecrazyindianfoodie  @thecrazyindianfoodie @jodhpurfoodworld @desserts.opassion @mumbaifoodcrush @therawtextures @hey.delhi  @hey.mumbai @hungrychokro_escapades @splendideats  @hungrito#food #foodporn #foodie #comfortfood #tasty #vadilal #happiness #like4like #followforfollow #fff #yummyfood #jodhpur #corn #foodstagram #repostit #repostiftagged #foodielife #deliciousness @jodhpurfoodie @jodhpur_foodie_cafes @foodmaniacindia @foodiesofindia @thecrazyindianfoodie  @thecrazyindianfoodie@thecrazyindianfoodie  @thecrazyindianfoodie @jodhpurfoodworld @desserts.passion @mumbaifoodcrush @therawtextures @hey.delhi  @cakebakerybeauty  @food_first_always @foodjournal_mumbai @buzzfeedfood @foodyvid @foodys @foodelhi @wearegurgaon_ @thepunefoodie @foodiefrombombay  @lighthouse_foodie  @foodievid @hungrito @manchibaba@manchibaba @thefoodpunch @splendideats @foodofgoa #pavbhaji @food_ys#food #foodporn #foodie #comfortfood #tasty #vadilal #happiness #yummyfood #jodhpur #corn #foodstagram #foodielife #deliciousness @jodhpurfoodie @jodhpur_foodie_cafes @foodmaniacindia @foodiesofindia  @thecrazyindianfoodie  @thecrazyindianfoodie @jodhpurfoodworld @desserts.passion @mumbaifoodcrush @therawtextures @hey.delhi  @hey.mumbai @hungrychokro_escapades @splendideats  @hungrito @ashokala_design @bricks_restaurant_n_bakers",,,#repostit #fff #vadilal #food #tasty #deliciousness #happiness #foodie #corn #repostiftagged #pavbhaji #yummyfood #comfortfood #foodporn #followforfollow #jodhpur #foodielife #foodstagram #like4like,Jodhpur,"•
•
•
•
•
#food #foodporn #foodie #comfortfood #tasty #vadilal #happiness #yummyfood #jodhpur #corn #foodstagram #foodielife #deliciousness @jodhpurfoodie @jodhpur_foodie_cafes @foodmaniacindia @foodiesofindia  @thecrazyindianfoodie  @thecrazyindianfoodie @jodhpurfoodworld @desserts.opassion @mumbaifoodcrush @therawtextures @hey.delhi  @hey.mumbai @hungrychokro_escapades @splendideats  @hungrito#food #foodporn #foodie #comfortfood #tasty #vadilal #happiness #like4like #followforfollow #fff #yummyfood #jodhpur #corn #foodstagram #repostit #repostiftagged #foodielife #deliciousness @jodhpurfoodie @jodhpur_foodie_cafes @foodmaniacindia @foodiesofindia @thecrazyindianfoodie  @thecrazyindianfoodie@thecrazyindianfoodie  @thecrazyindianfoodie @jodhpurfoodworld @desserts.passion @mumbaifoodcrush @therawtextures @hey.delhi  @cakebakerybeauty  @food_first_always @foodjournal_mumbai @buzzfeedfood @foodyvid @foodys @foodelhi @wearegurgaon_ @thepunefoodie @foodiefrombombay  @lighthouse_foodie  @foodievid @hungrito @manchibaba@manchibaba @thefoodpunch @splendideats @foodofgoa #pavbhaji @food_ys#food #foodporn #foodie #comfortfood #tasty #vadilal #happiness #yummyfood #jodhpur #corn #foodstagram #foodielife #deliciousness @jodhpurfoodie @jodhpur_foodie_cafes @foodmaniacindia @foodiesofindia  @thecrazyindianfoodie  @thecrazyindianfoodie @jodhpurfoodworld @desserts.passion @mumbaifoodcrush @therawtextures @hey.delhi  @hey.mumbai @hungrychokro_escapades @splendideats  @hungrito @ashokala_design @bricks_restaurant_n_bakers #repostit #fff #vadilal #food #tasty #deliciousness #happiness #foodie #corn #repostiftagged #pavbhaji #yummyfood #comfortfood #foodporn #followforfollow #jodhpur #foodielife #foodstagram #like4like Jodhpur",98,0,False,1535223174,5345409033,0
53,1854960136808999398,Bm-JGqbAqnm,39252505_298559624254285_8065922214394796055_n.jpg,C:\Coding\projects\pavbhaji_model\machinelearningchallenge\dataset\dataset\images\0\39252505_298559624254285_8065922214394796055_n.jpg,0,"Butter chicken pizza !
.
.
.
.
.
.
.
.

Yes you read it right.
This is the Butter Chicken Pizza from the kitchen of @hashguyschandigarh.
.
.
.
.
.
.
.
.
Follow @foodcriticintown for more.
.
.
.
#pavbhaji #dwarka#chandigarhfoodblogger#chandigarhblogger #heydelhi #delhifoodblogger#foodtalkindia #zingyzest #vforveggie #foodmaniacindia#dillifoodies #saadidilli #mumbaifoodies #dilsefoodie#trellingfood #indianfoodie #desikhana #indianfoodblogger#hungrydilliwaali #grubzone #delhifoodwalks #mumbaiigers#indianstreetfood #delhifoodguide #saadidilli #sodelhi#delhitimes #delhibloggers #delhistreetfood #mumbaistreetfood

@thegirlinphulkari 
@thefooddestination 
@the__unknown_photographer 
@foodiebaniya 
@platetoplate.fromours.toyours 
@coupleonbike 
@brunchbabeindia",,,#mumbaistreetfood #foodmaniacindia #mumbaiigers #indianfoodie #indianstreetfood #vforveggie #chandigarhblogger #saadidilli #chandigarhfoodblogger #grubzone #mumbaifoodies #zingyzest #delhibloggers #delhifoodwalks #dillifoodies #hungrydilliwaali #indianfoodblogger #delhitimes #delhifoodblogger #dwarka #desikhana #delhistreetfood #heydelhi #pavbhaji #dilsefoodie #foodtalkindia #delhifoodguide #trellingfood #sodelhi,"Chandigarh, India","Butter chicken pizza !
.
.
.
.
.
.
.
.

Yes you read it right.
This is the Butter Chicken Pizza from the kitchen of @hashguyschandigarh.
.
.
.
.
.
.
.
.
Follow @foodcriticintown for more.
.
.
.
#pavbhaji #dwarka#chandigarhfoodblogger#chandigarhblogger #heydelhi #delhifoodblogger#foodtalkindia #zingyzest #vforveggie #foodmaniacindia#dillifoodies #saadidilli #mumbaifoodies #dilsefoodie#trellingfood #indianfoodie #desikhana #indianfoodblogger#hungrydilliwaali #grubzone #delhifoodwalks #mumbaiigers#indianstreetfood #delhifoodguide #saadidilli #sodelhi#delhitimes #delhibloggers #delhistreetfood #mumbaistreetfood

@thegirlinphulkari 
@thefooddestination 
@the__unknown_photographer 
@foodiebaniya 
@platetoplate.fromours.toyours 
@coupleonbike 
@brunchbabeindia #mumbaistreetfood #foodmaniacindia #mumbaiigers #indianfoodie #indianstreetfood #vforveggie #chandigarhblogger #saadidilli #chandigarhfoodblogger #grubzone #mumbaifoodies #zingyzest #delhibloggers #delhifoodwalks #dillifoodies #hungrydilliwaali #indianfoodblogger #delhitimes #delhifoodblogger #dwarka #desikhana #delhistreetfood #heydelhi #pavbhaji #dilsefoodie #foodtalkindia #delhifoodguide #trellingfood #sodelhi Chandigarh, India",433,7,False,1535348501,315459022,0
491,1850836095856788138,BmvfZ9_A8Kq,37628980_2306723749342705_4013074861353074688_n.jpg,C:\Coding\projects\pavbhaji_model\machinelearningchallenge\dataset\dataset\images\1\37628980_2306723749342705_4013074861353074688_n.jpg,1,"Favourite dish ever😍 nothing can beat pav bhaji 😋
Tag your friends who love pav bhaji❤⬇
.
.
.
.
.
Follow for more amazing post @taste_bird
@taste_bird
@taste_bird
@taste_bird
.
.
.
.
.
#pavbhaji #plate #thali #food #foodporn #foodie #indianfood #foodblogger #foodgasm #foodphotography #foody #mouthwatering #followforfollow #likeforlikes #like4likes #foodpics #hungrydilliwaali #vforveggie #sodelhi #taste_bird",,,#followforfollow #sodelhi #foodphotography #hungrydilliwaali #foodblogger #food #foodie #thali #foody #pavbhaji #mouthwatering #like4likes #vforveggie #taste_bird #foodpics #foodporn #plate #indianfood #likeforlikes #foodgasm,Imly,"Favourite dish ever😍 nothing can beat pav bhaji 😋
Tag your friends who love pav bhaji❤⬇
.
.
.
.
.
Follow for more amazing post @taste_bird
@taste_bird
@taste_bird
@taste_bird
.
.
.
.
.
#pavbhaji #plate #thali #food #foodporn #foodie #indianfood #foodblogger #foodgasm #foodphotography #foody #mouthwatering #followforfollow #likeforlikes #like4likes #foodpics #hungrydilliwaali #vforveggie #sodelhi #taste_bird #followforfollow #sodelhi #foodphotography #hungrydilliwaali #foodblogger #food #foodie #thali #foody #pavbhaji #mouthwatering #like4likes #vforveggie #taste_bird #foodpics #foodporn #plate #indianfood #likeforlikes #foodgasm Imly",75,4,False,1534856877,5369285506,0
28,1855162102002483012,Bm-3BpKn_9E,39346971_1855994551147872_9135522058522853376_n.jpg,C:\Coding\projects\pavbhaji_model\machinelearningchallenge\dataset\dataset\images\0\39346971_1855994551147872_9135522058522853376_n.jpg,0,"Such a colourful Sprouts Chaat 😛
.
.
.
.
.
.
. .
.
.
.
.
.
. .
.
#samosa #thali #mumbai_igers #kolkatadiaries #newdelhi #sprouts #kolkata #delhi_igers #mymumbai #delhidiaries #indiancurry #delhi #mumbaifoodie #delhifoodie #kolkata_igers #kolkatafoodie #delhigram #sodelhi #bangalorediaries #bangalore #chaat #bhelpuri #pavbhaji #vadapav #golgappa #foodvsco #foodgasm #travelpic",,,#vadapav #delhifoodie #mumbaifoodie #newdelhi #kolkatadiaries #mymumbai #thali #delhidiaries #golgappa #mumbai_igers #sprouts #foodvsco #kolkata_igers #chaat #bhelpuri #travelpic #samosa #kolkata #indiancurry #bangalorediaries #foodgasm #delhigram #pavbhaji #bangalore #delhi #delhi_igers #sodelhi #kolkatafoodie,Hauz Khas Village,"Such a colourful Sprouts Chaat 😛
.
.
.
.
.
.
. .
.
.
.
.
.
. .
.
#samosa #thali #mumbai_igers #kolkatadiaries #newdelhi #sprouts #kolkata #delhi_igers #mymumbai #delhidiaries #indiancurry #delhi #mumbaifoodie #delhifoodie #kolkata_igers #kolkatafoodie #delhigram #sodelhi #bangalorediaries #bangalore #chaat #bhelpuri #pavbhaji #vadapav #golgappa #foodvsco #foodgasm #travelpic #vadapav #delhifoodie #mumbaifoodie #newdelhi #kolkatadiaries #mymumbai #thali #delhidiaries #golgappa #mumbai_igers #sprouts #foodvsco #kolkata_igers #chaat #bhelpuri #travelpic #samosa #kolkata #indiancurry #bangalorediaries #foodgasm #delhigram #pavbhaji #bangalore #delhi #delhi_igers #sodelhi #kolkatafoodie Hauz Khas Village",1466,9,False,1535372577,6046055157,0
89,1854415153418551577,Bm8NMHFnUEZ,39928574_1685271394914740_2477531960344313856_n.jpg,C:\Coding\projects\pavbhaji_model\machinelearningchallenge\dataset\dataset\images\0\39928574_1685271394914740_2477531960344313856_n.jpg,0,These pav bhajis are a great veggie alternative to burgers and they are so tasty! We used the @meerasodha recipe. #glutenfree #glutenfreelife #glutenfreerecipes #glutenfreelife #veggie #vegetarian #vegan #indianfood #meerasodharecipe #homecooking #foodie #favouritefood #veganfood #tasty #flavours #pavbhaji #foodie #foodstagram #instafood #indian #fakeaway #healthyeating #healthyfood #healthylifestyle #cleaneating #veggies #curry #foodporn #onmyplate #cookingonabudget,,,#healthyfood #glutenfreerecipes #foodie #indianfood #veggie #vegetarian #instafood #foodporn #indian #glutenfree #favouritefood #cleaneating #onmyplate #healthyeating #foodstagram #fakeaway #flavours #glutenfreelife #veggies #cookingonabudget #veganfood #vegan #meerasodharecipe #tasty #pavbhaji #homecooking #curry #healthylifestyle,Bolton,These pav bhajis are a great veggie alternative to burgers and they are so tasty! We used the @meerasodha recipe. #glutenfree #glutenfreelife #glutenfreerecipes #glutenfreelife #veggie #vegetarian #vegan #indianfood #meerasodharecipe #homecooking #foodie #favouritefood #veganfood #tasty #flavours #pavbhaji #foodie #foodstagram #instafood #indian #fakeaway #healthyeating #healthyfood #healthylifestyle #cleaneating #veggies #curry #foodporn #onmyplate #cookingonabudget #healthyfood #glutenfreerecipes #foodie #indianfood #veggie #vegetarian #instafood #foodporn #indian #glutenfree #favouritefood #cleaneating #onmyplate #healthyeating #foodstagram #fakeaway #flavours #glutenfreelife #veggies #cookingonabudget #veganfood #vegan #meerasodharecipe #tasty #pavbhaji #homecooking #curry #healthylifestyle Bolton,37,2,False,1535283534,4638917670,0
182,1853552808895002434,Bm5JHWKnTdC,39504470_1621592254629207_9042093162486562816_n.jpg,C:\Coding\projects\pavbhaji_model\machinelearningchallenge\dataset\dataset\images\0\39504470_1621592254629207_9042093162486562816_n.jpg,0,"Was a bit confused while ordering my lunch.. Finally ended having both 😝😝
.
.
.
.
In frame : Chole Bhature & Cheese Pav Bhaji
.
.
.
.
📷 : @kavita_parab_gawde .
.
.
.
#cholebhature #chole #bhaturechole #cheesepavbhaji #pavbhaji #sortedlunchscenes #weekendvibes #itssocheesy #streetfoodaddicts #thanefoodie #mumbaifoodie #livetoeat",,,#bhaturechole #cheesepavbhaji #mumbaifoodie #pavbhaji #itssocheesy #weekendvibes #streetfoodaddicts #chole #cholebhature #thanefoodie #livetoeat #sortedlunchscenes,Metro Mall-Kalyan,"Was a bit confused while ordering my lunch.. Finally ended having both 😝😝
.
.
.
.
In frame : Chole Bhature & Cheese Pav Bhaji
.
.
.
.
📷 : @kavita_parab_gawde .
.
.
.
#cholebhature #chole #bhaturechole #cheesepavbhaji #pavbhaji #sortedlunchscenes #weekendvibes #itssocheesy #streetfoodaddicts #thanefoodie #mumbaifoodie #livetoeat #bhaturechole #cheesepavbhaji #mumbaifoodie #pavbhaji #itssocheesy #weekendvibes #streetfoodaddicts #chole #cholebhature #thanefoodie #livetoeat #sortedlunchscenes Metro Mall-Kalyan",84,0,False,1535180735,2091020634,0
404,1851532329902707406,Bmx9tgeAJLO,38958318_1905819189457418_5015357616482680832_n.jpg,C:\Coding\projects\pavbhaji_model\machinelearningchallenge\dataset\dataset\images\0\38958318_1905819189457418_5015357616482680832_n.jpg,0,"PAV BHAJI: Spicy thick vegetable curry, served with soft bread (•PAV•)
#Food #foodporn #foodie #streetfood #spicyfood
#pavbhaji #foodgram #foodgasm #soulfood #foodislife #foodstagram #foodphotography #raipurfoodie #raipurfood #indianfood #indianfoodblogger #likeforlike #foodblogger #foodblog #veganfood #connoisseur #connoisseurvista #raipur #bhilai #durg #chhattisgarh #india",,,#raipurfoodie #foodgram #foodphotography #connoisseurvista #foodblogger #foodie #bhilai #indianfood #raipurfood #likeforlike #connoisseur #Food #spicyfood #durg #chhattisgarh #foodporn #foodblog #india #indianfoodblogger #raipur #foodislife #foodstagram #veganfood #soulfood #streetfood #pavbhaji #foodgasm,,"PAV BHAJI: Spicy thick vegetable curry, served with soft bread (•PAV•)
#Food #foodporn #foodie #streetfood #spicyfood
#pavbhaji #foodgram #foodgasm #soulfood #foodislife #foodstagram #foodphotography #raipurfoodie #raipurfood #indianfood #indianfoodblogger #likeforlike #foodblogger #foodblog #veganfood #connoisseur #connoisseurvista #raipur #bhilai #durg #chhattisgarh #india #raipurfoodie #foodgram #foodphotography #connoisseurvista #foodblogger #foodie #bhilai #indianfood #raipurfood #likeforlike #connoisseur #Food #spicyfood #durg #chhattisgarh #foodporn #foodblog #india #indianfoodblogger #raipur #foodislife #foodstagram #veganfood #soulfood #streetfood #pavbhaji #foodgasm",41,0,False,1534939875,6588410148,0
122,1853955871057285088,Bm6kwrDno_g,39576242_714317315585240_8859294814588370944_n.jpg,C:\Coding\projects\pavbhaji_model\machinelearningchallenge\dataset\dataset\images\0\39576242_714317315585240_8859294814588370944_n.jpg,0,"Celebrate Test Ka Bandhan On Raksha Bandhan

#celebrate #rakshabandhan #yummy😋 #yummybites @yummy_bites_cbe 
#samosa #panipuri #vadapav #grillsandwich #dabeli #bhelpuri #chaatitems #pavbhaji #manchurian #2018 #yummy",,,#rakshabandhan #vadapav #grillsandwich #2018 #celebrate #bhelpuri #panipuri #manchurian #yummybites #pavbhaji #yummy #samosa #chaatitems #dabeli,"Coimbatore, Tamil Nadu","Celebrate Test Ka Bandhan On Raksha Bandhan

#celebrate #rakshabandhan #yummy😋 #yummybites @yummy_bites_cbe 
#samosa #panipuri #vadapav #grillsandwich #dabeli #bhelpuri #chaatitems #pavbhaji #manchurian #2018 #yummy #rakshabandhan #vadapav #grillsandwich #2018 #celebrate #bhelpuri #panipuri #manchurian #yummybites #pavbhaji #yummy #samosa #chaatitems #dabeli Coimbatore, Tamil Nadu",38,0,False,1535228783,8121249365,0
150,1853751051733442747,Bm52MKMlCC7,39930985_281861379296682_7918240481870348288_n.jpg,C:\Coding\projects\pavbhaji_model\machinelearningchallenge\dataset\dataset\images\0\39930985_281861379296682_7918240481870348288_n.jpg,0,"Perfect fondue for the chaat lover!♥
~Pav Bhaji Fondue~
⭐4/5⭐
Price-Rs320
#pavbhaji#fondue#fonduelovers#foodporn#foodie#foodforlife#goodfood#foodgasm#foodphotography#instalike#instafood#instagrammer",,,#instalike #fonduelovers #foodphotography #foodie #instagrammer #pavbhaji #instafood #foodforlife #foodporn #fondue #foodgasm #goodfood,Videsi desi Bistro,"Perfect fondue for the chaat lover!♥
~Pav Bhaji Fondue~
⭐4/5⭐
Price-Rs320
#pavbhaji#fondue#fonduelovers#foodporn#foodie#foodforlife#goodfood#foodgasm#foodphotography#instalike#instafood#instagrammer #instalike #fonduelovers #foodphotography #foodie #instagrammer #pavbhaji #instafood #foodforlife #foodporn #fondue #foodgasm #goodfood Videsi desi Bistro",39,0,False,1535204367,8439609236,0
397,1851571240211163316,BmyGjuhHai0,38996711_287854818671355_2498153910808608768_n.jpg,C:\Coding\projects\pavbhaji_model\machinelearningchallenge\dataset\dataset\images\1\38996711_287854818671355_2498153910808608768_n.jpg,1,"Pav bhaji 
Where - @imlydelhi 
Price - RS 129
⭐ 3.5/5
#food
#foodie 
#foodblogging 
#foodblogger 
#pavbhaji
#imly
#instafood
#instadaily
#imly
#weekends 
#wearegurgaon 
#heydelhi 
#saadidilli 
#delhifoodguide
#foodie_mua_from_gurgaon❤️ Follow @foodie_mua_from_gurgaon  for latest food updates 😍😘",,,#❤️ #foodblogger #food #foodie #heydelhi #pavbhaji #delhifoodguide #instafood #instadaily #foodblogging #imly #wearegurgaon #saadidilli #weekends,Imly,"Pav bhaji 
Where - @imlydelhi 
Price - RS 129
⭐ 3.5/5
#food
#foodie 
#foodblogging 
#foodblogger 
#pavbhaji
#imly
#instafood
#instadaily
#imly
#weekends 
#wearegurgaon 
#heydelhi 
#saadidilli 
#delhifoodguide
#foodie_mua_from_gurgaon❤️ Follow @foodie_mua_from_gurgaon  for latest food updates 😍😘 #❤️ #foodblogger #food #foodie #heydelhi #pavbhaji #delhifoodguide #instafood #instadaily #foodblogging #imly #wearegurgaon #saadidilli #weekends Imly",90,2,False,1534944513,6735315649,0
406,1851518934419957740,Bmx6qk9Aufs,39126843_545305162566234_5936394472433647616_n.jpg,C:\Coding\projects\pavbhaji_model\machinelearningchallenge\dataset\dataset\images\1\39126843_545305162566234_5936394472433647616_n.jpg,1,"When it’s raining ☔️ cats n dog still u crave good food 😝😍
What: pav bhaji 
Where : arjun pav bhaji , Model Town, delhi 
Cost : Rs 100/- Taste :4/5 .
.
For more chatpate updates stay tuned and follow us 😬 www.instagram.com/chatpati_shikha
.
.
For Youtube 
https://www.youtube.com/channel/UCgqRATWpP0ePnwxuLc82SJA
.
.
#chatpati_shikha #indiapictures #storiesofindia #beingdilliwaala #foodmania #beautifulcuisines #saadidilli #delhihai #heydelhi #sodelhi #delhifoodguide #delhifood #delhi #dfordelhi  #indian  #india #indianfood #food #yummy #cravings #whatsonmyplate #love  #iwant #delish #pavbhaji #streetfood #vegitarian",,,#vegitarian #cravings #indianfood #saadidilli #delish #indian #delhihai #delhifood #dfordelhi #india #love #storiesofindia #yummy #whatsonmyplate #iwant #beingdilliwaala #indiapictures #chatpati_shikha #food #foodmania #heydelhi #streetfood #pavbhaji #delhi #delhifoodguide #sodelhi #beautifulcuisines,"Arjun Pao Bhaji, Model Town Three","When it’s raining ☔️ cats n dog still u crave good food 😝😍
What: pav bhaji 
Where : arjun pav bhaji , Model Town, delhi 
Cost : Rs 100/- Taste :4/5 .
.
For more chatpate updates stay tuned and follow us 😬 www.instagram.com/chatpati_shikha
.
.
For Youtube 
https://www.youtube.com/channel/UCgqRATWpP0ePnwxuLc82SJA
.
.
#chatpati_shikha #indiapictures #storiesofindia #beingdilliwaala #foodmania #beautifulcuisines #saadidilli #delhihai #heydelhi #sodelhi #delhifoodguide #delhifood #delhi #dfordelhi  #indian  #india #indianfood #food #yummy #cravings #whatsonmyplate #love  #iwant #delish #pavbhaji #streetfood #vegitarian #vegitarian #cravings #indianfood #saadidilli #delish #indian #delhihai #delhifood #dfordelhi #india #love #storiesofindia #yummy #whatsonmyplate #iwant #beingdilliwaala #indiapictures #chatpati_shikha #food #foodmania #heydelhi #streetfood #pavbhaji #delhi #delhifoodguide #sodelhi #beautifulcuisines Arjun Pao Bhaji, Model Town Three",4354,6,False,1534938278,1256928799,0
64,1854745249269948871,Bm9YPozlCHH,39269283_291368048323972_322767488079101952_n.jpg,C:\Coding\projects\pavbhaji_model\machinelearningchallenge\dataset\dataset\images\0\39269283_291368048323972_322767488079101952_n.jpg,0,Dinner time!!! Made some #pavbhaji #patra and #samosas 😋 #millerlite,,,#pavbhaji #patra #millerlite #samosas,"Boonsboro, Virginia","Dinner time!!! Made some #pavbhaji #patra and #samosas 😋 #millerlite #pavbhaji #patra #millerlite #samosas Boonsboro, Virginia",22,4,False,1535322885,251295924,0
488,1850859713774617084,Bmvkxp4ngH8,39013977_264152697752696_3248243870013587456_n.jpg,C:\Coding\projects\pavbhaji_model\machinelearningchallenge\dataset\dataset\images\0\39013977_264152697752696_3248243870013587456_n.jpg,0,"This is bombay masala pav bhaji 😍 .

Loaded with butter, spices of bhaji merged with  softness of pav 😋 .

Where : 📍 arjun pav bhaji, model town 3
Price : 130/- only .

#pavbhaji #indianfood #desifood #streetfood #sodelicious #fingerlicking #delhistreets #delhigram #delhifoodblogger #foodpic #sodelhi #instafoodie #instafood #foodtalkindia #delhifoodguide #foodblog #delhiigers #foodlove #delhistreetfood #foodphotography #foodporn #foodoftheday #foodislife #modeltown #delhifood #desikhana",,,#foodphotography #instafoodie #fingerlicking #indianfood #foodlove #instafood #foodporn #foodblog #desifood #delhifood #delhistreets #modeltown #foodislife #foodpic #delhifoodblogger #desikhana #delhigram #delhistreetfood #foodoftheday #streetfood #pavbhaji #foodtalkindia #delhiigers #delhifoodguide #sodelicious #sodelhi,New Arjun Bombay Pav Bhaji,"This is bombay masala pav bhaji 😍 .

Loaded with butter, spices of bhaji merged with  softness of pav 😋 .

Where : 📍 arjun pav bhaji, model town 3
Price : 130/- only .

#pavbhaji #indianfood #desifood #streetfood #sodelicious #fingerlicking #delhistreets #delhigram #delhifoodblogger #foodpic #sodelhi #instafoodie #instafood #foodtalkindia #delhifoodguide #foodblog #delhiigers #foodlove #delhistreetfood #foodphotography #foodporn #foodoftheday #foodislife #modeltown #delhifood #desikhana #foodphotography #instafoodie #fingerlicking #indianfood #foodlove #instafood #foodporn #foodblog #desifood #delhifood #delhistreets #modeltown #foodislife #foodpic #delhifoodblogger #desikhana #delhigram #delhistreetfood #foodoftheday #streetfood #pavbhaji #foodtalkindia #delhiigers #delhifoodguide #sodelicious #sodelhi New Arjun Bombay Pav Bhaji",175,10,False,1534859693,332369244,0
40,1855078663471271738,Bm-kDc-nI86,39096012_532089587216759_3060252498632638464_n.jpg,C:\Coding\projects\pavbhaji_model\machinelearningchallenge\dataset\dataset\images\0\39096012_532089587216759_3060252498632638464_n.jpg,0,"Garlic Noddles with chilli chicken
.
.
.
The perfect combo 🤤
.
.
.
#pavbhaji #dwarka#chandigarhfoodblogger#chandigarhblogger #heydelhi #delhifoodblogger#foodtalkindia #zingyzest #vforveggie #foodmaniacindia#dillifoodies #saadidilli #mumbaifoodies #dilsefoodie#trellingfood #indianfoodie #desikhana #indianfoodblogger#hungrydilliwaali #grubzone #delhifoodwalks #mumbaiigers#indianstreetfood #delhifoodguide #saadidilli #sodelhi#delhitimes #delhibloggers #delhistreetfood #mumbaistreetfood",,,#mumbaistreetfood #foodmaniacindia #mumbaiigers #indianfoodie #indianstreetfood #vforveggie #chandigarhblogger #saadidilli #chandigarhfoodblogger #grubzone #mumbaifoodies #zingyzest #delhibloggers #delhifoodwalks #dillifoodies #hungrydilliwaali #indianfoodblogger #delhitimes #delhifoodblogger #dwarka #desikhana #delhistreetfood #heydelhi #pavbhaji #dilsefoodie #foodtalkindia #delhifoodguide #trellingfood #sodelhi,Chandigarh,"Garlic Noddles with chilli chicken
.
.
.
The perfect combo 🤤
.
.
.
#pavbhaji #dwarka#chandigarhfoodblogger#chandigarhblogger #heydelhi #delhifoodblogger#foodtalkindia #zingyzest #vforveggie #foodmaniacindia#dillifoodies #saadidilli #mumbaifoodies #dilsefoodie#trellingfood #indianfoodie #desikhana #indianfoodblogger#hungrydilliwaali #grubzone #delhifoodwalks #mumbaiigers#indianstreetfood #delhifoodguide #saadidilli #sodelhi#delhitimes #delhibloggers #delhistreetfood #mumbaistreetfood #mumbaistreetfood #foodmaniacindia #mumbaiigers #indianfoodie #indianstreetfood #vforveggie #chandigarhblogger #saadidilli #chandigarhfoodblogger #grubzone #mumbaifoodies #zingyzest #delhibloggers #delhifoodwalks #dillifoodies #hungrydilliwaali #indianfoodblogger #delhitimes #delhifoodblogger #dwarka #desikhana #delhistreetfood #heydelhi #pavbhaji #dilsefoodie #foodtalkindia #delhifoodguide #trellingfood #sodelhi Chandigarh",122,5,False,1535362631,4085064959,0
194,1853451869687623594,Bm4yKfNA6-q,39134864_239166323468557_2781062603437244416_n.jpg,C:\Coding\projects\pavbhaji_model\machinelearningchallenge\dataset\dataset\images\0\39134864_239166323468557_2781062603437244416_n.jpg,0,"Arjun Pav Bhaji

Pav Bhaji and Masala Pav be like, yummy and mouth-watering. For all the evening hunger sessions are sorted here with great taste and flavours !! 😋😎😍 Location: Model Town III, Delhi
#godelhi #visitthedelhi #pavbhaji #delhifood #delhifoodies #delhifoodie #delhifood #delhifoodguide #delhifoodblogger #delhifun #delhifoodlover #foods #foodgasm #foodie #loveforfood #lovefoods #pav #pavbhaaji",,,#delhifood #lovefoods #delhifoodblogger #godelhi #foods #loveforfood #delhifoodie #pavbhaaji #visitthedelhi #foodie #pavbhaji #delhifoodguide #pav #delhifun #delhifoodlover #delhifoodies #foodgasm,,"Arjun Pav Bhaji

Pav Bhaji and Masala Pav be like, yummy and mouth-watering. For all the evening hunger sessions are sorted here with great taste and flavours !! 😋😎😍 Location: Model Town III, Delhi
#godelhi #visitthedelhi #pavbhaji #delhifood #delhifoodies #delhifoodie #delhifood #delhifoodguide #delhifoodblogger #delhifun #delhifoodlover #foods #foodgasm #foodie #loveforfood #lovefoods #pav #pavbhaaji #delhifood #lovefoods #delhifoodblogger #godelhi #foods #loveforfood #delhifoodie #pavbhaaji #visitthedelhi #foodie #pavbhaji #delhifoodguide #pav #delhifun #delhifoodlover #delhifoodies #foodgasm",17,2,False,1535168702,8368920451,0
430,1658570531803723506,BcEbRx3F3by,24274012_2042365482666908_6941195371183865856_n.jpg,C:\Coding\projects\pavbhaji_model\machinelearningchallenge\dataset\dataset\images\0\24274012_2042365482666908_6941195371183865856_n.jpg,0,My stickers are in Snapchat now.. go-ahead and experience:-) #panipuri #pavbhaji #gulabjamun #kulfi #idiev #idli #vada #tundercoconut #fishfry #samosa #butterchicken #limesoda #biryani #palakpaneer #ladoo #jalebi #vadapav #chapathi #masaladosa #pickle #foodlover #foodillustration #sticker #snapchats #indianfood #spicy #satishgangaiah #streetfood #worldfood #emojis,,,#emojis #vadapav #worldfood #panipuri #chapathi #sticker #indianfood #fishfry #butterchicken #foodlover #snapchats #ladoo #spicy #idiev #palakpaneer #idli #biryani #masaladosa #tundercoconut #samosa #limesoda #kulfi #foodillustration #satishgangaiah #vada #jalebi #streetfood #pavbhaji #gulabjamun #pickle,,My stickers are in Snapchat now.. go-ahead and experience:-) #panipuri #pavbhaji #gulabjamun #kulfi #idiev #idli #vada #tundercoconut #fishfry #samosa #butterchicken #limesoda #biryani #palakpaneer #ladoo #jalebi #vadapav #chapathi #masaladosa #pickle #foodlover #foodillustration #sticker #snapchats #indianfood #spicy #satishgangaiah #streetfood #worldfood #emojis #emojis #vadapav #worldfood #panipuri #chapathi #sticker #indianfood #fishfry #butterchicken #foodlover #snapchats #ladoo #spicy #idiev #palakpaneer #idli #biryani #masaladosa #tundercoconut #samosa #limesoda #kulfi #foodillustration #satishgangaiah #vada #jalebi #streetfood #pavbhaji #gulabjamun #pickle,51,0,False,1511937036,1374904064,0
174,1853605373370471770,Bm5VEQpgJVa,39368633_1890062257728128_5804901759449038848_n.jpg,C:\Coding\projects\pavbhaji_model\machinelearningchallenge\dataset\dataset\images\0\39368633_1890062257728128_5804901759449038848_n.jpg,0,"#SimpleSaturday cravings!!
Bun maska + Chai & Pav + Bhaji.... You don't need to be in a certain mood for these classics. Agree?
.
At: Chaayos, Mall of India, Noida
.
TAG the #CHAI GANG here!! .
.
Click by @eat.naach.love .
.
#Talkingstreet #tsnoida #noidafoodies #delhigram #sodelhi #foodmaniac #Delhidiaries #foodiesofindia #instafoodies #pavbhaji #bhajipav #bunmaska #malldiaries #chaitime",,,#CHAI #Talkingstreet #foodmaniac #bunmaska #tsnoida #SimpleSaturday #malldiaries #delhigram #Delhidiaries #pavbhaji #foodiesofindia #bhajipav #noidafoodies #instafoodies #chaitime #sodelhi,Chaayos,"#SimpleSaturday cravings!!
Bun maska + Chai & Pav + Bhaji.... You don't need to be in a certain mood for these classics. Agree?
.
At: Chaayos, Mall of India, Noida
.
TAG the #CHAI GANG here!! .
.
Click by @eat.naach.love .
.
#Talkingstreet #tsnoida #noidafoodies #delhigram #sodelhi #foodmaniac #Delhidiaries #foodiesofindia #instafoodies #pavbhaji #bhajipav #bunmaska #malldiaries #chaitime #CHAI #Talkingstreet #foodmaniac #bunmaska #tsnoida #SimpleSaturday #malldiaries #delhigram #Delhidiaries #pavbhaji #foodiesofindia #bhajipav #noidafoodies #instafoodies #chaitime #sodelhi Chaayos",131,0,False,1535187001,1957455059,0
21,1855192456304594087,Bm-97W0BQyn,37158549_528309647598249_6068909533663592448_n.jpg,C:\Coding\projects\pavbhaji_model\machinelearningchallenge\dataset\dataset\images\0\37158549_528309647598249_6068909533663592448_n.jpg,0,"People who love food are the best 😁
.
.
.
.
.
.
.
.
.
.
.
.
.
.
.
.
.
.
#food #foods #foodie #foody #foodporn #foodshot #foodgasm #foodphotography #foodpics #foodstagram #tbt #foodography #instafood #foodblog #foodiegram #foodielife 
#kolhapur #maharashtra #india #mumbaikar 
#misal #pavbhaji #thalipeeth #nomnom #omnom #bhelpuri #thali #dosa #lonidosa 
#goodfood",,,#foodphotography #lonidosa #tbt #foodie #maharashtra #foodpics #foodography #thali #thalipeeth #instafood #foodporn #foodblog #goodfood #omnom #nomnom #india #bhelpuri #foodshot #foodiegram #foodstagram #foodielife #dosa #foods #food #foody #misal #pavbhaji #kolhapur #foodgasm #mumbaikar,Kolhapur,"People who love food are the best 😁
.
.
.
.
.
.
.
.
.
.
.
.
.
.
.
.
.
.
#food #foods #foodie #foody #foodporn #foodshot #foodgasm #foodphotography #foodpics #foodstagram #tbt #foodography #instafood #foodblog #foodiegram #foodielife 
#kolhapur #maharashtra #india #mumbaikar 
#misal #pavbhaji #thalipeeth #nomnom #omnom #bhelpuri #thali #dosa #lonidosa 
#goodfood #foodphotography #lonidosa #tbt #foodie #maharashtra #foodpics #foodography #thali #thalipeeth #instafood #foodporn #foodblog #goodfood #omnom #nomnom #india #bhelpuri #foodshot #foodiegram #foodstagram #foodielife #dosa #foods #food #foody #misal #pavbhaji #kolhapur #foodgasm #mumbaikar Kolhapur",28,0,False,1535376196,3421689455,0
453,1851067768684594256,BmwUFQHnsRQ,38854436_158124208394414_3232587163736473600_n.jpg,C:\Coding\projects\pavbhaji_model\machinelearningchallenge\dataset\dataset\images\0\38854436_158124208394414_3232587163736473600_n.jpg,0,"🤤 Our smoothies are soo good & addictive that you'll fight even your Best friends for it 😍
.
😯 Still haven't tried anything @bubblebeeindia ? Then you are surely missing on a lot of things! 😥
.
Why wait come @bubblebeeindia
And enjoy your favorite smoothies waffles and many more amazingly delicious bubble waffles, bubble tea today, ""kyuki acche kaamo me deri nahi kiya karte hai"" 😄♥️
.
.
.
.
.
@tastemade @devouverpower @thisfoodinsider @zingyzest @dillifoodies @saadidilli @tasty @foodnetwork @cheatdayeats @foodtalkindia @thisinsiderfood @foodgod @foodbeast @food52 @uniladgrub @bonappetitmag @buzzfeedtasty @trellingfood @bbcgoodfood @noleftovers  #foodblogger #foodie #foodphotography #mumbaifoodies  #zingyzest#delhifoodies #saadidilli #dillifoodies #indianfood #saaturrdaayy #delhifood #nagpurfood #kolkatafoodies #pavbhaji #buzzfeast  #foodporn #buzzfeedfood  #nagpur #indianstreetfood #pune #punefoodies #puneri #punefoodbloggers",,,#foodphotography #foodblogger #foodie #indianstreetfood #buzzfeast #indianfood #saadidilli #mumbaifoodies #punefoodies #foodporn #zingyzest #nagpur #delhifood #dillifoodies #pune #saaturrdaayy #delhifoodies #kolkatafoodies #nagpurfood #puneri #buzzfeedfood #pavbhaji #punefoodbloggers,,"🤤 Our smoothies are soo good & addictive that you'll fight even your Best friends for it 😍
.
😯 Still haven't tried anything @bubblebeeindia ? Then you are surely missing on a lot of things! 😥
.
Why wait come @bubblebeeindia
And enjoy your favorite smoothies waffles and many more amazingly delicious bubble waffles, bubble tea today, ""kyuki acche kaamo me deri nahi kiya karte hai"" 😄♥️
.
.
.
.
.
@tastemade @devouverpower @thisfoodinsider @zingyzest @dillifoodies @saadidilli @tasty @foodnetwork @cheatdayeats @foodtalkindia @thisinsiderfood @foodgod @foodbeast @food52 @uniladgrub @bonappetitmag @buzzfeedtasty @trellingfood @bbcgoodfood @noleftovers  #foodblogger #foodie #foodphotography #mumbaifoodies  #zingyzest#delhifoodies #saadidilli #dillifoodies #indianfood #saaturrdaayy #delhifood #nagpurfood #kolkatafoodies #pavbhaji #buzzfeast  #foodporn #buzzfeedfood  #nagpur #indianstreetfood #pune #punefoodies #puneri #punefoodbloggers #foodphotography #foodblogger #foodie #indianstreetfood #buzzfeast #indianfood #saadidilli #mumbaifoodies #punefoodies #foodporn #zingyzest #nagpur #delhifood #dillifoodies #pune #saaturrdaayy #delhifoodies #kolkatafoodies #nagpurfood #puneri #buzzfeedfood #pavbhaji #punefoodbloggers",261,0,False,1534884495,4292897960,0
206,1853147232977319082,Bm3s5cKHHSq,39364470_1902502406721844_2064528442031865856_n.jpg,C:\Coding\projects\pavbhaji_model\machinelearningchallenge\dataset\dataset\images\1\39364470_1902502406721844_2064528442031865856_n.jpg,1,"A busy morning spent mostly on  drop off pick up duties, a quick and easy bhaaji ( veg curry) was prepared and served with burger buns  for lunch. #pavbhaji #thulping #lunchtime #vegetarian  #comfortfood #chicagohomecooks #vegetarianfoodshare  #cauliflower #homemadefood #homemade  #foodpics #indianfood #desikhana #lentils #gharkakhana #desifood #friyay #vegansofig #indianfoodie #veganfood #walkwithindia #chennaifoodie #plantbased #chicagogram #chicagoig #almostcleaneating #almosthealthy  #chicagohomecooks #hemaskitchn #homecooking",,,#thulping #lunchtime #hemaskitchn #vegetarianfoodshare #plantbased #friyay #lentils #indianfoodie #comfortfood #foodpics #indianfood #homemadefood #chicagohomecooks #chicagoig #vegetarian #cauliflower #homecooking #desifood #chennaifoodie #almosthealthy #almostcleaneating #walkwithindia #veganfood #desikhana #vegansofig #pavbhaji #chicagogram #homemade #gharkakhana,,"A busy morning spent mostly on  drop off pick up duties, a quick and easy bhaaji ( veg curry) was prepared and served with burger buns  for lunch. #pavbhaji #thulping #lunchtime #vegetarian  #comfortfood #chicagohomecooks #vegetarianfoodshare  #cauliflower #homemadefood #homemade  #foodpics #indianfood #desikhana #lentils #gharkakhana #desifood #friyay #vegansofig #indianfoodie #veganfood #walkwithindia #chennaifoodie #plantbased #chicagogram #chicagoig #almostcleaneating #almosthealthy  #chicagohomecooks #hemaskitchn #homecooking #thulping #lunchtime #hemaskitchn #vegetarianfoodshare #plantbased #friyay #lentils #indianfoodie #comfortfood #foodpics #indianfood #homemadefood #chicagohomecooks #chicagoig #vegetarian #cauliflower #homecooking #desifood #chennaifoodie #almosthealthy #almostcleaneating #walkwithindia #veganfood #desikhana #vegansofig #pavbhaji #chicagogram #homemade #gharkakhana",134,4,False,1535132386,1453045181,0
30,1855124604142747453,Bm-uf-kA_89,39992125_538895866564785_6895245392984670208_n.jpg,C:\Coding\projects\pavbhaji_model\machinelearningchallenge\dataset\dataset\images\0\39992125_538895866564785_6895245392984670208_n.jpg,0,"#Repost @foodie_incarnate (@get_repost)
・・・
Vada Pav😍😍 Apko Pav Bhaji zyada pasand hai ya Vada Pav?? Tag your friends🤗🤗
.
.
Had it at Kumar Pav Bhaji Corner, Krishna Nagar. This shop serves the tastiest vada pavs in Delhi. Recommended.👍🏻
.
.
➖➖➖➖➖➖➖➖➖➖
.
. 
#foodieincarnate #sodelhi #newdelhi #foodtalkindiafood #delhigram #snack #vadapav #mumbaifoodie #eastdelhi #nashta #mumbaistreetfood #indianfood #delhite #delhifoodblogger #delhifoodblog #delhifood #indianstreetfood #indiancuisine #spicyfood #foodblogger #streetfood #breakfastgoals #foodcoma #homefood #mawana #meerut #pavbhaji #pune",,,#mumbaistreetfood #breakfastgoals #vadapav #delhifoodblog #foodblogger #snack #mumbaifoodie #newdelhi #indianstreetfood #foodcoma #nashta #meerut #indianfood #foodtalkindiafood #spicyfood #delhite #homefood #delhifood #Repost #mawana #pune #eastdelhi #delhifoodblogger #foodieincarnate #indiancuisine #delhigram #streetfood #pavbhaji #sodelhi,,"#Repost @foodie_incarnate (@get_repost)
・・・
Vada Pav😍😍 Apko Pav Bhaji zyada pasand hai ya Vada Pav?? Tag your friends🤗🤗
.
.
Had it at Kumar Pav Bhaji Corner, Krishna Nagar. This shop serves the tastiest vada pavs in Delhi. Recommended.👍🏻
.
.
➖➖➖➖➖➖➖➖➖➖
.
. 
#foodieincarnate #sodelhi #newdelhi #foodtalkindiafood #delhigram #snack #vadapav #mumbaifoodie #eastdelhi #nashta #mumbaistreetfood #indianfood #delhite #delhifoodblogger #delhifoodblog #delhifood #indianstreetfood #indiancuisine #spicyfood #foodblogger #streetfood #breakfastgoals #foodcoma #homefood #mawana #meerut #pavbhaji #pune #mumbaistreetfood #breakfastgoals #vadapav #delhifoodblog #foodblogger #snack #mumbaifoodie #newdelhi #indianstreetfood #foodcoma #nashta #meerut #indianfood #foodtalkindiafood #spicyfood #delhite #homefood #delhifood #Repost #mawana #pune #eastdelhi #delhifoodblogger #foodieincarnate #indiancuisine #delhigram #streetfood #pavbhaji #sodelhi",341,3,False,1535368107,1626213207,0
272,1852731831223304750,Bm2OcjIH8Iu,39835957_2042453099398923_5855973645062504448_n.jpg,C:\Coding\projects\pavbhaji_model\machinelearningchallenge\dataset\dataset\images\1\39835957_2042453099398923_5855973645062504448_n.jpg,1,"PAV BHAJI
I'm the biggest pav bhaji lover!
That spicey limey garma garam bhaji when paired with makkhan me sika soft pav, haayyeee, Muu mee kuch kuch hota h.
I had this at Raju Chat Bhandar at abulane and was utterly disappointed. :/
The bhaji was so ""UBLI HUI""
It tasted bland and really 'normal'
The pav was also not that good and :( I so wish I could go to Jeemkhaan Maidan to have my fav one soon.

KAHA?!: Raju Chaat Bhandar, Abulane, Meerut
KITNE ME?!: 40₹ -_-
KAISA LAGA?!: NOOORRMAAAALLL

#food #foodie #foodielife #foodblog #foodblogger #foodphotographer #omnommomnom #omnommomnomeats #omnommomnomreviews #love #tastyfood #pavbhaji #someerut #indianfood #indianstreetfood",,,#tastyfood #foodblogger #food #omnommomnom #love #foodie #omnommomnomeats #someerut #pavbhaji #indianstreetfood #foodphotographer #omnommomnomreviews #foodblog #indianfood #foodielife,,"PAV BHAJI
I'm the biggest pav bhaji lover!
That spicey limey garma garam bhaji when paired with makkhan me sika soft pav, haayyeee, Muu mee kuch kuch hota h.
I had this at Raju Chat Bhandar at abulane and was utterly disappointed. :/
The bhaji was so ""UBLI HUI""
It tasted bland and really 'normal'
The pav was also not that good and :( I so wish I could go to Jeemkhaan Maidan to have my fav one soon.

KAHA?!: Raju Chaat Bhandar, Abulane, Meerut
KITNE ME?!: 40₹ -_-
KAISA LAGA?!: NOOORRMAAAALLL

#food #foodie #foodielife #foodblog #foodblogger #foodphotographer #omnommomnom #omnommomnomeats #omnommomnomreviews #love #tastyfood #pavbhaji #someerut #indianfood #indianstreetfood #tastyfood #foodblogger #food #omnommomnom #love #foodie #omnommomnomeats #someerut #pavbhaji #indianstreetfood #foodphotographer #omnommomnomreviews #foodblog #indianfood #foodielife",174,4,False,1535082867,6707488657,0
300,1852363343923504117,Bm06qWlg-P1,39850963_1129525690528987_5440732573342892032_n.jpg,C:\Coding\projects\pavbhaji_model\machinelearningchallenge\dataset\dataset\images\1\39850963_1129525690528987_5440732573342892032_n.jpg,1,"Pav Bhaji
Venue- Shivshakti, Bhistbaug Chowk
Price- ₹40
Rating- 3/5
₹40 main kaafi satisfactory.
.
.
.
.
#tasty #instagram #foodmaniacindia #pavbhaji #streetfood #indianstreetfood #blogger #foodporn #food #foodie #foodphotography #foodgasm#foods #foodies #foodstagram #foodlover #foodpics #foodblogger #instafood #india #photooftheday #goodfoodgoodmood #BrokeFoodieNagar",,,#goodfoodgoodmood #foodphotography #foodmaniacindia #foodblogger #foodie #blogger #indianstreetfood #foodpics #foodlover #photooftheday #instafood #foodporn #BrokeFoodieNagar #india #foodstagram #foods #instagram #food #tasty #streetfood #pavbhaji #foodies #foodgasm,,"Pav Bhaji
Venue- Shivshakti, Bhistbaug Chowk
Price- ₹40
Rating- 3/5
₹40 main kaafi satisfactory.
.
.
.
.
#tasty #instagram #foodmaniacindia #pavbhaji #streetfood #indianstreetfood #blogger #foodporn #food #foodie #foodphotography #foodgasm#foods #foodies #foodstagram #foodlover #foodpics #foodblogger #instafood #india #photooftheday #goodfoodgoodmood #BrokeFoodieNagar #goodfoodgoodmood #foodphotography #foodmaniacindia #foodblogger #foodie #blogger #indianstreetfood #foodpics #foodlover #photooftheday #instafood #foodporn #BrokeFoodieNagar #india #foodstagram #foods #instagram #food #tasty #streetfood #pavbhaji #foodies #foodgasm",141,6,False,1535038939,6747183333,0
290,1852416285880023530,Bm1GswoBvnq,39055152_847543368968915_3341946711948918784_n.jpg,C:\Coding\projects\pavbhaji_model\machinelearningchallenge\dataset\dataset\images\1\39055152_847543368968915_3341946711948918784_n.jpg,1,"Utterly Butterly Delicious Amul Butter N Cheese Pav Bhaji❤❤❤
.
.
.
Location:-Tardeo Road Junction,Mumbai
Taste:-9/10
Price:-Amul Pav Bhaji:-110/- :-Cheese Pav Bhaji:-145/-
#pavbhaji#sardarspecial#mumbaifoodexplore .",,,#pavbhaji #sardarspecial #mumbaifoodexplore,Sardar PavBhaji,"Utterly Butterly Delicious Amul Butter N Cheese Pav Bhaji❤❤❤
.
.
.
Location:-Tardeo Road Junction,Mumbai
Taste:-9/10
Price:-Amul Pav Bhaji:-110/- :-Cheese Pav Bhaji:-145/-
#pavbhaji#sardarspecial#mumbaifoodexplore . #pavbhaji #sardarspecial #mumbaifoodexplore Sardar PavBhaji",84,2,False,1535045251,5943451706,0
337,1852179398066080417,Bm0Q1lqBoqh,37877982_2094447200872413_4620176365612695552_n.jpg,C:\Coding\projects\pavbhaji_model\machinelearningchallenge\dataset\dataset\images\1\37877982_2094447200872413_4620176365612695552_n.jpg,1,"Cannon ki Amul Butter Pavbhaji..😋
One of the iconic place of Mumbai famous for Pavbhaji.. #musthaveinmumbai #mumbaifoodlovers #mumbaistreetfood #mumbaifoodicious #mumbaifoodies #mumbaifoodblogger #instafoodie #instafood #instapic #pavbhaji😋 #pavbhaji #whatmumbaieats #musttry #irresistablefood #foodfood #foodies #followmefollowyou #folow4folow #thanefood #thanefoodie #thanefoodblogger",,,#mumbaistreetfood #mumbaifoodlovers #mumbaifoodblogger #irresistablefood #mumbaifoodies #thanefood #instafoodie #musttry #followmefollowyou #folow4folow #mumbaifoodicious #musthaveinmumbai #pavbhaji #foodfood #instafood #instapic #thanefoodblogger #whatmumbaieats #foodies #thanefoodie,Cannon Pav Bhaji,"Cannon ki Amul Butter Pavbhaji..😋
One of the iconic place of Mumbai famous for Pavbhaji.. #musthaveinmumbai #mumbaifoodlovers #mumbaistreetfood #mumbaifoodicious #mumbaifoodies #mumbaifoodblogger #instafoodie #instafood #instapic #pavbhaji😋 #pavbhaji #whatmumbaieats #musttry #irresistablefood #foodfood #foodies #followmefollowyou #folow4folow #thanefood #thanefoodie #thanefoodblogger #mumbaistreetfood #mumbaifoodlovers #mumbaifoodblogger #irresistablefood #mumbaifoodies #thanefood #instafoodie #musttry #followmefollowyou #folow4folow #mumbaifoodicious #musthaveinmumbai #pavbhaji #foodfood #instafood #instapic #thanefoodblogger #whatmumbaieats #foodies #thanefoodie Cannon Pav Bhaji",55,1,False,1535017011,8401813654,0
482,1850889585003326461,BmvrkVol-v9,39265308_704345676573681_2092669256733818880_n.jpg,C:\Coding\projects\pavbhaji_model\machinelearningchallenge\dataset\dataset\images\1\39265308_704345676573681_2092669256733818880_n.jpg,1,The famous Pav Bhaji of Mumbai !!! #mumbai #lokhandwala #pavbhaji #extrabutter #extracheese #delicious #yummy #travel #travelfood #foodie #foodbeast #cheese #foodiegram #foodlover #mobilephotography,,,#foodlover #travel #mumbai #extrabutter #foodie #foodiegram #pavbhaji #extracheese #travelfood #mobilephotography #delicious #cheese #foodbeast #yummy #lokhandwala,"Lokhandwala, Andheri, Mumbai","The famous Pav Bhaji of Mumbai !!! #mumbai #lokhandwala #pavbhaji #extrabutter #extracheese #delicious #yummy #travel #travelfood #foodie #foodbeast #cheese #foodiegram #foodlover #mobilephotography #foodlover #travel #mumbai #extrabutter #foodie #foodiegram #pavbhaji #extracheese #travelfood #mobilephotography #delicious #cheese #foodbeast #yummy #lokhandwala Lokhandwala, Andheri, Mumbai",25,0,False,1534863254,190549469,0
501,1850767675400199697,BmvP2UeAR4R,39486373_1875982422707833_1088529104342351872_n.jpg,C:\Coding\projects\pavbhaji_model\machinelearningchallenge\dataset\dataset\images\0\39486373_1875982422707833_1088529104342351872_n.jpg,0,"One box of Healthy heart mix is 94% lower on fat compared to pav bhaji
#NutriSprout, Nutrition simplified
To know more, click link in bio!
#pavbhaji
#streetfood
#fat
#healthcare
#healthy
#heart
#organic
#sprouts
#love
#food
#recipes
#health
#care
#fitness
#eating
#stayhealthy
#happyhealthy
#diet
#eathealthy
#healthyliving
#healthyfood",,,#eathealthy #healthyfood #stayhealthy #healthy #recipes #eating #NutriSprout #diet #health #sprouts #fat #love #heart #organic #care #happyhealthy #food #fitness #streetfood #pavbhaji #healthyliving #healthcare,,"One box of Healthy heart mix is 94% lower on fat compared to pav bhaji
#NutriSprout, Nutrition simplified
To know more, click link in bio!
#pavbhaji
#streetfood
#fat
#healthcare
#healthy
#heart
#organic
#sprouts
#love
#food
#recipes
#health
#care
#fitness
#eating
#stayhealthy
#happyhealthy
#diet
#eathealthy
#healthyliving
#healthyfood #eathealthy #healthyfood #stayhealthy #healthy #recipes #eating #NutriSprout #diet #health #sprouts #fat #love #heart #organic #care #happyhealthy #food #fitness #streetfood #pavbhaji #healthyliving #healthcare",19,0,False,1534848721,7192755974,0
36,1855100722312769713,Bm-pEc4BfCx,39164772_453162441843478_8313602825741402112_n.jpg,C:\Coding\projects\pavbhaji_model\machinelearningchallenge\dataset\dataset\images\0\39164772_453162441843478_8313602825741402112_n.jpg,0,"Fooli fooli poori with choley & mithai. Best!
.
.
Hit like if you love this combo too🤩🤩
.
.
Follow @beautifulfoodie 
Follow @beautifulfoodie
Follow @beautifulfoodie
.
.
#beautifulfoodie #pooricholey #foodtalkindia #foodie #foodporn #sodelhi #lbbdelhi #delhigram #dfordelhi  #foodpornindia #delhigram #pavbhaji #igfood #vsco #yum #foodie #yummyinmytummy #foodphotography #buzzfeedfood #foodie #foodbloggers #tastespotting #foodgawker #instayum #instafood #foodlove #followme #foodpics #foodcoma #followforfollow #f52grams #delhifoodie #chatori",,,#beautifulfoodie #foodphotography #instayum #delhifoodie #foodie #foodpornindia #followme #foodcoma #foodpics #followforfollow #f52grams #foodlove #instafood #foodporn #dfordelhi #vsco #yum #igfood #pooricholey #foodbloggers #yummyinmytummy #foodgawker #chatori #buzzfeedfood #delhigram #tastespotting #pavbhaji #lbbdelhi #foodtalkindia #sodelhi,Home Sweet Home,"Fooli fooli poori with choley & mithai. Best!
.
.
Hit like if you love this combo too🤩🤩
.
.
Follow @beautifulfoodie 
Follow @beautifulfoodie
Follow @beautifulfoodie
.
.
#beautifulfoodie #pooricholey #foodtalkindia #foodie #foodporn #sodelhi #lbbdelhi #delhigram #dfordelhi  #foodpornindia #delhigram #pavbhaji #igfood #vsco #yum #foodie #yummyinmytummy #foodphotography #buzzfeedfood #foodie #foodbloggers #tastespotting #foodgawker #instayum #instafood #foodlove #followme #foodpics #foodcoma #followforfollow #f52grams #delhifoodie #chatori #beautifulfoodie #foodphotography #instayum #delhifoodie #foodie #foodpornindia #followme #foodcoma #foodpics #followforfollow #f52grams #foodlove #instafood #foodporn #dfordelhi #vsco #yum #igfood #pooricholey #foodbloggers #yummyinmytummy #foodgawker #chatori #buzzfeedfood #delhigram #tastespotting #pavbhaji #lbbdelhi #foodtalkindia #sodelhi Home Sweet Home",717,10,False,1535365260,1198232927,0
101,1854270201307074618,Bm7sOx6gBA6,39110967_2169474326660609_5920637959706509312_n.jpg,C:\Coding\projects\pavbhaji_model\machinelearningchallenge\dataset\dataset\images\1\39110967_2169474326660609_5920637959706509312_n.jpg,1,"Pav bhaji from Haldiram’s 😋😋 CP Delhi
@thefoodieprofessor 
@thefoodieprofessor 
@thefoodieprofessor 
@thefoodieprofessor 
@thefoodieprofessor 
#pavbhaji #haldirams #connaughtplace #delhi #delhifoodie #delhifoodblogger #delhifood #mumbai #mumbaifood #mumbaifoodie #food #foodporn #foodstagram #foodgasm #indianfood #indianfoodbloggers #instafood #foodphotography #india",,,#delhifood #delhifoodblogger #mumbaifood #foodphotography #india #delhifoodie #haldirams #mumbai #food #indianfood #mumbaifoodie #pavbhaji #instafood #delhi #indianfoodbloggers #foodporn #foodstagram #foodgasm #connaughtplace,Haldirams,"Pav bhaji from Haldiram’s 😋😋 CP Delhi
@thefoodieprofessor 
@thefoodieprofessor 
@thefoodieprofessor 
@thefoodieprofessor 
@thefoodieprofessor 
#pavbhaji #haldirams #connaughtplace #delhi #delhifoodie #delhifoodblogger #delhifood #mumbai #mumbaifood #mumbaifoodie #food #foodporn #foodstagram #foodgasm #indianfood #indianfoodbloggers #instafood #foodphotography #india #delhifood #delhifoodblogger #mumbaifood #foodphotography #india #delhifoodie #haldirams #mumbai #food #indianfood #mumbaifoodie #pavbhaji #instafood #delhi #indianfoodbloggers #foodporn #foodstagram #foodgasm #connaughtplace Haldirams",61,0,False,1535266255,8356490226,0
167,1853622844534968680,Bm5ZCf8DlFo,39410894_451776891997471_6114531535275163648_n.jpg,C:\Coding\projects\pavbhaji_model\machinelearningchallenge\dataset\dataset\images\1\39410894_451776891997471_6114531535275163648_n.jpg,1,When all u need is #pavbhaji for an #eveningsnack 😏 #foodie #dosaplaza #foodpic #food #foodphotography #foodblogger #foodiesofinstagram #foodies #foods,,,#foodpic #foodphotography #foods #foodblogger #food #foodie #pavbhaji #eveningsnack #foodies #foodiesofinstagram #dosaplaza,,When all u need is #pavbhaji for an #eveningsnack 😏 #foodie #dosaplaza #foodpic #food #foodphotography #foodblogger #foodiesofinstagram #foodies #foods #foodpic #foodphotography #foods #foodblogger #food #foodie #pavbhaji #eveningsnack #foodies #foodiesofinstagram #dosaplaza,18,0,False,1535189084,8394682118,0
279,1852450381318157051,Bm1Oc6egXL7,39105739_300916530487966_338305941021655040_n.jpg,C:\Coding\projects\pavbhaji_model\machinelearningchallenge\dataset\dataset\images\0\39105739_300916530487966_338305941021655040_n.jpg,0,"A great combo for the twins👫😍🎂 Get one for your siblings too on the special occasion of “Rakshabandhan”
•
•
•
•
•
#food #foodporn #foodie #comfortfood #tasty #vadilal #happiness #yummyfood #jodhpur #corn #foodstagram #foodielife #deliciousness @jodhpurfoodie @jodhpur_foodie_cafes @foodmaniacindia @foodiesofindia  @thecrazyindianfoodie  @thecrazyindianfoodie @jodhpurfoodworld @desserts.opassion @mumbaifoodcrush @therawtextures @hey.delhi  @hey.mumbai @hungrychokro_escapades @splendideats  @hungrito#food #foodporn #foodie #comfortfood #tasty #vadilal #happiness #like4like #followforfollow #fff #yummyfood #jodhpur #corn #foodstagram #repostit #repostiftagged #foodielife #deliciousness @jodhpurfoodie @jodhpur_foodie_cafes @foodmaniacindia @foodiesofindia @thecrazyindianfoodie  @thecrazyindianfoodie@thecrazyindianfoodie  @thecrazyindianfoodie @jodhpurfoodworld @desserts.passion @mumbaifoodcrush @therawtextures @hey.delhi  @cakebakerybeauty  @food_first_always @foodjournal_mumbai @buzzfeedfood @foodyvid @foodys @foodelhi @wearegurgaon_ @thepunefoodie @foodiefrombombay  @lighthouse_foodie  @foodievid @hungrito @manchibaba@manchibaba @thefoodpunch @splendideats @foodofgoa #pavbhaji @food_ys#food #foodporn #foodie #comfortfood #tasty #vadilal #happiness #yummyfood #jodhpur #corn #foodstagram #foodielife #deliciousness @jodhpurfoodie @jodhpur_foodie_cafes @foodmaniacindia @foodiesofindia  @thecrazyindianfoodie  @thecrazyindianfoodie @jodhpurfoodworld @desserts.passion @mumbaifoodcrush @therawtextures @hey.delhi  @hey.mumbai @hungrychokro_escapades @splendideats  @hungrito @ashokala_design @bricks_restaurant_n_bakers",,,#repostit #fff #vadilal #food #tasty #deliciousness #happiness #foodie #corn #repostiftagged #pavbhaji #yummyfood #comfortfood #foodporn #followforfollow #jodhpur #foodielife #foodstagram #like4like,Bha Vadilal Happinezz,"A great combo for the twins👫😍🎂 Get one for your siblings too on the special occasion of “Rakshabandhan”
•
•
•
•
•
#food #foodporn #foodie #comfortfood #tasty #vadilal #happiness #yummyfood #jodhpur #corn #foodstagram #foodielife #deliciousness @jodhpurfoodie @jodhpur_foodie_cafes @foodmaniacindia @foodiesofindia  @thecrazyindianfoodie  @thecrazyindianfoodie @jodhpurfoodworld @desserts.opassion @mumbaifoodcrush @therawtextures @hey.delhi  @hey.mumbai @hungrychokro_escapades @splendideats  @hungrito#food #foodporn #foodie #comfortfood #tasty #vadilal #happiness #like4like #followforfollow #fff #yummyfood #jodhpur #corn #foodstagram #repostit #repostiftagged #foodielife #deliciousness @jodhpurfoodie @jodhpur_foodie_cafes @foodmaniacindia @foodiesofindia @thecrazyindianfoodie  @thecrazyindianfoodie@thecrazyindianfoodie  @thecrazyindianfoodie @jodhpurfoodworld @desserts.passion @mumbaifoodcrush @therawtextures @hey.delhi  @cakebakerybeauty  @food_first_always @foodjournal_mumbai @buzzfeedfood @foodyvid @foodys @foodelhi @wearegurgaon_ @thepunefoodie @foodiefrombombay  @lighthouse_foodie  @foodievid @hungrito @manchibaba@manchibaba @thefoodpunch @splendideats @foodofgoa #pavbhaji @food_ys#food #foodporn #foodie #comfortfood #tasty #vadilal #happiness #yummyfood #jodhpur #corn #foodstagram #foodielife #deliciousness @jodhpurfoodie @jodhpur_foodie_cafes @foodmaniacindia @foodiesofindia  @thecrazyindianfoodie  @thecrazyindianfoodie @jodhpurfoodworld @desserts.passion @mumbaifoodcrush @therawtextures @hey.delhi  @hey.mumbai @hungrychokro_escapades @splendideats  @hungrito @ashokala_design @bricks_restaurant_n_bakers #repostit #fff #vadilal #food #tasty #deliciousness #happiness #foodie #corn #repostiftagged #pavbhaji #yummyfood #comfortfood #foodporn #followforfollow #jodhpur #foodielife #foodstagram #like4like Bha Vadilal Happinezz",107,1,False,1535049315,5345409033,0
31,1855122909486379200,Bm-uHUSn_DA,39356494_356347111530002_5466673729134133248_n.jpg,C:\Coding\projects\pavbhaji_model\machinelearningchallenge\dataset\dataset\images\0\39356494_356347111530002_5466673729134133248_n.jpg,0,"Last 4 days of August sale at Mh12, grab now..!
#mh12 #mh12pavbhaji #weekendvibes #sale #discount #pavbhaji #mh12pavbhaji #pizzaparty #pavbhaji😋",,,#pizzaparty #mh12pavbhaji #pavbhaji #mh12 #weekendvibes #discount #sale,,"Last 4 days of August sale at Mh12, grab now..!
#mh12 #mh12pavbhaji #weekendvibes #sale #discount #pavbhaji #mh12pavbhaji #pizzaparty #pavbhaji😋 #pizzaparty #mh12pavbhaji #pavbhaji #mh12 #weekendvibes #discount #sale",15,0,False,1535367905,7912783646,0
253,1852880110799858908,Bm2wKTPnKzc,39392947_287454495180091_6790339210462101504_n.jpg,C:\Coding\projects\pavbhaji_model\machinelearningchallenge\dataset\dataset\images\0\39392947_287454495180091_6790339210462101504_n.jpg,0,"तुम्हें अपना बनाने की कसम खाई है, खाई है ♥️ लो जी, खा गया मैं इसे 😆
.
.
.
.
.
.
.
.
.
.
.
.
.
. .
.
#note9 #delhidiaries #kolkata #foodpic #foodstyle #iphoneography #bangalorediaries #bangalore #golgappa #vadapav #pavbhaji #nepalifood #nepal #kolkatadiaries #delhi #mumbaikar #sodelhi #foodphotography #delhi_igers #samsungs8 #newdelhi #delhigram #kolkatagram #mumbaidiaries #mumbai #kolkata #muslimfood",,,#vadapav #foodphotography #mumbai #iphoneography #newdelhi #kolkatadiaries #mumbaidiaries #muslimfood #delhidiaries #golgappa #kolkatagram #nepalifood #note9 #nepal #foodpic #kolkata #samsungs8 #bangalorediaries #delhigram #foodstyle #pavbhaji #bangalore #delhi #delhi_igers #sodelhi #mumbaikar,GK-1 M Block Market,"तुम्हें अपना बनाने की कसम खाई है, खाई है ♥️ लो जी, खा गया मैं इसे 😆
.
.
.
.
.
.
.
.
.
.
.
.
.
. .
.
#note9 #delhidiaries #kolkata #foodpic #foodstyle #iphoneography #bangalorediaries #bangalore #golgappa #vadapav #pavbhaji #nepalifood #nepal #kolkatadiaries #delhi #mumbaikar #sodelhi #foodphotography #delhi_igers #samsungs8 #newdelhi #delhigram #kolkatagram #mumbaidiaries #mumbai #kolkata #muslimfood #vadapav #foodphotography #mumbai #iphoneography #newdelhi #kolkatadiaries #mumbaidiaries #muslimfood #delhidiaries #golgappa #kolkatagram #nepalifood #note9 #nepal #foodpic #kolkata #samsungs8 #bangalorediaries #delhigram #foodstyle #pavbhaji #bangalore #delhi #delhi_igers #sodelhi #mumbaikar GK-1 M Block Market",3284,10,False,1535100543,6046055157,0
210,1853112087166241903,Bm3k6AEhsxv,39741568_814894452233066_392297098726342656_n.jpg,C:\Coding\projects\pavbhaji_model\machinelearningchallenge\dataset\dataset\images\0\39741568_814894452233066_392297098726342656_n.jpg,0,"#Repost @lafoodmama
・・・
Pav Bhaji done right at Surati Farsan Market in Artesia. Great vegetarian food option! #vegetarian #indianfood #gujaratifood #latimesfood #sfm #suratifarsan #suratifarsanmart #bombaystreetfood #mumbaistreetfood #quickeats #pavbhaji #laeats #indiansloppyjoe #artesia #la #pioneer #littleindia",,,#mumbaistreetfood #suratifarsan #Repost #quickeats #la #laeats #suratifarsanmart #artesia #latimesfood #vegetarian #pavbhaji #indiansloppyjoe #littleindia #gujaratifood #indianfood #bombaystreetfood #sfm #pioneer,,"#Repost @lafoodmama
・・・
Pav Bhaji done right at Surati Farsan Market in Artesia. Great vegetarian food option! #vegetarian #indianfood #gujaratifood #latimesfood #sfm #suratifarsan #suratifarsanmart #bombaystreetfood #mumbaistreetfood #quickeats #pavbhaji #laeats #indiansloppyjoe #artesia #la #pioneer #littleindia #mumbaistreetfood #suratifarsan #Repost #quickeats #la #laeats #suratifarsanmart #artesia #latimesfood #vegetarian #pavbhaji #indiansloppyjoe #littleindia #gujaratifood #indianfood #bombaystreetfood #sfm #pioneer",42,1,False,1535128197,1807196074,0
495,1850809665483603922,BmvZZWyAn_S,38785394_1885704065058757_3128032163509829632_n.jpg,C:\Coding\projects\pavbhaji_model\machinelearningchallenge\dataset\dataset\images\0\38785394_1885704065058757_3128032163509829632_n.jpg,0,"Presenting the much appetizing cheese pav bhaji.😍😋 Toh intezaar kis baat ki?😉
#pavbhaji #cheesepavbhaji #dombivli #kalyan #malhartreats",,,#kalyan #cheesepavbhaji #malhartreats #pavbhaji #dombivli,,"Presenting the much appetizing cheese pav bhaji.😍😋 Toh intezaar kis baat ki?😉
#pavbhaji #cheesepavbhaji #dombivli #kalyan #malhartreats #kalyan #cheesepavbhaji #malhartreats #pavbhaji #dombivli",1,0,False,1534853727,8362379455,0
23,1855177651268310332,Bm-6j6jF1U8,39598375_1802358593181261_4814396238436761600_n.jpg,C:\Coding\projects\pavbhaji_model\machinelearningchallenge\dataset\dataset\images\0\39598375_1802358593181261_4814396238436761600_n.jpg,0,"Transforming simple Pav Bhaji into some delicious Bread Pakodas💯
.
.
.
#LeftoverPavBhajiBreadPakoda #PavBhaji #BreadPakoda #LeftoverFood #UpcyclingFood #Marathi #Maharashtrian #RecipeOfTheDay #Innovative #Foodies #Treat #YummyTreat #Yummy #Twist #DishesWithATwist  #IndianFoodBloggers #Recipes #Homemade #Diy #RecipeOfTheDay #DontStarve #AwesomeSauceIndia #ASI #FoodForLife",,,#UpcyclingFood #Twist #LeftoverPavBhajiBreadPakoda #FoodForLife #Maharashtrian #ASI #Innovative #Foodies #YummyTreat #Recipes #BreadPakoda #Homemade #DishesWithATwist #Treat #RecipeOfTheDay #LeftoverFood #IndianFoodBloggers #DontStarve #Diy #Yummy #PavBhaji #AwesomeSauceIndia #Marathi,,"Transforming simple Pav Bhaji into some delicious Bread Pakodas💯
.
.
.
#LeftoverPavBhajiBreadPakoda #PavBhaji #BreadPakoda #LeftoverFood #UpcyclingFood #Marathi #Maharashtrian #RecipeOfTheDay #Innovative #Foodies #Treat #YummyTreat #Yummy #Twist #DishesWithATwist  #IndianFoodBloggers #Recipes #Homemade #Diy #RecipeOfTheDay #DontStarve #AwesomeSauceIndia #ASI #FoodForLife #UpcyclingFood #Twist #LeftoverPavBhajiBreadPakoda #FoodForLife #Maharashtrian #ASI #Innovative #Foodies #YummyTreat #Recipes #BreadPakoda #Homemade #DishesWithATwist #Treat #RecipeOfTheDay #LeftoverFood #IndianFoodBloggers #DontStarve #Diy #Yummy #PavBhaji #AwesomeSauceIndia #Marathi",696,4,False,1535374431,1996092261,0
339,1852161940115972691,Bm0M3irHGJT,39225888_238869940156886_547754329063292928_n.jpg,C:\Coding\projects\pavbhaji_model\machinelearningchallenge\dataset\dataset\images\1\39225888_238869940156886_547754329063292928_n.jpg,1,"Double tap if you love Pav bhaji!

#pavbhaji #foodlover #mumbai #loveforfood #foodgasm #fastfood #streetfood #foodie #foodfood #yummy",,,#foodlover #loveforfood #mumbai #foodie #streetfood #pavbhaji #foodfood #fastfood #yummy #foodgasm,,"Double tap if you love Pav bhaji!

#pavbhaji #foodlover #mumbai #loveforfood #foodgasm #fastfood #streetfood #foodie #foodfood #yummy #foodlover #loveforfood #mumbai #foodie #streetfood #pavbhaji #foodfood #fastfood #yummy #foodgasm",66,2,False,1535014930,2176865017,0
79,1854518990846317384,Bm8kzJOnFNI,39371757_215732719300837_8500716237633767619_n.jpg,C:\Coding\projects\pavbhaji_model\machinelearningchallenge\dataset\dataset\images\0\39371757_215732719300837_8500716237633767619_n.jpg,0,"Good vibes, occasions, happiness, laughter and delicious food is all you need to celebrate life!💐🍴
Indian Feast with Home-made Food with lots of love & joy: #PaniPuri, #PavBhaji & Sindhi #DalPakwan!
A variety of Indian dishes for every mood, every occasion & for everyone❤️
.
#HappyRakshaBandhan 👨‍👩‍👧‍👧🌷
Homemade with love by: @megha.thawrani🌻
.
.
#HungryHarWaqt  #Indian #IndianCuisine #IndianRecipes #IndianSpices #IndianFood #IndianFeast #FlavoursOfIndia #FoodofMumbai #Foodie #MumbaiFoodie #Feast #SundayFeast #FoodPhotography #FoodLove #WeekendVibes #SundayVibes #SundayFunday #Celebrations #CelebrateLife #GoodVibesOnly #HappyHours #DesiFood #Homemade #HomemadeWithLove #CheerstotheWeekend",,,#HomemadeWithLove #IndianFeast #GoodVibesOnly #Indian #CelebrateLife #MumbaiFoodie #FoodPhotography #FoodLove #FoodofMumbai #IndianRecipes #WeekendVibes #CheerstotheWeekend #DalPakwan #HappyRakshaBandhan #FlavoursOfIndia #HungryHarWaqt #PaniPuri #Homemade #IndianFood #SundayFeast #Feast #Celebrations #Foodie #SundayFunday #DesiFood #IndianCuisine #SundayVibes #HappyHours #IndianSpices #PavBhaji,Kanchanganga CHS Ltd. Manish Nagar,"Good vibes, occasions, happiness, laughter and delicious food is all you need to celebrate life!💐🍴
Indian Feast with Home-made Food with lots of love & joy: #PaniPuri, #PavBhaji & Sindhi #DalPakwan!
A variety of Indian dishes for every mood, every occasion & for everyone❤️
.
#HappyRakshaBandhan 👨‍👩‍👧‍👧🌷
Homemade with love by: @megha.thawrani🌻
.
.
#HungryHarWaqt  #Indian #IndianCuisine #IndianRecipes #IndianSpices #IndianFood #IndianFeast #FlavoursOfIndia #FoodofMumbai #Foodie #MumbaiFoodie #Feast #SundayFeast #FoodPhotography #FoodLove #WeekendVibes #SundayVibes #SundayFunday #Celebrations #CelebrateLife #GoodVibesOnly #HappyHours #DesiFood #Homemade #HomemadeWithLove #CheerstotheWeekend #HomemadeWithLove #IndianFeast #GoodVibesOnly #Indian #CelebrateLife #MumbaiFoodie #FoodPhotography #FoodLove #FoodofMumbai #IndianRecipes #WeekendVibes #CheerstotheWeekend #DalPakwan #HappyRakshaBandhan #FlavoursOfIndia #HungryHarWaqt #PaniPuri #Homemade #IndianFood #SundayFeast #Feast #Celebrations #Foodie #SundayFunday #DesiFood #IndianCuisine #SundayVibes #HappyHours #IndianSpices #PavBhaji Kanchanganga CHS Ltd. Manish Nagar",155,2,False,1535295913,7824427351,0
20,1855194071632941154,Bm--S3NF5Bi,39991006_472180219962850_7601786252118982656_n.jpg,C:\Coding\projects\pavbhaji_model\machinelearningchallenge\dataset\dataset\images\0\39991006_472180219962850_7601786252118982656_n.jpg,0,"We’ve got you some delicious evening snacks💯
.
.
.
#LeftoverPavBhajiBreadPakoda #PavBhaji #BreadPakoda #LeftoverFood #UpcyclingFood #Marathi #Maharashtrian #RecipeOfTheDay #Innovative #Foodies #Treat #YummyTreat #Yummy #Twist #DishesWithATwist  #IndianFoodBloggers #Recipes #Homemade #Diy #RecipeOfTheDay #DontStarve #AwesomeSauceIndia #ASI #FoodForLife",,,#UpcyclingFood #Twist #LeftoverPavBhajiBreadPakoda #FoodForLife #Maharashtrian #ASI #Innovative #Foodies #YummyTreat #Recipes #BreadPakoda #Homemade #DishesWithATwist #Treat #RecipeOfTheDay #LeftoverFood #IndianFoodBloggers #DontStarve #Diy #Yummy #PavBhaji #AwesomeSauceIndia #Marathi,,"We’ve got you some delicious evening snacks💯
.
.
.
#LeftoverPavBhajiBreadPakoda #PavBhaji #BreadPakoda #LeftoverFood #UpcyclingFood #Marathi #Maharashtrian #RecipeOfTheDay #Innovative #Foodies #Treat #YummyTreat #Yummy #Twist #DishesWithATwist  #IndianFoodBloggers #Recipes #Homemade #Diy #RecipeOfTheDay #DontStarve #AwesomeSauceIndia #ASI #FoodForLife #UpcyclingFood #Twist #LeftoverPavBhajiBreadPakoda #FoodForLife #Maharashtrian #ASI #Innovative #Foodies #YummyTreat #Recipes #BreadPakoda #Homemade #DishesWithATwist #Treat #RecipeOfTheDay #LeftoverFood #IndianFoodBloggers #DontStarve #Diy #Yummy #PavBhaji #AwesomeSauceIndia #Marathi",741,2,False,1535376388,1996092261,0
448,1851288281684027131,BmxGOI2nqb7,38931043_282799438989353_8804605870726971392_n.jpg,C:\Coding\projects\pavbhaji_model\machinelearningchallenge\dataset\dataset\images\0\38931043_282799438989353_8804605870726971392_n.jpg,0,"For all the pav bhaji lovers out there, @mumbai.77 has this sizzling “Cheese Pav Bhaji Fondue” which is delicious to another level ! 😋💯 #shoutoutforshoutout #pavbhaji #fondue #cheese🧀#foodblogger #foodforthought #foodstagram #fooddreamer #foodonmymindallthetime #24hoursfood #foodism #foodista #cravings #lovefood 🤗 #foodphotography #fooddecoration #googleguide",,,#lovefood #shoutoutforshoutout #24hoursfood #foodphotography #fooddecoration #foodblogger #cravings #foodforthought #foodista #fooddreamer #pavbhaji #foodonmymindallthetime #foodism #fondue #cheese #googleguide #foodstagram,Mumbai 77,"For all the pav bhaji lovers out there, @mumbai.77 has this sizzling “Cheese Pav Bhaji Fondue” which is delicious to another level ! 😋💯 #shoutoutforshoutout #pavbhaji #fondue #cheese🧀#foodblogger #foodforthought #foodstagram #fooddreamer #foodonmymindallthetime #24hoursfood #foodism #foodista #cravings #lovefood 🤗 #foodphotography #fooddecoration #googleguide #lovefood #shoutoutforshoutout #24hoursfood #foodphotography #fooddecoration #foodblogger #cravings #foodforthought #foodista #fooddreamer #pavbhaji #foodonmymindallthetime #foodism #fondue #cheese #googleguide #foodstagram Mumbai 77",32,1,False,1534910782,8430156547,0
99,1854308803467919512,Bm71Ag-lcCY,39372363_279004686263164_8561472037002936320_n.jpg,C:\Coding\projects\pavbhaji_model\machinelearningchallenge\dataset\dataset\images\0\39372363_279004686263164_8561472037002936320_n.jpg,0,"I donno what I miss more- my Boo or the Vada Pav he’s holding! 
PC: @nitesh_thakuur .
.
.
.
.
.
.
.
.
.
.
.
.
.
.
#vadapav #mumbaifood #indianfood #streetfood #food #foodpics #foodphotography #blogger #foodblogger #handsinframe #nature #tasteofindia #happy #eeeeeats #nomnom #loveforfood #foodlover #pavbhaji #contestalert #giveaway #followforfollowback #potd #instagood #picoftheday #likeforfollow #indiancuisine #instapic",,,#vadapav #foodphotography #foodblogger #blogger #giveaway #instapic #foodpics #indianfood #foodlover #loveforfood #followforfollowback #likeforfollow #nomnom #contestalert #tasteofindia #eeeeeats #instagood #picoftheday #mumbaifood #food #indiancuisine #nature #streetfood #pavbhaji #potd #happy #handsinframe,Thane,"I donno what I miss more- my Boo or the Vada Pav he’s holding! 
PC: @nitesh_thakuur .
.
.
.
.
.
.
.
.
.
.
.
.
.
.
#vadapav #mumbaifood #indianfood #streetfood #food #foodpics #foodphotography #blogger #foodblogger #handsinframe #nature #tasteofindia #happy #eeeeeats #nomnom #loveforfood #foodlover #pavbhaji #contestalert #giveaway #followforfollowback #potd #instagood #picoftheday #likeforfollow #indiancuisine #instapic #vadapav #foodphotography #foodblogger #blogger #giveaway #instapic #foodpics #indianfood #foodlover #loveforfood #followforfollowback #likeforfollow #nomnom #contestalert #tasteofindia #eeeeeats #instagood #picoftheday #mumbaifood #food #indiancuisine #nature #streetfood #pavbhaji #potd #happy #handsinframe Thane",215,16,False,1535270856,198406924,0
375,1851719414779344213,BmyoP81nfVV,39138489_684784425222972_9110503358627577856_n.jpg,C:\Coding\projects\pavbhaji_model\machinelearningchallenge\dataset\dataset\images\0\39138489_684784425222972_9110503358627577856_n.jpg,0,Pav bhaji for dinner #pavbhaji #pavlove #homemadepav #homemade,,,#pavbhaji #pavlove #homemadepav #homemade,"Bangalore, India","Pav bhaji for dinner #pavbhaji #pavlove #homemadepav #homemade #pavbhaji #pavlove #homemadepav #homemade Bangalore, India",2,2,False,1534962177,2167142128,0
224,1853067920256497179,Bm3a3Sbj3Yb,38828820_278562809410730_7428343622891732992_n.jpg,C:\Coding\projects\pavbhaji_model\machinelearningchallenge\dataset\dataset\images\1\38828820_278562809410730_7428343622891732992_n.jpg,1,"Pav bhaji 😋
And I'm sure, you also love pav bhaji as much as I do 😍
Also, @streetfoodsofficial has a variety of mouth watering Indian cuisines which is the best part about them. 😊
📌Punjab Grill, Phoenix Market City, Kurla (West), Mumbai

#pavbhaji #pav #indiansnacks #indianfood #indiancuisine #desifood #foodgasm #swaadishtales #foodlove #explorefood #delhifoodie #mumbaifood #punefoodie #foodporn #food #hungryaf #eatlovepray #foodcoma #foodiegram #f52grams #likesforlikes #lovefood #dailyfoodfeed #followme #foodie #foodphotography #mumbaifoodie #tasty #foodoftheday",,,#punefoodie #foodphotography #delhifoodie #followme #foodie #foodcoma #mumbaifoodie #indiansnacks #f52grams #indianfood #dailyfoodfeed #lovefood #foodlove #pav #foodporn #desifood #swaadishtales #explorefood #foodiegram #mumbaifood #likesforlikes #indiancuisine #food #tasty #foodoftheday #hungryaf #pavbhaji #foodgasm #eatlovepray,Phoenix Marketcity - Mumbai,"Pav bhaji 😋
And I'm sure, you also love pav bhaji as much as I do 😍
Also, @streetfoodsofficial has a variety of mouth watering Indian cuisines which is the best part about them. 😊
📌Punjab Grill, Phoenix Market City, Kurla (West), Mumbai

#pavbhaji #pav #indiansnacks #indianfood #indiancuisine #desifood #foodgasm #swaadishtales #foodlove #explorefood #delhifoodie #mumbaifood #punefoodie #foodporn #food #hungryaf #eatlovepray #foodcoma #foodiegram #f52grams #likesforlikes #lovefood #dailyfoodfeed #followme #foodie #foodphotography #mumbaifoodie #tasty #foodoftheday #punefoodie #foodphotography #delhifoodie #followme #foodie #foodcoma #mumbaifoodie #indiansnacks #f52grams #indianfood #dailyfoodfeed #lovefood #foodlove #pav #foodporn #desifood #swaadishtales #explorefood #foodiegram #mumbaifood #likesforlikes #indiancuisine #food #tasty #foodoftheday #hungryaf #pavbhaji #foodgasm #eatlovepray Phoenix Marketcity - Mumbai",32,2,False,1535122931,8143617490,0
461,1851005024589491473,BmwF0NIHq0R,39119755_1886585754976964_2955343833618972672_n.jpg,C:\Coding\projects\pavbhaji_model\machinelearningchallenge\dataset\dataset\images\0\39119755_1886585754976964_2955343833618972672_n.jpg,0,"@yummy_bites_cbe 
#yummy #yummy😋 #yummyfood #samosa #vadapav #dabeli #pavbhaji #pavbhaji😋 #manchurian #cabbagemanchurian #gobimanchurian #northindian #northindiantest #panipuri #panipurilovers #bhelpuri #bhel #dahipuri #masalapuri #grillsandwich #vegsandwich #sandwich #fresh #spicy #yummybites 
Address:- shop no.2 corporation building,
near ganesh temple,
opp corporation office,
Ramchandra road,
R.S puram Coimbtore.",,,#vadapav #panipurilovers #panipuri #northindiantest #dabeli #bhel #manchurian #spicy #northindian #fresh #cabbagemanchurian #gobimanchurian #sandwich #bhelpuri #masalapuri #yummyfood #samosa #yummy #grillsandwich #dahipuri #vegsandwich #pavbhaji #yummybites,Yummy Bites CBE,"@yummy_bites_cbe 
#yummy #yummy😋 #yummyfood #samosa #vadapav #dabeli #pavbhaji #pavbhaji😋 #manchurian #cabbagemanchurian #gobimanchurian #northindian #northindiantest #panipuri #panipurilovers #bhelpuri #bhel #dahipuri #masalapuri #grillsandwich #vegsandwich #sandwich #fresh #spicy #yummybites 
Address:- shop no.2 corporation building,
near ganesh temple,
opp corporation office,
Ramchandra road,
R.S puram Coimbtore. #vadapav #panipurilovers #panipuri #northindiantest #dabeli #bhel #manchurian #spicy #northindian #fresh #cabbagemanchurian #gobimanchurian #sandwich #bhelpuri #masalapuri #yummyfood #samosa #yummy #grillsandwich #dahipuri #vegsandwich #pavbhaji #yummybites Yummy Bites CBE",50,0,False,1534877015,8121249365,0
38,1855082264254441567,Bm-k32eA2hf,39104632_708562136154397_8035015338363977728_n.jpg,C:\Coding\projects\pavbhaji_model\machinelearningchallenge\dataset\dataset\images\0\39104632_708562136154397_8035015338363977728_n.jpg,0,"Guess the missing ingredient.

#Cookpad #guesstheingredients #quiz #foodporn #foodie #pavbhaji",,,#Cookpad #guesstheingredients #foodie #pavbhaji #foodporn #quiz,,"Guess the missing ingredient.

#Cookpad #guesstheingredients #quiz #foodporn #foodie #pavbhaji #Cookpad #guesstheingredients #foodie #pavbhaji #foodporn #quiz",11,9,False,1535363060,2176865017,0
336,1852182360561412443,Bm0Rgssgelb,39486080_258212841490496_3546397128152580096_n.jpg,C:\Coding\projects\pavbhaji_model\machinelearningchallenge\dataset\dataset\images\0\39486080_258212841490496_3546397128152580096_n.jpg,0,"#paneertikka dosa @chennaichowpatty
The paneer tikka #gravy is prepared on top of the Dosa and served along with the it! 🔝

The tangy & spiciness went so well with the dosa. A perfect example of eating a South Indian preparation with north Indian flavors.💯 Full of flavour!
Be here to relish the amazing varieties of #mumbaiflavours 🍴

#pavbhaji #chennaifoodie #chennai_trendies #foodblogger #foodislife #nammachennai #loveforfood #chennaidiaries📒💕 #newhangout #annanagar #shenoynagar #desifood #dosa #foodchennai #chennai_trendies #annanagarfoodie #igers #foodtalkindia #buzzfeedfood #mumbaifoodie #streetfood #junkfood #tempting #cheese #foodgasm #chennaiblogger",,,#foodblogger #mumbaifoodie #paneertikka #junkfood #chennai_trendies #newhangout #loveforfood #foodchennai #shenoynagar #chennaiblogger #cheese #desifood #gravy #chennaidiaries #chennaifoodie #annanagarfoodie #annanagar #foodislife #dosa #buzzfeedfood #streetfood #pavbhaji #tempting #nammachennai #igers #foodtalkindia #foodgasm #mumbaiflavours,"Shenoy Nagar, Tamil Nadu, India","#paneertikka dosa @chennaichowpatty
The paneer tikka #gravy is prepared on top of the Dosa and served along with the it! 🔝

The tangy & spiciness went so well with the dosa. A perfect example of eating a South Indian preparation with north Indian flavors.💯 Full of flavour!
Be here to relish the amazing varieties of #mumbaiflavours 🍴

#pavbhaji #chennaifoodie #chennai_trendies #foodblogger #foodislife #nammachennai #loveforfood #chennaidiaries📒💕 #newhangout #annanagar #shenoynagar #desifood #dosa #foodchennai #chennai_trendies #annanagarfoodie #igers #foodtalkindia #buzzfeedfood #mumbaifoodie #streetfood #junkfood #tempting #cheese #foodgasm #chennaiblogger #foodblogger #mumbaifoodie #paneertikka #junkfood #chennai_trendies #newhangout #loveforfood #foodchennai #shenoynagar #chennaiblogger #cheese #desifood #gravy #chennaidiaries #chennaifoodie #annanagarfoodie #annanagar #foodislife #dosa #buzzfeedfood #streetfood #pavbhaji #tempting #nammachennai #igers #foodtalkindia #foodgasm #mumbaiflavours Shenoy Nagar, Tamil Nadu, India",125,5,False,1535017365,8292537747,0
270,1852736606203398642,Bm2PiCLHcny,39613343_310693193071777_3329275763856769024_n.jpg,C:\Coding\projects\pavbhaji_model\machinelearningchallenge\dataset\dataset\images\0\39613343_310693193071777_3329275763856769024_n.jpg,0,"RUMALI ROTI (VEGAN FLATBREAD)😍
Tag your friends who would love these✨🌟
One of my top readers favorite recipe!!!
Rumali Roti is a vegan, soft and thin tasty flatbread popular across India. It is super easy to make and is prepared using all purpose flour and wheat flour. This flatbread can be served with any dish of your choice.
:
--------------------------
Keep following @kushigalu
Keep following @kushigalu
---------------------------
:
:
:
.

Tag your friend who would love this
.
.
Recipe https://www.cookwithkushi.com/rumali-roti/
:
:
 #eatwhatyoulove #getinmybelly  #mumbaifoodlovers #yougottoeatthis #delhifood #foodlove #nomnomnom #comfortfood #keeponeatingood  #delish  #tasty #todaybreakfast  #instafood #eatfamous #plantbased #tasteofindia #foodie  #eeeeeats #soulfood #foodofmumbai  #cleaneating #foodlife #eatingfortheinsta #spicyfood #flatbread #rumaliroti #naan #foodreviewindia #mumbaifood
#pavbhaji @indianfoodieez @foodreview.in @foodiefromindia @foodfindo  @ndtv_food @nikhil.kamath20 @savorytales @goodfoodindia @foodtalkindia @delhisehoon@foodfindo @therawtextures @thefoodattacker  @mumbaifeasts  @delhi_eats  @delhifoodwalks @foodtalk.mumbai",,,#foodofmumbai #eatwhatyoulove #plantbased #foodie #foodreviewindia #foodlife #comfortfood #nomnomnom #delish #getinmybelly #foodlove #spicyfood #eatingfortheinsta #instafood #eatfamous #flatbread #rumaliroti #mumbaifoodlovers #delhifood #keeponeatingood #cleaneating #naan #yougottoeatthis #tasteofindia #eeeeeats #mumbaifood #todaybreakfast #tasty #soulfood #pavbhaji,"Mumbai, Maharashtra","RUMALI ROTI (VEGAN FLATBREAD)😍
Tag your friends who would love these✨🌟
One of my top readers favorite recipe!!!
Rumali Roti is a vegan, soft and thin tasty flatbread popular across India. It is super easy to make and is prepared using all purpose flour and wheat flour. This flatbread can be served with any dish of your choice.
:
--------------------------
Keep following @kushigalu
Keep following @kushigalu
---------------------------
:
:
:
.

Tag your friend who would love this
.
.
Recipe https://www.cookwithkushi.com/rumali-roti/
:
:
 #eatwhatyoulove #getinmybelly  #mumbaifoodlovers #yougottoeatthis #delhifood #foodlove #nomnomnom #comfortfood #keeponeatingood  #delish  #tasty #todaybreakfast  #instafood #eatfamous #plantbased #tasteofindia #foodie  #eeeeeats #soulfood #foodofmumbai  #cleaneating #foodlife #eatingfortheinsta #spicyfood #flatbread #rumaliroti #naan #foodreviewindia #mumbaifood
#pavbhaji @indianfoodieez @foodreview.in @foodiefromindia @foodfindo  @ndtv_food @nikhil.kamath20 @savorytales @goodfoodindia @foodtalkindia @delhisehoon@foodfindo @therawtextures @thefoodattacker  @mumbaifeasts  @delhi_eats  @delhifoodwalks @foodtalk.mumbai #foodofmumbai #eatwhatyoulove #plantbased #foodie #foodreviewindia #foodlife #comfortfood #nomnomnom #delish #getinmybelly #foodlove #spicyfood #eatingfortheinsta #instafood #eatfamous #flatbread #rumaliroti #mumbaifoodlovers #delhifood #keeponeatingood #cleaneating #naan #yougottoeatthis #tasteofindia #eeeeeats #mumbaifood #todaybreakfast #tasty #soulfood #pavbhaji Mumbai, Maharashtra",86,4,False,1535083436,1708584944,0
32,1855122817796889162,Bm-uF-5gVpK,39348556_260613567907860_8869379917490421760_n.jpg,C:\Coding\projects\pavbhaji_model\machinelearningchallenge\dataset\dataset\images\0\39348556_260613567907860_8869379917490421760_n.jpg,0,"@Regrann from @dilsefoodie - North Delhi's Best Paneer Tikka From Vaishno Chat Bhandar, Kamla Nagar
.
.
Tag Someone Who Would Love To Try This
VIDEO LINK IN BIO
#dilsefoodie #love #TFLers #pavbhaji #photooftheday #20likes #amazing #smile #like4like #look #instalike #picoftheday #food #instadaily #instafollow #followme #instagood #bestoftheday #instacool #instago",,,#instalike #picoftheday #instafollow #photooftheday #instagood #bestoftheday #food #love #TFLers #followme #pavbhaji #smile #dilsefoodie #instadaily #instacool #instago #20likes #amazing #look #like4like,Delhi,"@Regrann from @dilsefoodie - North Delhi's Best Paneer Tikka From Vaishno Chat Bhandar, Kamla Nagar
.
.
Tag Someone Who Would Love To Try This
VIDEO LINK IN BIO
#dilsefoodie #love #TFLers #pavbhaji #photooftheday #20likes #amazing #smile #like4like #look #instalike #picoftheday #food #instadaily #instafollow #followme #instagood #bestoftheday #instacool #instago #instalike #picoftheday #instafollow #photooftheday #instagood #bestoftheday #food #love #TFLers #followme #pavbhaji #smile #dilsefoodie #instadaily #instacool #instago #20likes #amazing #look #like4like Delhi",405,1,False,1535367894,355612921,0
366,1851904691128810817,BmzSYE4nL1B,38862307_264488584186680_1310825363063963648_n.jpg,C:\Coding\projects\pavbhaji_model\machinelearningchallenge\dataset\dataset\images\0\38862307_264488584186680_1310825363063963648_n.jpg,0,"Meri maggi🍝 .
.

Follow @rassasy_delight for more 😍
. .
.
. .
.
#maggi #noida #delhigram #kerala #delhidiaries #delhi #delhi_igers #waiwai #somumbai #sodelhi #bengaluru  #mumbaidiaries #kolkata #sokolkata #delhifoodblogger #panipuri #kolkatadiaries #pavbhaji #kolkatagram #westbengal #delhifoodie #nepal #mumbaifoodie #mumbai #golgappe #golgappa #indianfood #biriyani #chicken",,,#westbengal #delhifoodie #mumbai #sokolkata #panipuri #mumbaifoodie #kolkatadiaries #waiwai #indianfood #chicken #mumbaidiaries #delhidiaries #golgappa #kolkatagram #golgappe #kerala #nepal #maggi #delhifoodblogger #somumbai #kolkata #biriyani #delhigram #pavbhaji #delhi #bengaluru #noida #delhi_igers #sodelhi,"Noida, India","Meri maggi🍝 .
.

Follow @rassasy_delight for more 😍
. .
.
. .
.
#maggi #noida #delhigram #kerala #delhidiaries #delhi #delhi_igers #waiwai #somumbai #sodelhi #bengaluru  #mumbaidiaries #kolkata #sokolkata #delhifoodblogger #panipuri #kolkatadiaries #pavbhaji #kolkatagram #westbengal #delhifoodie #nepal #mumbaifoodie #mumbai #golgappe #golgappa #indianfood #biriyani #chicken #westbengal #delhifoodie #mumbai #sokolkata #panipuri #mumbaifoodie #kolkatadiaries #waiwai #indianfood #chicken #mumbaidiaries #delhidiaries #golgappa #kolkatagram #golgappe #kerala #nepal #maggi #delhifoodblogger #somumbai #kolkata #biriyani #delhigram #pavbhaji #delhi #bengaluru #noida #delhi_igers #sodelhi Noida, India",724,7,False,1534984264,7747357765,0
340,1852141720741892401,Bm0IRT6gFEx,38907175_359690481237207_5440791633438179328_n.jpg,C:\Coding\projects\pavbhaji_model\machinelearningchallenge\dataset\dataset\images\0\38907175_359690481237207_5440791633438179328_n.jpg,0,"This Raksha Bandhan, treat your siblings with our lip-smacking dishes! 
Enjoy our chatpata and mouth-watering Pav Bhaji only @149. #Mumbai90
.
.
#Food #Foodie #PavBhaji #PavBhajiMumbai #FoodOffers #FoodOffersMumbai #RakshaBandhan2018 #SiblingLove",,,#FoodOffersMumbai #Food #PavBhajiMumbai #FoodOffers #SiblingLove #Foodie #RakshaBandhan2018 #Mumbai90 #PavBhaji,Mumbai90,"This Raksha Bandhan, treat your siblings with our lip-smacking dishes! 
Enjoy our chatpata and mouth-watering Pav Bhaji only @149. #Mumbai90
.
.
#Food #Foodie #PavBhaji #PavBhajiMumbai #FoodOffers #FoodOffersMumbai #RakshaBandhan2018 #SiblingLove #FoodOffersMumbai #Food #PavBhajiMumbai #FoodOffers #SiblingLove #Foodie #RakshaBandhan2018 #Mumbai90 #PavBhaji Mumbai90",11,0,False,1535012520,3031061021,0
377,1851711888595789176,BmymibiHqV4,39592429_1797937580289509_2135331626446487552_n.jpg,C:\Coding\projects\pavbhaji_model\machinelearningchallenge\dataset\dataset\images\0\39592429_1797937580289509_2135331626446487552_n.jpg,0,"Sondige masala
Price? @ Rs30/-
Where? ~👁️Netra Bhel👁️ Credits: @saicharanphotography 📷

Want your Food features to be featured here?
Tag or Hashtag #foodsofballari on your food Pictures. If Ua Account is Private then DM/Insta Direct us your food Pictures.
-------------------------------------------
#foodsofballari #bestofballari #ballari #vegan #veg #pavbhaji #desifood #indianfood #foodgram #instagood #foodblogger #foodbloggers #foodreview #india #indiagram #ballaridaires #foodlove #instalove #instagood #food #foodheaven #yummy #instagramindia",,,#foodgram #ballaridaires #foodblogger #foodsofballari #indianfood #foodreview #foodlove #ballari #desifood #instagramindia #india #veg #yummy #instalove #foodbloggers #instagood #vegan #bestofballari #food #pavbhaji #indiagram #foodheaven,,"Sondige masala
Price? @ Rs30/-
Where? ~👁️Netra Bhel👁️ Credits: @saicharanphotography 📷

Want your Food features to be featured here?
Tag or Hashtag #foodsofballari on your food Pictures. If Ua Account is Private then DM/Insta Direct us your food Pictures.
-------------------------------------------
#foodsofballari #bestofballari #ballari #vegan #veg #pavbhaji #desifood #indianfood #foodgram #instagood #foodblogger #foodbloggers #foodreview #india #indiagram #ballaridaires #foodlove #instalove #instagood #food #foodheaven #yummy #instagramindia #foodgram #ballaridaires #foodblogger #foodsofballari #indianfood #foodreview #foodlove #ballari #desifood #instagramindia #india #veg #yummy #instalove #foodbloggers #instagood #vegan #bestofballari #food #pavbhaji #indiagram #foodheaven",203,3,False,1534961280,5789991558,0
389,1851661404491675246,BmybDyjBvZu,37921380_267107630787910_4491285621125414912_n.jpg,C:\Coding\projects\pavbhaji_model\machinelearningchallenge\dataset\dataset\images\0\37921380_267107630787910_4491285621125414912_n.jpg,0,📸@dilli_ke_pakwan Keema Pav,,,,India,📸@dilli_ke_pakwan Keema Pav India,18,2,False,1534955262,8377401637,0
432,1851347330957412709,BmxTpaxlYll,38724635_683850728662078_8712972245250605056_n.jpg,C:\Coding\projects\pavbhaji_model\machinelearningchallenge\dataset\dataset\images\1\38724635_683850728662078_8712972245250605056_n.jpg,1,#pavbhaji #delicious #nagpur #streetfood #foodlover,,,#foodlover #streetfood #pavbhaji #delicious #nagpur,Nagpur,#pavbhaji #delicious #nagpur #streetfood #foodlover #foodlover #streetfood #pavbhaji #delicious #nagpur Nagpur,33,0,False,1534917821,8467461456,0
500,1850776753326546322,BmvR6a8lF2S,39002223_296141161163040_6037944232503672832_n.jpg,C:\Coding\projects\pavbhaji_model\machinelearningchallenge\dataset\dataset\images\0\39002223_296141161163040_6037944232503672832_n.jpg,0,"Bhelpuri ! .
.
.
.
.
Follow @unblushedlife for more food and lifestyle posts.
.
.
.
.
.
#unblushedlife #tasty #bhelpuri #panipuri #sevpuri #dahipuri #chaat #papdichaat #biryani #pavbhaji #pakoda #samosa #vadapav #bhajiya #chai #veg #vegfood #streetfood #vegetarian #foodiesinceborn92 #mouthwatering  #pizza #burger #pasta #yum #yummy #tasty #foodblogger #foodporn #foodphotography",,,#pakoda #vadapav #foodphotography #foodblogger #pasta #panipuri #papdichaat #chai #vegetarian #foodporn #vegfood #burger #yum #bhelpuri #chaat #veg #mouthwatering #biryani #pizza #samosa #sevpuri #yummy #foodiesinceborn92 #dahipuri #tasty #streetfood #pavbhaji #bhajiya #unblushedlife,,"Bhelpuri ! .
.
.
.
.
Follow @unblushedlife for more food and lifestyle posts.
.
.
.
.
.
#unblushedlife #tasty #bhelpuri #panipuri #sevpuri #dahipuri #chaat #papdichaat #biryani #pavbhaji #pakoda #samosa #vadapav #bhajiya #chai #veg #vegfood #streetfood #vegetarian #foodiesinceborn92 #mouthwatering  #pizza #burger #pasta #yum #yummy #tasty #foodblogger #foodporn #foodphotography #pakoda #vadapav #foodphotography #foodblogger #pasta #panipuri #papdichaat #chai #vegetarian #foodporn #vegfood #burger #yum #bhelpuri #chaat #veg #mouthwatering #biryani #pizza #samosa #sevpuri #yummy #foodiesinceborn92 #dahipuri #tasty #streetfood #pavbhaji #bhajiya #unblushedlife",93,2,False,1534849803,198813697,0
127,1853891634509493922,Bm6WJ6HAbai,39322767_706841519653705_8638585666541715456_n.jpg,C:\Coding\projects\pavbhaji_model\machinelearningchallenge\dataset\dataset\images\1\39322767_706841519653705_8638585666541715456_n.jpg,1,#pavbhaji🗣#WifeMade #Pavbhaji #MaskaMarkeandPyaardalke😍😍😍😍😍❤❤❤❤❤❤,,,#pavbhaji #Pavbhaji #MaskaMarkeandPyaardalke #WifeMade,,#pavbhaji🗣#WifeMade #Pavbhaji #MaskaMarkeandPyaardalke😍😍😍😍😍❤❤❤❤❤❤ #pavbhaji #Pavbhaji #MaskaMarkeandPyaardalke #WifeMade,76,0,False,1535221126,6836128240,0
411,1851461386331008522,BmxtlJHnK4K,39099016_841834122687160_4339658518068985856_n.jpg,C:\Coding\projects\pavbhaji_model\machinelearningchallenge\dataset\dataset\images\0\39099016_841834122687160_4339658518068985856_n.jpg,0,"The most iconic utterly delicious buttery Sardar Pav Bhaji 😋🔥😍
.
Credits 📸 : @foodmaniacindia 
Follow @knockpanda_ to discover the best of Food.
.
#mumbaikar #mumbaifoodie #foodofmumbai #mumbaimerijaan #mumbai_igers #foodtalkindia #foodmaniacindia #desifood #streetfood #grubzone #pavbhaji #mumbaifoodblogger #delhifood #nyceats #eatlocal #foodiesofinstagram #eatingfortheinsta #vscofood #feedfeed #eeeeeats #forkyeah #buzzfeast #f52grams #foreverhungry #vscofood #foodstagram #foodandwine #foodgawker #bombay #foodgasm",,,#foodofmumbai #eatlocal #foodmaniacindia #mumbaimerijaan #mumbaifoodie #buzzfeast #f52grams #grubzone #nyceats #eatingfortheinsta #foodiesofinstagram #desifood #mumbai_igers #delhifood #mumbaikar #forkyeah #foodstagram #eeeeeats #mumbaifoodblogger #foreverhungry #foodgawker #bombay #streetfood #pavbhaji #feedfeed #foodandwine #foodtalkindia #foodgasm #vscofood,,"The most iconic utterly delicious buttery Sardar Pav Bhaji 😋🔥😍
.
Credits 📸 : @foodmaniacindia 
Follow @knockpanda_ to discover the best of Food.
.
#mumbaikar #mumbaifoodie #foodofmumbai #mumbaimerijaan #mumbai_igers #foodtalkindia #foodmaniacindia #desifood #streetfood #grubzone #pavbhaji #mumbaifoodblogger #delhifood #nyceats #eatlocal #foodiesofinstagram #eatingfortheinsta #vscofood #feedfeed #eeeeeats #forkyeah #buzzfeast #f52grams #foreverhungry #vscofood #foodstagram #foodandwine #foodgawker #bombay #foodgasm #foodofmumbai #eatlocal #foodmaniacindia #mumbaimerijaan #mumbaifoodie #buzzfeast #f52grams #grubzone #nyceats #eatingfortheinsta #foodiesofinstagram #desifood #mumbai_igers #delhifood #mumbaikar #forkyeah #foodstagram #eeeeeats #mumbaifoodblogger #foreverhungry #foodgawker #bombay #streetfood #pavbhaji #feedfeed #foodandwine #foodtalkindia #foodgasm #vscofood",177,1,False,1534931418,6093252117,0
316,1852320632522308977,Bm0w80fnn1x,39975176_258268844802364_7377336836097572864_n.jpg,C:\Coding\projects\pavbhaji_model\machinelearningchallenge\dataset\dataset\images\1\39975176_258268844802364_7377336836097572864_n.jpg,1,"Yesterday's post by Radhika (@ticklingpalates) made me crave for pav bhaji. So today I decided to make everything from scratch. As I started the process, the bottle of yeast started throwing a tantrum. It just wouldn't open. Tried all possible, known ways but it wouldn't budge. Maybe the yeast was angry that I hardly bake bread 😂😂😂 So got the store bought pav buns and made a home style bhaji with spice level suited to our tastes. Hubby as usual ""paneerified"" it. 😜😜😜 A few days back, I was telling him, ""do you know there is a type of diet where you can eat paneer every single day?"". He got so excited, ""now that's the kind of diet I like"". Before he started to jump around, I had to break the tough news, ""but you can't have any chapathis to go with it"". The excitement fizzled out like a diwali cracker. 😆😆😆 People who follow THAT diet, please don't take any offence 😊

#vegetarian #eatfresh #pavbhaji #homemade #dinner",,,#dinner #vegetarian #pavbhaji #eatfresh #homemade,,"Yesterday's post by Radhika (@ticklingpalates) made me crave for pav bhaji. So today I decided to make everything from scratch. As I started the process, the bottle of yeast started throwing a tantrum. It just wouldn't open. Tried all possible, known ways but it wouldn't budge. Maybe the yeast was angry that I hardly bake bread 😂😂😂 So got the store bought pav buns and made a home style bhaji with spice level suited to our tastes. Hubby as usual ""paneerified"" it. 😜😜😜 A few days back, I was telling him, ""do you know there is a type of diet where you can eat paneer every single day?"". He got so excited, ""now that's the kind of diet I like"". Before he started to jump around, I had to break the tough news, ""but you can't have any chapathis to go with it"". The excitement fizzled out like a diwali cracker. 😆😆😆 People who follow THAT diet, please don't take any offence 😊

#vegetarian #eatfresh #pavbhaji #homemade #dinner #dinner #vegetarian #pavbhaji #eatfresh #homemade",89,9,False,1535033848,1292840364,0
457,1851008678499450375,BmwGpYGH_4H,39322107_267964667372718_4509239434826219520_n.jpg,C:\Coding\projects\pavbhaji_model\machinelearningchallenge\dataset\dataset\images\0\39322107_267964667372718_4509239434826219520_n.jpg,0,"@yummy_bites_cbe 
#yummy #yummy😋 #yummyfood #samosa #vadapav #dabeli #pavbhaji #pavbhaji😋 #manchurian #cabbagemanchurian #gobimanchurian #northindian #northindiantest #panipuri #panipurilovers #bhelpuri #bhel #dahipuri #masalapuri #grillsandwich #vegsandwich #sandwich #fresh #spicy #yummybites 
Address:- shop no.2 corporation building,
near ganesh temple,
opp corporation office,
Ramchandra road,
R.S puram Coimbtore.",,,#vadapav #panipurilovers #panipuri #northindiantest #dabeli #bhel #manchurian #spicy #northindian #fresh #cabbagemanchurian #gobimanchurian #sandwich #bhelpuri #masalapuri #yummyfood #samosa #yummy #grillsandwich #dahipuri #vegsandwich #pavbhaji #yummybites,Yummy Bites CBE,"@yummy_bites_cbe 
#yummy #yummy😋 #yummyfood #samosa #vadapav #dabeli #pavbhaji #pavbhaji😋 #manchurian #cabbagemanchurian #gobimanchurian #northindian #northindiantest #panipuri #panipurilovers #bhelpuri #bhel #dahipuri #masalapuri #grillsandwich #vegsandwich #sandwich #fresh #spicy #yummybites 
Address:- shop no.2 corporation building,
near ganesh temple,
opp corporation office,
Ramchandra road,
R.S puram Coimbtore. #vadapav #panipurilovers #panipuri #northindiantest #dabeli #bhel #manchurian #spicy #northindian #fresh #cabbagemanchurian #gobimanchurian #sandwich #bhelpuri #masalapuri #yummyfood #samosa #yummy #grillsandwich #dahipuri #vegsandwich #pavbhaji #yummybites Yummy Bites CBE",39,1,False,1534877451,8121249365,0
456,1851010071276576543,BmwG9pOHF8f,39248372_180074229458346_3604176073350184960_n.jpg,C:\Coding\projects\pavbhaji_model\machinelearningchallenge\dataset\dataset\images\0\39248372_180074229458346_3604176073350184960_n.jpg,0,"@yummy_bites_cbe 
#yummy #yummy😋 #yummyfood #samosa #vadapav #dabeli #pavbhaji #pavbhaji😋 #manchurian #cabbagemanchurian #gobimanchurian #northindian #northindiantest #panipuri #panipurilovers #bhelpuri #bhel #dahipuri #masalapuri #grillsandwich #vegsandwich #sandwich #fresh #spicy #yummybites 
Address:- shop no.2 corporation building,
near ganesh temple,
opp corporation office,
Ramchandra road,
R.S puram Coimbtore.",,,#vadapav #panipurilovers #panipuri #northindiantest #dabeli #bhel #manchurian #spicy #northindian #fresh #cabbagemanchurian #gobimanchurian #sandwich #bhelpuri #masalapuri #yummyfood #samosa #yummy #grillsandwich #dahipuri #vegsandwich #pavbhaji #yummybites,Yummy Bites CBE,"@yummy_bites_cbe 
#yummy #yummy😋 #yummyfood #samosa #vadapav #dabeli #pavbhaji #pavbhaji😋 #manchurian #cabbagemanchurian #gobimanchurian #northindian #northindiantest #panipuri #panipurilovers #bhelpuri #bhel #dahipuri #masalapuri #grillsandwich #vegsandwich #sandwich #fresh #spicy #yummybites 
Address:- shop no.2 corporation building,
near ganesh temple,
opp corporation office,
Ramchandra road,
R.S puram Coimbtore. #vadapav #panipurilovers #panipuri #northindiantest #dabeli #bhel #manchurian #spicy #northindian #fresh #cabbagemanchurian #gobimanchurian #sandwich #bhelpuri #masalapuri #yummyfood #samosa #yummy #grillsandwich #dahipuri #vegsandwich #pavbhaji #yummybites Yummy Bites CBE",33,0,False,1534877617,8121249365,0
171,1853610248068087104,Bm5WLMkHz1A,39101428_453410611839722_3856435028951040000_n.jpg,C:\Coding\projects\pavbhaji_model\machinelearningchallenge\dataset\dataset\images\1\39101428_453410611839722_3856435028951040000_n.jpg,1,"This is a spicy blend of #vegetables in tomato gravy served with #pav that is cooked with butter.
Follow @india_canteen
Check this out @toumnyc
@foodrad @foodie_4_everr
@foodie_mumbaikar7 @foodmunchiee @foodyfetish @friesbe4guysss @lurkforfood @thesassyfanaticfoodie 
#indiacanteen #tastyfix #rakshbandhan #rakhi #specialrecipe #pavbhaji",,,#rakhi #vegetables #tastyfix #indiacanteen #specialrecipe #pavbhaji #pav #rakshbandhan,,"This is a spicy blend of #vegetables in tomato gravy served with #pav that is cooked with butter.
Follow @india_canteen
Check this out @toumnyc
@foodrad @foodie_4_everr
@foodie_mumbaikar7 @foodmunchiee @foodyfetish @friesbe4guysss @lurkforfood @thesassyfanaticfoodie 
#indiacanteen #tastyfix #rakshbandhan #rakhi #specialrecipe #pavbhaji #rakhi #vegetables #tastyfix #indiacanteen #specialrecipe #pavbhaji #pav #rakshbandhan",38,2,False,1535187582,6765553510,0
196,1853397413780299985,Bm4lyDMAKDR,38920099_2116095108630286_7324667647851757568_n.jpg,C:\Coding\projects\pavbhaji_model\machinelearningchallenge\dataset\dataset\images\1\38920099_2116095108630286_7324667647851757568_n.jpg,1,I can travel the whole world for a food like this!🤤#cravings #cravingsatisfied #pavbhaji #cholebhature #tikkichaat #ghewar #northindian #bramptontime #foodiecouple #yum #omnomnom #rakshabandhan #festivaltime #festivity #foodieneha 💕😍,,,#rakshabandhan #yum #ghewar #foodieneha #cravings #omnomnom #festivaltime #pavbhaji #tikkichaat #cravingsatisfied #festivity #foodiecouple #cholebhature #northindian #bramptontime,Brarsfoodculture,I can travel the whole world for a food like this!🤤#cravings #cravingsatisfied #pavbhaji #cholebhature #tikkichaat #ghewar #northindian #bramptontime #foodiecouple #yum #omnomnom #rakshabandhan #festivaltime #festivity #foodieneha 💕😍 #rakshabandhan #yum #ghewar #foodieneha #cravings #omnomnom #festivaltime #pavbhaji #tikkichaat #cravingsatisfied #festivity #foodiecouple #cholebhature #northindian #bramptontime Brarsfoodculture,24,0,False,1535162210,976110605,0
50,1855010484480104607,Bm-UjUWD9if,39120960_294648127989382_2422117300153876480_n.jpg,C:\Coding\projects\pavbhaji_model\machinelearningchallenge\dataset\dataset\images\0\39120960_294648127989382_2422117300153876480_n.jpg,0,"In collaboration with @lovelylittlecharms
Theme collection:Street food-PavBhaji |Momo✨

Do check out these adorable miniature creation.Loved the process of illustrating for this talented artist 💗
#dugggart #themeillustration #beyondingart #beyondinreality #abstracteverything #digitalart #loveforabstractpainting #lifeofanartist #abstractillustration #abstractartist #lifeincolours #framesinframes #loveforart #illustrationalltheway #doodlesofinstagram #abstractlife #arteverywhere #bewhoyouare #streetfoodmarket #mumbaipavbhaji #mumbaistreetfood #momos #streetfood #momosforlife #pavbhaji #mumbaistreetfoodlovers #pavbhajiforlife #foodthatfeedthesoul #visualcanvas",,,#mumbaistreetfood #themeillustration #loveforart #mumbaipavbhaji #loveforabstractpainting #momos #lifeincolours #bewhoyouare #dugggart #streetfoodmarket #abstractlife #abstractartist #mumbaistreetfoodlovers #doodlesofinstagram #pavbhajiforlife #foodthatfeedthesoul #beyondingart #beyondinreality #visualcanvas #momosforlife #framesinframes #lifeofanartist #illustrationalltheway #streetfood #pavbhaji #arteverywhere #abstracteverything #abstractillustration #digitalart,,"In collaboration with @lovelylittlecharms
Theme collection:Street food-PavBhaji |Momo✨

Do check out these adorable miniature creation.Loved the process of illustrating for this talented artist 💗
#dugggart #themeillustration #beyondingart #beyondinreality #abstracteverything #digitalart #loveforabstractpainting #lifeofanartist #abstractillustration #abstractartist #lifeincolours #framesinframes #loveforart #illustrationalltheway #doodlesofinstagram #abstractlife #arteverywhere #bewhoyouare #streetfoodmarket #mumbaipavbhaji #mumbaistreetfood #momos #streetfood #momosforlife #pavbhaji #mumbaistreetfoodlovers #pavbhajiforlife #foodthatfeedthesoul #visualcanvas #mumbaistreetfood #themeillustration #loveforart #mumbaipavbhaji #loveforabstractpainting #momos #lifeincolours #bewhoyouare #dugggart #streetfoodmarket #abstractlife #abstractartist #mumbaistreetfoodlovers #doodlesofinstagram #pavbhajiforlife #foodthatfeedthesoul #beyondingart #beyondinreality #visualcanvas #momosforlife #framesinframes #lifeofanartist #illustrationalltheway #streetfood #pavbhaji #arteverywhere #abstracteverything #abstractillustration #digitalart",52,2,False,1535354503,3308056182,0
414,1851408686989613811,BmxhmRCFprz,39189167_1092566567565318_8729053521929830400_n.jpg,C:\Coding\projects\pavbhaji_model\machinelearningchallenge\dataset\dataset\images\1\39189167_1092566567565318_8729053521929830400_n.jpg,1,"The one place where you can get bhaaji in a kulhad. 😍
Love innovations
.
Where - @chaayos .
.
.
.
.
.
#food #feedfeed #foodies #f52grams #foodlover #foodaholic #foodporn #foodgasm #food52 #foodphotography #foodtrip #foodpost #onthetable #cafehopping #foodpassion #foodblogger #indianfoodie #pavbhaji #bhaji #kulhad #kulhadbhaji #pavbhajilove #onions #butterpav #butterpavbhaji #sodelhi #justdelhiing #delhiblogger #the_beard_foodies",,,#sodelhi #foodphotography #bhaji #foodblogger #foodaholic #indianfoodie #onthetable #foodpost #f52grams #foodlover #onions #cafehopping #foodporn #kulhadbhaji #pavbhajilove #delhiblogger #justdelhiing #butterpav #food52 #foodtrip #food #kulhad #butterpavbhaji #feedfeed #pavbhaji #the_beard_foodies #foodies #foodgasm #foodpassion,Chaayos,"The one place where you can get bhaaji in a kulhad. 😍
Love innovations
.
Where - @chaayos .
.
.
.
.
.
#food #feedfeed #foodies #f52grams #foodlover #foodaholic #foodporn #foodgasm #food52 #foodphotography #foodtrip #foodpost #onthetable #cafehopping #foodpassion #foodblogger #indianfoodie #pavbhaji #bhaji #kulhad #kulhadbhaji #pavbhajilove #onions #butterpav #butterpavbhaji #sodelhi #justdelhiing #delhiblogger #the_beard_foodies #sodelhi #foodphotography #bhaji #foodblogger #foodaholic #indianfoodie #onthetable #foodpost #f52grams #foodlover #onions #cafehopping #foodporn #kulhadbhaji #pavbhajilove #delhiblogger #justdelhiing #butterpav #food52 #foodtrip #food #kulhad #butterpavbhaji #feedfeed #pavbhaji #the_beard_foodies #foodies #foodgasm #foodpassion Chaayos",39,0,False,1534925135,8143231184,0
479,1850906389046488032,BmvvY3nnevg,38871469_893314274211508_8551498079264571392_n.jpg,C:\Coding\projects\pavbhaji_model\machinelearningchallenge\dataset\dataset\images\1\38871469_893314274211508_8551498079264571392_n.jpg,1,"Pavbhaji with chopped onions,coriander leaves ,sprinkled with a lot of lime juice.just love to add a lot of butter.i just love to have it with soft buttery buns.
.
.
.
Follow @bipolar.blogger for amazing updates.
.
.
.
#chandigarhblogger#chandigarhfoodblogger#pavbhaji#delhistreetfood#mumbaiigers#indianstreetfood#zingyzest#dilsefoodie#trellingfood#indianfoodie#indianfoodblogger#grubzone#delhifoodwalks#foodtalkindia#sodelhi#fbai#dillifoodies#saadidilli#mumbaifoodies#heydelhi#foodmaniacindia#popxofeatures#crazyfood#instachandigarh#delhifoodguide#heartymeal#foodbloggersofinstagram",,,#foodmaniacindia #mumbaiigers #indianfoodie #indianstreetfood #heartymeal #chandigarhblogger #saadidilli #chandigarhfoodblogger #grubzone #fbai #mumbaifoodies #popxofeatures #zingyzest #delhifoodwalks #instachandigarh #dillifoodies #indianfoodblogger #foodbloggersofinstagram #crazyfood #delhistreetfood #heydelhi #pavbhaji #dilsefoodie #foodtalkindia #delhifoodguide #trellingfood #sodelhi,"Chandigarh, India","Pavbhaji with chopped onions,coriander leaves ,sprinkled with a lot of lime juice.just love to add a lot of butter.i just love to have it with soft buttery buns.
.
.
.
Follow @bipolar.blogger for amazing updates.
.
.
.
#chandigarhblogger#chandigarhfoodblogger#pavbhaji#delhistreetfood#mumbaiigers#indianstreetfood#zingyzest#dilsefoodie#trellingfood#indianfoodie#indianfoodblogger#grubzone#delhifoodwalks#foodtalkindia#sodelhi#fbai#dillifoodies#saadidilli#mumbaifoodies#heydelhi#foodmaniacindia#popxofeatures#crazyfood#instachandigarh#delhifoodguide#heartymeal#foodbloggersofinstagram #foodmaniacindia #mumbaiigers #indianfoodie #indianstreetfood #heartymeal #chandigarhblogger #saadidilli #chandigarhfoodblogger #grubzone #fbai #mumbaifoodies #popxofeatures #zingyzest #delhifoodwalks #instachandigarh #dillifoodies #indianfoodblogger #foodbloggersofinstagram #crazyfood #delhistreetfood #heydelhi #pavbhaji #dilsefoodie #foodtalkindia #delhifoodguide #trellingfood #sodelhi Chandigarh, India",1437,28,False,1534865257,4695423314,0
503,1850749405910870541,BmvLsdrlSoN,38813886_2049391411771866_8571297569261486080_n.jpg,C:\Coding\projects\pavbhaji_model\machinelearningchallenge\dataset\dataset\images\1\38813886_2049391411771866_8571297569261486080_n.jpg,1,"Pav bhaji again but with a slightly different recipe 😋
Spicier and more veggies 😍

#momscooking #pavbhaji #butter #butterpav #masalapav #lemon #vegetables #veggies #salad #indianfood #indiancooking #cooking #dinner #instacooking #homefood #insta #instagood #instalunch #lunch #picoftheday #photooftheday #photogrid #mommyknowsbest",,,#lemon #indianfood #lunch #mommyknowsbest #salad #photooftheday #insta #masalapav #cooking #homefood #momscooking #indiancooking #butter #butterpav #instalunch #instacooking #veggies #instagood #picoftheday #vegetables #dinner #pavbhaji #photogrid,,"Pav bhaji again but with a slightly different recipe 😋
Spicier and more veggies 😍

#momscooking #pavbhaji #butter #butterpav #masalapav #lemon #vegetables #veggies #salad #indianfood #indiancooking #cooking #dinner #instacooking #homefood #insta #instagood #instalunch #lunch #picoftheday #photooftheday #photogrid #mommyknowsbest #lemon #indianfood #lunch #mommyknowsbest #salad #photooftheday #insta #masalapav #cooking #homefood #momscooking #indiancooking #butter #butterpav #instalunch #instacooking #veggies #instagood #picoftheday #vegetables #dinner #pavbhaji #photogrid",52,2,False,1534846543,695313504,0
214,1853090967999968023,Bm3gGrUH3MX,39724085_723638994642940_6199720845791723520_n.jpg,C:\Coding\projects\pavbhaji_model\machinelearningchallenge\dataset\dataset\images\1\39724085_723638994642940_6199720845791723520_n.jpg,1,"When you reach home & family showers so much love to you 😋😋💕 .
.
😋😋 Homemade Pav Bhaji with lots of Butter served with onion rings & chopped cucumber dice 😋 😋
.
.
💕 Tag Pav Bhaji Lovers 💕
.
.
.
Follow @flavoursonplatter
.
.
.
Follow @flavoursonplatter
.
.
#flavoursonplatter #homecookedmeal #homecooking #homemade #pavbhaji #bhaji #spicy #masala #bread #friday #weekendspecial #weekend #mood #butter #onion #food #indianfoodblogger #indianblogger #delhi #india #indian #foodphotography #delhi_igers",,,#foodphotography #bhaji #weekendspecial #indianblogger #weekend #spicy #delhi_igers #indian #homecookedmeal #butter #india #masala #bread #indianfoodblogger #friday #flavoursonplatter #mood #food #pavbhaji #onion #delhi #homecooking #homemade,"Delhi, India","When you reach home & family showers so much love to you 😋😋💕 .
.
😋😋 Homemade Pav Bhaji with lots of Butter served with onion rings & chopped cucumber dice 😋 😋
.
.
💕 Tag Pav Bhaji Lovers 💕
.
.
.
Follow @flavoursonplatter
.
.
.
Follow @flavoursonplatter
.
.
#flavoursonplatter #homecookedmeal #homecooking #homemade #pavbhaji #bhaji #spicy #masala #bread #friday #weekendspecial #weekend #mood #butter #onion #food #indianfoodblogger #indianblogger #delhi #india #indian #foodphotography #delhi_igers #foodphotography #bhaji #weekendspecial #indianblogger #weekend #spicy #delhi_igers #indian #homecookedmeal #butter #india #masala #bread #indianfoodblogger #friday #flavoursonplatter #mood #food #pavbhaji #onion #delhi #homecooking #homemade Delhi, India",37,0,False,1535125679,7196072202,0
149,1853751383367431593,Bm52Q_DgTWp,39598374_459534021231691_4565456272034006005_n.jpg,C:\Coding\projects\pavbhaji_model\machinelearningchallenge\dataset\dataset\images\0\39598374_459534021231691_4565456272034006005_n.jpg,0,"Cheeeesyy Garlic Bread‼️🤤😋
.
.
.
.
.
picture by @thefoodaholicindia .
#pavbhaji #dwarka#chandigarhfoodblogger#chandigarhblogger #heydelhi #delhifoodblogger#foodtalkindia #zingyzest #vforveggie #foodmaniacindia#dillifoodies #saadidilli #mumbaifoodies #dilsefoodie#trellingfood #indianfoodie #desikhana #indianfoodblogger#hungrydilliwaali #grubzone #delhifoodwalks #mumbaiigers#indianstreetfood #delhifoodguide #saadidilli #sodelhi#delhitimes #delhibloggers #delhistreetfood #mumbaistreetfood

@thegirlinphulkari 
@thefooddestination 
@the__unknown_photographer 
@foodiebaniya 
@platetoplate.fromours.toyours 
@coupleonbike 
@brunchbabeindia",,,#mumbaistreetfood #foodmaniacindia #mumbaiigers #indianfoodie #indianstreetfood #vforveggie #chandigarhblogger #saadidilli #chandigarhfoodblogger #grubzone #mumbaifoodies #zingyzest #delhibloggers #delhifoodwalks #dillifoodies #hungrydilliwaali #indianfoodblogger #delhitimes #delhifoodblogger #dwarka #desikhana #delhistreetfood #heydelhi #pavbhaji #dilsefoodie #foodtalkindia #delhifoodguide #trellingfood #sodelhi,"Chandigarh, India","Cheeeesyy Garlic Bread‼️🤤😋
.
.
.
.
.
picture by @thefoodaholicindia .
#pavbhaji #dwarka#chandigarhfoodblogger#chandigarhblogger #heydelhi #delhifoodblogger#foodtalkindia #zingyzest #vforveggie #foodmaniacindia#dillifoodies #saadidilli #mumbaifoodies #dilsefoodie#trellingfood #indianfoodie #desikhana #indianfoodblogger#hungrydilliwaali #grubzone #delhifoodwalks #mumbaiigers#indianstreetfood #delhifoodguide #saadidilli #sodelhi#delhitimes #delhibloggers #delhistreetfood #mumbaistreetfood

@thegirlinphulkari 
@thefooddestination 
@the__unknown_photographer 
@foodiebaniya 
@platetoplate.fromours.toyours 
@coupleonbike 
@brunchbabeindia #mumbaistreetfood #foodmaniacindia #mumbaiigers #indianfoodie #indianstreetfood #vforveggie #chandigarhblogger #saadidilli #chandigarhfoodblogger #grubzone #mumbaifoodies #zingyzest #delhibloggers #delhifoodwalks #dillifoodies #hungrydilliwaali #indianfoodblogger #delhitimes #delhifoodblogger #dwarka #desikhana #delhistreetfood #heydelhi #pavbhaji #dilsefoodie #foodtalkindia #delhifoodguide #trellingfood #sodelhi Chandigarh, India",1025,4,False,1535204407,315459022,0
376,1851718366134601785,BmyoAsNhQg5,39044630_135178817416719_8545453411666040085_n.jpg,C:\Coding\projects\pavbhaji_model\machinelearningchallenge\dataset\dataset\images\1\39044630_135178817416719_8545453411666040085_n.jpg,1,"Snacking at @kailashparbat.ltd.hongkong was absolutely fun💕😋 do go and try !🤗
.
.
.
.
.
.
#hkblogger #influencer #influencerhk #hkfoodie #hkfoodlover #foodporn #desifood #pavbhaji #yummyfood #yummy #alphaconcepts #eidmubarak #pureveg #vegan #foodgasm #foodphotography #veganrecipes #alphaconcepts ❤️",,,#hkblogger #yummy #hkfoodlover #foodphotography #pureveg #vegan #foodgasm #eidmubarak #pavbhaji #yummyfood #influencerhk #alphaconcepts #foodporn #hkfoodie #influencer #desifood #veganrecipes,Kailash Parbat Ltd Hong Kong,"Snacking at @kailashparbat.ltd.hongkong was absolutely fun💕😋 do go and try !🤗
.
.
.
.
.
.
#hkblogger #influencer #influencerhk #hkfoodie #hkfoodlover #foodporn #desifood #pavbhaji #yummyfood #yummy #alphaconcepts #eidmubarak #pureveg #vegan #foodgasm #foodphotography #veganrecipes #alphaconcepts ❤️ #hkblogger #yummy #hkfoodlover #foodphotography #pureveg #vegan #foodgasm #eidmubarak #pavbhaji #yummyfood #influencerhk #alphaconcepts #foodporn #hkfoodie #influencer #desifood #veganrecipes Kailash Parbat Ltd Hong Kong",99,9,False,1534962052,8448281877,0
278,1852451700797231292,Bm1OwHVllC8,39651393_706615813017254_5175129390576566272_n.jpg,C:\Coding\projects\pavbhaji_model\machinelearningchallenge\dataset\dataset\images\1\39651393_706615813017254_5175129390576566272_n.jpg,1,"Homemade Pavbhaji after ages!!
.
.
.
.
.

#Pavbhaji #Homemade #Cooking #ILoveCooking #Selfmade #MadeFromScratch #InstaFood #FoodPorn #MadeWithLove #CookingWithLove #MadeForLove #Dinner #Vegeterian #VegFood #Healthy #Yummy",,,#MadeWithLove #MadeFromScratch #Dinner #Homemade #ILoveCooking #Healthy #InstaFood #MadeForLove #VegFood #Pavbhaji #CookingWithLove #Yummy #Vegeterian #FoodPorn #Selfmade #Cooking,,"Homemade Pavbhaji after ages!!
.
.
.
.
.

#Pavbhaji #Homemade #Cooking #ILoveCooking #Selfmade #MadeFromScratch #InstaFood #FoodPorn #MadeWithLove #CookingWithLove #MadeForLove #Dinner #Vegeterian #VegFood #Healthy #Yummy #MadeWithLove #MadeFromScratch #Dinner #Homemade #ILoveCooking #Healthy #InstaFood #MadeForLove #VegFood #Pavbhaji #CookingWithLove #Yummy #Vegeterian #FoodPorn #Selfmade #Cooking",82,3,False,1535049472,2370482282,0
390,1851657001237328063,BmyaDtsnbC_,38934817_256148638365533_3063196466785812480_n.jpg,C:\Coding\projects\pavbhaji_model\machinelearningchallenge\dataset\dataset\images\0\38934817_256148638365533_3063196466785812480_n.jpg,0,"Chicken biriyani for dinner 😍
.
.
From - Biryani Next Door
Follow @rassasy_delight
. .
.
. .
.
#noida #delhigram #kerala #delhidiaries #delhi #delhi_igers #waiwai #somumbai #sodelhi #bengaluru #newdelhi #mumbaidiaries #kolkata #sokolkata #delhifoodblogger #panipuri #kolkatadiaries #pavbhaji #kolkatagram #westbengal #delhifoodie #nepal #mumbaifoodie #mumbai #golgappe #golgappa #indianfood #biriyani #chicken",,,#westbengal #delhifoodie #mumbai #sokolkata #panipuri #mumbaifoodie #newdelhi #kolkatadiaries #waiwai #indianfood #chicken #mumbaidiaries #delhidiaries #golgappa #kolkatagram #golgappe #kerala #nepal #delhifoodblogger #somumbai #kolkata #biriyani #delhigram #pavbhaji #delhi #bengaluru #noida #delhi_igers #sodelhi,"Noida, India","Chicken biriyani for dinner 😍
.
.
From - Biryani Next Door
Follow @rassasy_delight
. .
.
. .
.
#noida #delhigram #kerala #delhidiaries #delhi #delhi_igers #waiwai #somumbai #sodelhi #bengaluru #newdelhi #mumbaidiaries #kolkata #sokolkata #delhifoodblogger #panipuri #kolkatadiaries #pavbhaji #kolkatagram #westbengal #delhifoodie #nepal #mumbaifoodie #mumbai #golgappe #golgappa #indianfood #biriyani #chicken #westbengal #delhifoodie #mumbai #sokolkata #panipuri #mumbaifoodie #newdelhi #kolkatadiaries #waiwai #indianfood #chicken #mumbaidiaries #delhidiaries #golgappa #kolkatagram #golgappe #kerala #nepal #delhifoodblogger #somumbai #kolkata #biriyani #delhigram #pavbhaji #delhi #bengaluru #noida #delhi_igers #sodelhi Noida, India",1094,22,False,1534954737,7747357765,0
51,1854990979122041041,Bm-QHekH5DR,39314883_2040672075977599_5096744300394315776_n.jpg,C:\Coding\projects\pavbhaji_model\machinelearningchallenge\dataset\dataset\images\0\39314883_2040672075977599_5096744300394315776_n.jpg,0,"Throwback to friday night dinner spread
Don't forget to swipe left",,,,"Redmond, Washington","Throwback to friday night dinner spread
Don't forget to swipe left Redmond, Washington",51,12,False,1535352178,5489952608,0
487,1850862818950435970,Bmvle1zhNSC,39269283_2158679977738732_7473738893179748352_n.jpg,C:\Coding\projects\pavbhaji_model\machinelearningchallenge\dataset\dataset\images\1\39269283_2158679977738732_7473738893179748352_n.jpg,1,"Regrann from @khana_bazaar
Sorted with amazing food like this heavenly buttery pav bhaji 👌🏽😍
.
This is from @kumarpavbhaji, Krishna Nagar 🤗
.
Follow @khana_bazaar 
@khana_bazaar 
@punjabi.bhukkad 
@punjabi.bhukkad 
#pavbhaji #bhaji #breakfast #brunch #mumbai #mumbaifoodie #mumbaifood #butter #food #food52 #foodporn #f52grams #desi #instafood #instagram #instafood #india #foodphotography #delhigram #delhi_igers #delhifoodie #breakfast #goodeats #buzzfeedfood #happy #love #munching #khaopiyoaishkaro",,,#foodphotography #bhaji #mumbai #delhifoodie #mumbaifoodie #f52grams #khaopiyoaishkaro #munching #goodeats #instafood #foodporn #brunch #butter #india #love #food52 #breakfast #desi #mumbaifood #instagram #food #buzzfeedfood #delhigram #pavbhaji #delhi_igers #happy,,"Regrann from @khana_bazaar
Sorted with amazing food like this heavenly buttery pav bhaji 👌🏽😍
.
This is from @kumarpavbhaji, Krishna Nagar 🤗
.
Follow @khana_bazaar 
@khana_bazaar 
@punjabi.bhukkad 
@punjabi.bhukkad 
#pavbhaji #bhaji #breakfast #brunch #mumbai #mumbaifoodie #mumbaifood #butter #food #food52 #foodporn #f52grams #desi #instafood #instagram #instafood #india #foodphotography #delhigram #delhi_igers #delhifoodie #breakfast #goodeats #buzzfeedfood #happy #love #munching #khaopiyoaishkaro #foodphotography #bhaji #mumbai #delhifoodie #mumbaifoodie #f52grams #khaopiyoaishkaro #munching #goodeats #instafood #foodporn #brunch #butter #india #love #food52 #breakfast #desi #mumbaifood #instagram #food #buzzfeedfood #delhigram #pavbhaji #delhi_igers #happy",27,3,False,1534860063,8436017069,0
362,1851991046806627061,BmzmAt4HOL1,38879281_654681954919008_8144155692920471552_n.jpg,C:\Coding\projects\pavbhaji_model\machinelearningchallenge\dataset\dataset\images\0\38879281_654681954919008_8144155692920471552_n.jpg,0,#pavbhaji #indocanadianchef #mumbaifood #indianfoodie #firstorder #spicyfood #masalapav #mumbaichafoodies #indianchef #homecooked #insiderfood,,,#mumbaifood #mumbaichafoodies #spicyfood #indianfoodie #indianchef #pavbhaji #firstorder #indocanadianchef #masalapav #homecooked #insiderfood,,#pavbhaji #indocanadianchef #mumbaifood #indianfoodie #firstorder #spicyfood #masalapav #mumbaichafoodies #indianchef #homecooked #insiderfood #mumbaifood #mumbaichafoodies #spicyfood #indianfoodie #indianchef #pavbhaji #firstorder #indocanadianchef #masalapav #homecooked #insiderfood,34,2,False,1534994558,5836893183,0
467,1850954335141174942,Bmv6Sk5jx6e,38934837_544680209282886_8523134090620887271_n.jpg,C:\Coding\projects\pavbhaji_model\machinelearningchallenge\dataset\dataset\images\0\38934837_544680209282886_8523134090620887271_n.jpg,0,"Back with another food challenge: Pav Bhaji Challenge with my Sister | Pav Bhaji Eating Challenge with Punishment...
https://youtu.be/bf0eIgTvm0c
Watch this fun food challenge by clicking on the link in bio...
#pavbhaji #pavbhajichallenge #pavbhajitime #pavbhajieating #pavbhajilove #pavbhajilover #pavbhajimasala #pavbhajiparty #pavbhajinight #pavbhajilovers #pavbhajicravings #pavbhajispecial #butterpavbhaji #butterpav #butterbhaji #pavbhajitreat #pavbhajiforlife #pavbhajiisbae #pavbhajirecipe #eatingchallenge #foodchallenge #eatingcompetition #streetfood #indianstreetfood 
Pav bhaji by @healthjuicecentre.india @healthjuicecentre",,,#indianstreetfood #pavbhajicravings #pavbhajieating #pavbhajispecial #pavbhajitreat #pavbhajilove #pavbhajimasala #pavbhajirecipe #pavbhajiforlife #pavbhajitime #butterbhaji #pavbhajilover #butterpav #pavbhajilovers #eatingchallenge #pavbhajinight #foodchallenge #pavbhajiisbae #butterpavbhaji #eatingcompetition #pavbhaji #streetfood #pavbhajiparty #pavbhajichallenge,,"Back with another food challenge: Pav Bhaji Challenge with my Sister | Pav Bhaji Eating Challenge with Punishment...
https://youtu.be/bf0eIgTvm0c
Watch this fun food challenge by clicking on the link in bio...
#pavbhaji #pavbhajichallenge #pavbhajitime #pavbhajieating #pavbhajilove #pavbhajilover #pavbhajimasala #pavbhajiparty #pavbhajinight #pavbhajilovers #pavbhajicravings #pavbhajispecial #butterpavbhaji #butterpav #butterbhaji #pavbhajitreat #pavbhajiforlife #pavbhajiisbae #pavbhajirecipe #eatingchallenge #foodchallenge #eatingcompetition #streetfood #indianstreetfood 
Pav bhaji by @healthjuicecentre.india @healthjuicecentre #indianstreetfood #pavbhajicravings #pavbhajieating #pavbhajispecial #pavbhajitreat #pavbhajilove #pavbhajimasala #pavbhajirecipe #pavbhajiforlife #pavbhajitime #butterbhaji #pavbhajilover #butterpav #pavbhajilovers #eatingchallenge #pavbhajinight #foodchallenge #pavbhajiisbae #butterpavbhaji #eatingcompetition #pavbhaji #streetfood #pavbhajiparty #pavbhajichallenge",43,1,False,1534870973,2404578915,0
211,1853110495813401022,Bm3ki2AgXm-,39902751_451738601985784_6476962290418581504_n.jpg,C:\Coding\projects\pavbhaji_model\machinelearningchallenge\dataset\dataset\images\1\39902751_451738601985784_6476962290418581504_n.jpg,1,"Pav bhaji at Bombay pav bhaji
〰️〰️〰️〰️〰️
Location: Ghumar Mandi, Ludhiana
Price: Rs 70
〰️〰️〰️〰️
Taste:4/5⭐
Review: If you are a pav bhaji lover , then you must try it . Worth it👌😋
〰️〰️〰️〰️
📷 @kanwardeep_kaiims 
Follow @urfoodzone for more.
#pavbhaji #bombaypavbhaji #foodlove #foodblogger #foodblog #blogger #blog #foodphotography #foodporn #photography #ludhianablog #ludhianablogger #ludhiana #foodgasm #foodlover #foodinludhiana",,,#foodlove #foodlover #foodphotography #foodblogger #ludhiana #blogger #foodinludhiana #pavbhaji #photography #bombaypavbhaji #blog #foodblog #foodporn #foodgasm #ludhianablog #ludhianablogger,Bombay Paw Bhaji,"Pav bhaji at Bombay pav bhaji
〰️〰️〰️〰️〰️
Location: Ghumar Mandi, Ludhiana
Price: Rs 70
〰️〰️〰️〰️
Taste:4/5⭐
Review: If you are a pav bhaji lover , then you must try it . Worth it👌😋
〰️〰️〰️〰️
📷 @kanwardeep_kaiims 
Follow @urfoodzone for more.
#pavbhaji #bombaypavbhaji #foodlove #foodblogger #foodblog #blogger #blog #foodphotography #foodporn #photography #ludhianablog #ludhianablogger #ludhiana #foodgasm #foodlover #foodinludhiana #foodlove #foodlover #foodphotography #foodblogger #ludhiana #blogger #foodinludhiana #pavbhaji #photography #bombaypavbhaji #blog #foodblog #foodporn #foodgasm #ludhianablog #ludhianablogger Bombay Paw Bhaji",128,2,False,1535128007,8020906581,0
142,1853778400567510352,Bm58aIyHkVQ,39314928_447938195727228_1064598804994457600_n.jpg,C:\Coding\projects\pavbhaji_model\machinelearningchallenge\dataset\dataset\images\0\39314928_447938195727228_1064598804994457600_n.jpg,0,"Especially made with lots of love and butter😋
My mom makes the best Pav Bhaji!
❤️
Food is my first love and she clearly knows that🙆
Well toasted buns, Bhaji with tonness of butter and Chutney.
Do you also love Pav Bhaji as much as I do!?
.
For more food posts, 
Keep following @the_grubaffair 
@the_grubaffair 
Use the hashtag #the_grubaffair to get your food Affair featured!💥
.
#foodpics #foodcoma #foodlove #foodart #foodforthought #foodbeast #foodblogger #foodie_features #foodie #foodpost #foodporn #foodgasm #foodphotography #the_grubaffair #foodtalkindia #delhi_diaries #delhigram #delhi_igers #delhifoodblogger #agra #followforfollowback #likeforlikes #foodlover #pavbhaji #cheese #foodislife #f52grams #foodvsco #indiancuisine #indianfood 
@zingyzest @v_for_veggie @hungrydilliwaali @thegreatindianfoodie",,,#foodphotography #foodblogger #foodie #foodcoma #the_grubaffair #foodpost #foodpics #f52grams #indianfood #foodlove #foodlover #followforfollowback #foodporn #cheese #foodvsco #agra #foodforthought #foodislife #foodie_features #delhifoodblogger #indiancuisine #delhi_diaries #delhigram #foodart #pavbhaji #foodtalkindia #delhi_igers #likeforlikes #foodbeast #foodgasm,"Agra, Uttar Pradesh","Especially made with lots of love and butter😋
My mom makes the best Pav Bhaji!
❤️
Food is my first love and she clearly knows that🙆
Well toasted buns, Bhaji with tonness of butter and Chutney.
Do you also love Pav Bhaji as much as I do!?
.
For more food posts, 
Keep following @the_grubaffair 
@the_grubaffair 
Use the hashtag #the_grubaffair to get your food Affair featured!💥
.
#foodpics #foodcoma #foodlove #foodart #foodforthought #foodbeast #foodblogger #foodie_features #foodie #foodpost #foodporn #foodgasm #foodphotography #the_grubaffair #foodtalkindia #delhi_diaries #delhigram #delhi_igers #delhifoodblogger #agra #followforfollowback #likeforlikes #foodlover #pavbhaji #cheese #foodislife #f52grams #foodvsco #indiancuisine #indianfood 
@zingyzest @v_for_veggie @hungrydilliwaali @thegreatindianfoodie #foodphotography #foodblogger #foodie #foodcoma #the_grubaffair #foodpost #foodpics #f52grams #indianfood #foodlove #foodlover #followforfollowback #foodporn #cheese #foodvsco #agra #foodforthought #foodislife #foodie_features #delhifoodblogger #indiancuisine #delhi_diaries #delhigram #foodart #pavbhaji #foodtalkindia #delhi_igers #likeforlikes #foodbeast #foodgasm Agra, Uttar Pradesh",525,16,False,1535207627,6006257355,0
87,1854451516775373167,Bm8VdRGlJlv,39318287_231516440847353_5723374746070941696_n.jpg,C:\Coding\projects\pavbhaji_model\machinelearningchallenge\dataset\dataset\images\0\39318287_231516440847353_5723374746070941696_n.jpg,0,#foodgasm #foodporn #foodlover #southindianfood #masaladosa #pavbhaji #foodphotography #sweetphotography #lovephotography #photolovers #photography #photographer #photooftheday #pictureoftheday #pics #kolkatadiaries #kolkata_calcutta_city #kolkatafoodie,,,#foodlover #photooftheday #foodphotography #lovephotography #photolovers #pics #pavbhaji #photographer #masaladosa #photography #pictureoftheday #kolkatadiaries #foodporn #southindianfood #foodgasm #kolkata_calcutta_city #kolkatafoodie #sweetphotography,"Haldiram, Exide","#foodgasm #foodporn #foodlover #southindianfood #masaladosa #pavbhaji #foodphotography #sweetphotography #lovephotography #photolovers #photography #photographer #photooftheday #pictureoftheday #pics #kolkatadiaries #kolkata_calcutta_city #kolkatafoodie #foodlover #photooftheday #foodphotography #lovephotography #photolovers #pics #pavbhaji #photographer #masaladosa #photography #pictureoftheday #kolkatadiaries #foodporn #southindianfood #foodgasm #kolkata_calcutta_city #kolkatafoodie #sweetphotography Haldiram, Exide",15,0,False,1535287869,1534340041,0
289,1434168809647839314,BPnMO8PARhS,16228666_180901469054785_6854217108004274176_n.jpg,C:\Coding\projects\pavbhaji_model\machinelearningchallenge\dataset\dataset\images\1\16228666_180901469054785_6854217108004274176_n.jpg,1,Yari #special #pavbhaji,,,#pavbhaji #special,Yari - The Fun Dine,Yari #special #pavbhaji #pavbhaji #special Yari - The Fun Dine,30,0,False,1485186266,4259008557,0
83,1854497699744674886,Bm8f9UWD3RG,39342350_596871297375343_403286726035898368_n.jpg,C:\Coding\projects\pavbhaji_model\machinelearningchallenge\dataset\dataset\images\0\39342350_596871297375343_403286726035898368_n.jpg,0,"When its raining outside, and cool breeze passes by brushing of the strands of hair from your face, who wouldnt prefer a bite of smoking hot Cheese Pav Bhaji. 
In the frame is Cheese Pav Bhaji, with onions to garnish on. 
Pav Bhaji is certainly everyone's favorite especially for its way of cooking and the gravy its coupled with. At times if the gravy is tasteless the whole concept of having a lip-smacking pav bhaji is turned off. 
But here @shubavsar this  is certainly not the case. 
#thebigbellybrunette highly recommends. 
#hellohungrypeople #hellohyderabad #foodtalkindia #foodislife❤️ #foodstagrams #foodphotography #foodblogger #foodieshots_hyd #hyderabadbloggers #hyderabadinsta #hyderabadfoodie #hyderabadi #pavbhaji #sohyderabad #whatsaroundhyderabad #abthefoodie #thebigbellybrunette #thefamishedone #beinghydfoodie #foodporn #foodgasm #photography #wahhyd #foodfoodfood #goodfoodguide",,,#foodphotography #beinghydfoodie #foodblogger #foodstagrams #abthefoodie #hyderabadbloggers #foodporn #foodieshots_hyd #❤️ #hellohungrypeople #foodfoodfood #hyderabadinsta #hyderabadi #photography #hellohyderabad #hyderabadfoodie #whatsaroundhyderabad #goodfoodguide #sohyderabad #pavbhaji #thefamishedone #foodtalkindia #foodgasm #wahhyd #thebigbellybrunette,ShubAvsar,"When its raining outside, and cool breeze passes by brushing of the strands of hair from your face, who wouldnt prefer a bite of smoking hot Cheese Pav Bhaji. 
In the frame is Cheese Pav Bhaji, with onions to garnish on. 
Pav Bhaji is certainly everyone's favorite especially for its way of cooking and the gravy its coupled with. At times if the gravy is tasteless the whole concept of having a lip-smacking pav bhaji is turned off. 
But here @shubavsar this  is certainly not the case. 
#thebigbellybrunette highly recommends. 
#hellohungrypeople #hellohyderabad #foodtalkindia #foodislife❤️ #foodstagrams #foodphotography #foodblogger #foodieshots_hyd #hyderabadbloggers #hyderabadinsta #hyderabadfoodie #hyderabadi #pavbhaji #sohyderabad #whatsaroundhyderabad #abthefoodie #thebigbellybrunette #thefamishedone #beinghydfoodie #foodporn #foodgasm #photography #wahhyd #foodfoodfood #goodfoodguide #foodphotography #beinghydfoodie #foodblogger #foodstagrams #abthefoodie #hyderabadbloggers #foodporn #foodieshots_hyd #❤️ #hellohungrypeople #foodfoodfood #hyderabadinsta #hyderabadi #photography #hellohyderabad #hyderabadfoodie #whatsaroundhyderabad #goodfoodguide #sohyderabad #pavbhaji #thefamishedone #foodtalkindia #foodgasm #wahhyd #thebigbellybrunette ShubAvsar",42,2,False,1535293374,8467851640,0
379,1851708654349341099,BmylzXaAlGr,39011829_285636335360758_6760371686039617536_n.jpg,C:\Coding\projects\pavbhaji_model\machinelearningchallenge\dataset\dataset\images\0\39011829_285636335360758_6760371686039617536_n.jpg,0,#mumbai #dharavi #bandstand #bandra #navimumbaikar #dadar #mumbaikars #marathi #maharashtra #vada #pavbhaji #dost #pyaar #lovestory #inspiration #india #jaibhim #pune #nashik #panvel #marathination #misalpav #konkan  #like #delhi #punjab #nagpur #ladki #desi #yaar,,,#nashik #punjab #mumbai #misalpav #yaar #maharashtra #panvel #ladki #konkan #dadar #mumbaikars #lovestory #jaibhim #bandstand #nagpur #like #pune #india #pyaar #bandra #inspiration #dost #desi #vada #marathination #navimumbaikar #pavbhaji #delhi #dharavi #marathi,,#mumbai #dharavi #bandstand #bandra #navimumbaikar #dadar #mumbaikars #marathi #maharashtra #vada #pavbhaji #dost #pyaar #lovestory #inspiration #india #jaibhim #pune #nashik #panvel #marathination #misalpav #konkan  #like #delhi #punjab #nagpur #ladki #desi #yaar #nashik #punjab #mumbai #misalpav #yaar #maharashtra #panvel #ladki #konkan #dadar #mumbaikars #lovestory #jaibhim #bandstand #nagpur #like #pune #india #pyaar #bandra #inspiration #dost #desi #vada #marathination #navimumbaikar #pavbhaji #delhi #dharavi #marathi,20,2,False,1534960894,4651962678,0
261,1852810620024320328,Bm2gXE6nvFI,39260143_2118637781691374_3346167492274814976_n.jpg,C:\Coding\projects\pavbhaji_model\machinelearningchallenge\dataset\dataset\images\0\39260143_2118637781691374_3346167492274814976_n.jpg,0,"Peri Peri Crinkled Fries 😍
.
.
Follow @rassasy_delight for more 😍
. .
.
. .
.
#fries #noida #delhigram #kerala #delhidiaries #delhi #delhi_igers #waiwai #somumbai #sodelhi #bengaluru  #mumbaidiaries #kolkata #sokolkata #delhifoodblogger #panipuri #kolkatadiaries #pavbhaji #kolkatagram #westbengal #delhifoodie #nepal #mumbaifoodie #mumbai #golgappe #golgappa #indianfood #biriyani #chicken",,,#westbengal #delhifoodie #mumbai #sokolkata #panipuri #mumbaifoodie #fries #kolkatadiaries #waiwai #indianfood #chicken #mumbaidiaries #delhidiaries #golgappa #kolkatagram #golgappe #kerala #nepal #delhifoodblogger #somumbai #kolkata #biriyani #delhigram #pavbhaji #delhi #bengaluru #noida #delhi_igers #sodelhi,"Connaught Place - CP,Delhi","Peri Peri Crinkled Fries 😍
.
.
Follow @rassasy_delight for more 😍
. .
.
. .
.
#fries #noida #delhigram #kerala #delhidiaries #delhi #delhi_igers #waiwai #somumbai #sodelhi #bengaluru  #mumbaidiaries #kolkata #sokolkata #delhifoodblogger #panipuri #kolkatadiaries #pavbhaji #kolkatagram #westbengal #delhifoodie #nepal #mumbaifoodie #mumbai #golgappe #golgappa #indianfood #biriyani #chicken #westbengal #delhifoodie #mumbai #sokolkata #panipuri #mumbaifoodie #fries #kolkatadiaries #waiwai #indianfood #chicken #mumbaidiaries #delhidiaries #golgappa #kolkatagram #golgappe #kerala #nepal #delhifoodblogger #somumbai #kolkata #biriyani #delhigram #pavbhaji #delhi #bengaluru #noida #delhi_igers #sodelhi Connaught Place - CP,Delhi",1563,10,False,1535092259,7747357765,0
208,1853120821921633661,Bm3m5G8hNV9,38903100_366741057197402_7729365047306092544_n.jpg,C:\Coding\projects\pavbhaji_model\machinelearningchallenge\dataset\dataset\images\1\38903100_366741057197402_7729365047306092544_n.jpg,1,"Are you hungry?

Tag Cheese Pav Bhaji Lover!😍👇
.
#foodmaniacindia #foodporn #cheesey #pavbhaji #mumbai #mumbaikar #bombay #indianfood #mumbaiblogger #mumbaifood #streetsofindia #instafood #india #healthylife #likeme #like4follow #likeforlikeback #like4likeback",,,#mumbaifood #healthylife #bombay #streetsofindia #foodmaniacindia #mumbai #india #like4follow #mumbaiblogger #pavbhaji #cheesey #like4likeback #instafood #likeforlikeback #foodporn #indianfood #mumbaikar #likeme,,"Are you hungry?

Tag Cheese Pav Bhaji Lover!😍👇
.
#foodmaniacindia #foodporn #cheesey #pavbhaji #mumbai #mumbaikar #bombay #indianfood #mumbaiblogger #mumbaifood #streetsofindia #instafood #india #healthylife #likeme #like4follow #likeforlikeback #like4likeback #mumbaifood #healthylife #bombay #streetsofindia #foodmaniacindia #mumbai #india #like4follow #mumbaiblogger #pavbhaji #cheesey #like4likeback #instafood #likeforlikeback #foodporn #indianfood #mumbaikar #likeme",63,4,False,1535129238,8412680780,0
18,1855211863837300606,Bm_CVxfHNd-,39205669_548076665624561_2856530375738392576_n.jpg,C:\Coding\projects\pavbhaji_model\machinelearningchallenge\dataset\dataset\images\1\39205669_548076665624561_2856530375738392576_n.jpg,1,"Hello frandz,
pav bhaji khaalo
Garam hai 😜
Ye achhi thi 😍
At Vega pure vegetarian, CP
.
.
.
Tag your people who will love this 😋 and share this with them
.
.
.
Follow my foodie journey @foodiebaniya.
Follow @foodiebaniya #foodiebaniya #foodiejyotica
Because I put good drooling vegetarian food posts 😋
Do check out my blog, link in the bio
Do check out my IGTV channel, link in the bio
You can also add me up on Snapchat: jyoticakapoor
KINDLY DO NOT REPOST MY CONTENT!
.
.
.
#foodporn #foodgasm #foodie #delhi #foodblogger #foodblogging #foodtography  #delhi_igers #delhidiaries #foodphotography #delhifood #foodgram #foodstagram #delhifoodguide #delhifoodblogger #foodmaniacindia #delhifoodie #foodtalkindia #indianfood #indianfoodie #cheese #pizza #pavbhaji #chocolatecake #mumbai #mumbaifoodie #snacks",,,#foodgram #foodphotography #foodblogger #foodmaniacindia #delhifoodie #mumbai #foodie #indianfoodie #mumbaifoodie #foodblogging #indianfood #snacks #delhidiaries #foodporn #cheese #foodtography #foodiebaniya #delhifood #pizza #foodstagram #delhifoodblogger #chocolatecake #pavbhaji #foodiejyotica #delhi #foodtalkindia #delhi_igers #delhifoodguide #foodgasm,New Delhi,"Hello frandz,
pav bhaji khaalo
Garam hai 😜
Ye achhi thi 😍
At Vega pure vegetarian, CP
.
.
.
Tag your people who will love this 😋 and share this with them
.
.
.
Follow my foodie journey @foodiebaniya.
Follow @foodiebaniya #foodiebaniya #foodiejyotica
Because I put good drooling vegetarian food posts 😋
Do check out my blog, link in the bio
Do check out my IGTV channel, link in the bio
You can also add me up on Snapchat: jyoticakapoor
KINDLY DO NOT REPOST MY CONTENT!
.
.
.
#foodporn #foodgasm #foodie #delhi #foodblogger #foodblogging #foodtography  #delhi_igers #delhidiaries #foodphotography #delhifood #foodgram #foodstagram #delhifoodguide #delhifoodblogger #foodmaniacindia #delhifoodie #foodtalkindia #indianfood #indianfoodie #cheese #pizza #pavbhaji #chocolatecake #mumbai #mumbaifoodie #snacks #foodgram #foodphotography #foodblogger #foodmaniacindia #delhifoodie #mumbai #foodie #indianfoodie #mumbaifoodie #foodblogging #indianfood #snacks #delhidiaries #foodporn #cheese #foodtography #foodiebaniya #delhifood #pizza #foodstagram #delhifoodblogger #chocolatecake #pavbhaji #foodiejyotica #delhi #foodtalkindia #delhi_igers #delhifoodguide #foodgasm New Delhi",215,0,False,1535378509,4846807954,0
265,1852761942155611936,Bm2VSuHjE8g,39330460_450059662167972_1583410715249606656_n.jpg,C:\Coding\projects\pavbhaji_model\machinelearningchallenge\dataset\dataset\images\1\39330460_450059662167972_1583410715249606656_n.jpg,1,"The worst pav bhaji i ever had at kumar pav bhaji it was too blend no flavours 😑. Big disappointed how can they serve me this 😭😭😭😭😭
.
.
Where i can get good pav bhaji ? 
#dilsefoodie #love #TFLers #pavbhaji #photooftheday #20likes #amazing #smile #like4like #look #instalike #picoftheday #food #instadaily #instafollow #followme #instagood #bestoftheday #instacool #instago",,,#instalike #picoftheday #instafollow #photooftheday #instagood #bestoftheday #food #love #TFLers #followme #pavbhaji #smile #dilsefoodie #instadaily #instacool #instago #20likes #amazing #look #like4like,Kumar Pav Bhaji,"The worst pav bhaji i ever had at kumar pav bhaji it was too blend no flavours 😑. Big disappointed how can they serve me this 😭😭😭😭😭
.
.
Where i can get good pav bhaji ? 
#dilsefoodie #love #TFLers #pavbhaji #photooftheday #20likes #amazing #smile #like4like #look #instalike #picoftheday #food #instadaily #instafollow #followme #instagood #bestoftheday #instacool #instago #instalike #picoftheday #instafollow #photooftheday #instagood #bestoftheday #food #love #TFLers #followme #pavbhaji #smile #dilsefoodie #instadaily #instacool #instago #20likes #amazing #look #like4like Kumar Pav Bhaji",11474,125,False,1535086456,357773830,0
477,1850921406936599746,BmvyzaHn0zC,38858168_1510939825673001_7507687418493927424_n.jpg,C:\Coding\projects\pavbhaji_model\machinelearningchallenge\dataset\dataset\images\1\38858168_1510939825673001_7507687418493927424_n.jpg,1,"Tuesday special

#streetstyle #foodcart #foodie #feedfeed #buzzfeedfood #dilbolefood #pavbhaji #veg #nonveg 
#follow #followforfollowback #f #l #l4l @dilbolefood",,,#followforfollowback #buzzfeedfood #nonveg #veg #foodie #follow #dilbolefood #feedfeed #pavbhaji #streetstyle #foodcart #l #f #l4l,"MODEL TOWN,DELHI-11009","Tuesday special

#streetstyle #foodcart #foodie #feedfeed #buzzfeedfood #dilbolefood #pavbhaji #veg #nonveg 
#follow #followforfollowback #f #l #l4l @dilbolefood #followforfollowback #buzzfeedfood #nonveg #veg #foodie #follow #dilbolefood #feedfeed #pavbhaji #streetstyle #foodcart #l #f #l4l MODEL TOWN,DELHI-11009",50,5,False,1534867047,6608802228,0
140,1853783257209725788,Bm59gz4jWNc,38996662_238495666800030_7544849885015572480_n.jpg,C:\Coding\projects\pavbhaji_model\machinelearningchallenge\dataset\dataset\images\0\38996662_238495666800030_7544849885015572480_n.jpg,0,"Bombastic 💣💣
PavBhaji Bombs.. Weekend Dish ... Compliment all of your weekdays hardwork with some pleasant food around here..
#mumbai22

#sion #mumbai #mumbaikar #pavbhaji #bombs # weekends #tasty #stuffed #cheesy #yummy #chefspecial #cleaneating #discounts  #zomato #dilsefoodie #foodie #foodblogger #taste #cafe #newintown #love #welcome #delivery",,,#discounts #welcome #foodblogger #mumbai #foodie #bombs #cheesy #newintown #stuffed #taste #sion #chefspecial #delivery #love #cleaneating #zomato #yummy #cafe #tasty #mumbai22 #pavbhaji #dilsefoodie #mumbaikar,"Sion, Maharashtra, India","Bombastic 💣💣
PavBhaji Bombs.. Weekend Dish ... Compliment all of your weekdays hardwork with some pleasant food around here..
#mumbai22

#sion #mumbai #mumbaikar #pavbhaji #bombs # weekends #tasty #stuffed #cheesy #yummy #chefspecial #cleaneating #discounts  #zomato #dilsefoodie #foodie #foodblogger #taste #cafe #newintown #love #welcome #delivery #discounts #welcome #foodblogger #mumbai #foodie #bombs #cheesy #newintown #stuffed #taste #sion #chefspecial #delivery #love #cleaneating #zomato #yummy #cafe #tasty #mumbai22 #pavbhaji #dilsefoodie #mumbaikar Sion, Maharashtra, India",52,1,False,1535208206,7378951664,0
483,1850888831453446603,BmvrZX1hUHL,38992948_220789965448349_1889288996056465408_n.jpg,C:\Coding\projects\pavbhaji_model\machinelearningchallenge\dataset\dataset\images\1\38992948_220789965448349_1889288996056465408_n.jpg,1,"Pav Bhaji
.
Street styled pav bhaji some chopped onions
Tag all Pav bhaji lovers. Who craves for this yummy, tasty and tangy pav bhaji guys?
.
Location : Mazgaon Khau Galli
.
PC : @things2doinmumbai
.
.
Dm to get featured or use #thefoodieinista .
.

#pavbhaji#mumbai#bombayfoodexplorer #mumbaidiaries #mumbaikar #mumbaicity #mumbaifood #mumbaistreetfood #amchimumbai #mumbaionaplate #things2doinmumbai #things2doinindia #mumbaifoodie #foodblogging #alwaysmunch #foodie #foodfood #foodlover #bombaysbest #blogger #lovelyfood #bloggersSuggest #madoverfood #foodinfluencer #mumbaifoodie",,,#mumbaistreetfood #foodinfluencer #things2doinindia #mumbai #foodie #blogger #mumbaifoodie #thefoodieinista #foodblogging #bombayfoodexplorer #mumbaidiaries #foodlover #alwaysmunch #bloggersSuggest #madoverfood #things2doinmumbai #amchimumbai #mumbaionaplate #bombaysbest #mumbaifood #mumbaicity #pavbhaji #foodfood #lovelyfood #mumbaikar,Mazgaon,"Pav Bhaji
.
Street styled pav bhaji some chopped onions
Tag all Pav bhaji lovers. Who craves for this yummy, tasty and tangy pav bhaji guys?
.
Location : Mazgaon Khau Galli
.
PC : @things2doinmumbai
.
.
Dm to get featured or use #thefoodieinista .
.

#pavbhaji#mumbai#bombayfoodexplorer #mumbaidiaries #mumbaikar #mumbaicity #mumbaifood #mumbaistreetfood #amchimumbai #mumbaionaplate #things2doinmumbai #things2doinindia #mumbaifoodie #foodblogging #alwaysmunch #foodie #foodfood #foodlover #bombaysbest #blogger #lovelyfood #bloggersSuggest #madoverfood #foodinfluencer #mumbaifoodie #mumbaistreetfood #foodinfluencer #things2doinindia #mumbai #foodie #blogger #mumbaifoodie #thefoodieinista #foodblogging #bombayfoodexplorer #mumbaidiaries #foodlover #alwaysmunch #bloggersSuggest #madoverfood #things2doinmumbai #amchimumbai #mumbaionaplate #bombaysbest #mumbaifood #mumbaicity #pavbhaji #foodfood #lovelyfood #mumbaikar Mazgaon",280,3,False,1534863164,4649579324,0
454,1851021339148439174,BmwJhnPnE6G,39144963_315667315660097_66007866313539584_n.jpg,C:\Coding\projects\pavbhaji_model\machinelearningchallenge\dataset\dataset\images\0\39144963_315667315660097_66007866313539584_n.jpg,0,"@yummy_bites_cbe 
#yummy #yummy😋 #yummyfood #samosa #vadapav #dabeli #pavbhaji #pavbhaji😋 #manchurian #cabbagemanchurian #gobimanchurian #northindian #northindiantest #panipuri #panipurilovers #bhelpuri #bhel #dahipuri #masalapuri #grillsandwich #vegsandwich #sandwich #fresh #spicy #yummybites 
Address:- shop no.2 corporation building,
near ganesh temple,
opp corporation office,
Ramchandra road,
R.S puram Coimbtore.",,,#vadapav #panipurilovers #panipuri #northindiantest #dabeli #bhel #manchurian #spicy #northindian #fresh #cabbagemanchurian #gobimanchurian #sandwich #bhelpuri #masalapuri #yummyfood #samosa #yummy #grillsandwich #dahipuri #vegsandwich #pavbhaji #yummybites,Yummy Bites CBE,"@yummy_bites_cbe 
#yummy #yummy😋 #yummyfood #samosa #vadapav #dabeli #pavbhaji #pavbhaji😋 #manchurian #cabbagemanchurian #gobimanchurian #northindian #northindiantest #panipuri #panipurilovers #bhelpuri #bhel #dahipuri #masalapuri #grillsandwich #vegsandwich #sandwich #fresh #spicy #yummybites 
Address:- shop no.2 corporation building,
near ganesh temple,
opp corporation office,
Ramchandra road,
R.S puram Coimbtore. #vadapav #panipurilovers #panipuri #northindiantest #dabeli #bhel #manchurian #spicy #northindian #fresh #cabbagemanchurian #gobimanchurian #sandwich #bhelpuri #masalapuri #yummyfood #samosa #yummy #grillsandwich #dahipuri #vegsandwich #pavbhaji #yummybites Yummy Bites CBE",51,0,False,1534878960,8121249365,0
244,1852949530706973369,Bm2_8fkhBK5,40084023_305838273525587_7091806443891851264_n.jpg,C:\Coding\projects\pavbhaji_model\machinelearningchallenge\dataset\dataset\images\1\40084023_305838273525587_7091806443891851264_n.jpg,1,"Good food is a wise medicine😋😋😋
Yummyyyy!!!
#pavbhaji
#sarafa
#food#foodblogger#indianfoodie#indianblogger#indoriblogger#indori#deliciousfood#yummyfood#indorifood#foodexplorer#foodlover#bestfood#journeystarts#foodlove#foodblogging#foodforlife#foodie#foodforever",,,#indianblogger #foodlove #foodlover #bestfood #foodforever #foodblogger #food #foodie #sarafa #indianfoodie #indori #pavbhaji #foodexplorer #indorifood #yummyfood #foodforlife #deliciousfood #journeystarts #foodblogging #indoriblogger,"Indore, India","Good food is a wise medicine😋😋😋
Yummyyyy!!!
#pavbhaji
#sarafa
#food#foodblogger#indianfoodie#indianblogger#indoriblogger#indori#deliciousfood#yummyfood#indorifood#foodexplorer#foodlover#bestfood#journeystarts#foodlove#foodblogging#foodforlife#foodie#foodforever #indianblogger #foodlove #foodlover #bestfood #foodforever #foodblogger #food #foodie #sarafa #indianfoodie #indori #pavbhaji #foodexplorer #indorifood #yummyfood #foodforlife #deliciousfood #journeystarts #foodblogging #indoriblogger Indore, India",22,1,False,1535108818,8912676125,0
24,1855176682894638490,Bm-6V0rhb2a,38876728_455689688270261_29018409664512000_n.jpg,C:\Coding\projects\pavbhaji_model\machinelearningchallenge\dataset\dataset\images\1\38876728_455689688270261_29018409664512000_n.jpg,1,"Pav Bhaji at Mazgaon Khaugalli

Devoured this piping hot Pav Bhaji at the little known Mazgaon Khaugalli.
This street gets filled with lots of stalls in evening right from Chaat to Tandoor Paneer Rolls to Gola and many more!

Address: Mazgaon Circle, Mazgaon

Quick Ratings:
Taste: (3.5/5)
Ambience: NA
VFM: (4/5)

#TheSaucyXplorer #mumbaifood #mumbaifoodie #cheesegasm #mumbaifoodblogger #mumbaiblogger #navimumbaifoodie #delhifood #foodbloggers #indianfood #desifood #indiancuisine #indianfoodbloggers #fooddiary #vscofood #vscofoodie #soulfood #comfortfood #vscocam #streetfoods #streetfood #cheese #pavbhaji #mumbai",,,#mumbai #mumbaifoodie #vscofoodie #indianfoodbloggers #comfortfood #navimumbaifoodie #indianfood #cheese #desifood #streetfoods #delhifood #cheesegasm #TheSaucyXplorer #mumbaiblogger #fooddiary #foodbloggers #mumbaifoodblogger #mumbaifood #indiancuisine #soulfood #vscocam #streetfood #pavbhaji #vscofood,Mazgaon,"Pav Bhaji at Mazgaon Khaugalli

Devoured this piping hot Pav Bhaji at the little known Mazgaon Khaugalli.
This street gets filled with lots of stalls in evening right from Chaat to Tandoor Paneer Rolls to Gola and many more!

Address: Mazgaon Circle, Mazgaon

Quick Ratings:
Taste: (3.5/5)
Ambience: NA
VFM: (4/5)

#TheSaucyXplorer #mumbaifood #mumbaifoodie #cheesegasm #mumbaifoodblogger #mumbaiblogger #navimumbaifoodie #delhifood #foodbloggers #indianfood #desifood #indiancuisine #indianfoodbloggers #fooddiary #vscofood #vscofoodie #soulfood #comfortfood #vscocam #streetfoods #streetfood #cheese #pavbhaji #mumbai #mumbai #mumbaifoodie #vscofoodie #indianfoodbloggers #comfortfood #navimumbaifoodie #indianfood #cheese #desifood #streetfoods #delhifood #cheesegasm #TheSaucyXplorer #mumbaiblogger #fooddiary #foodbloggers #mumbaifoodblogger #mumbaifood #indiancuisine #soulfood #vscocam #streetfood #pavbhaji #vscofood Mazgaon",309,7,False,1535374316,1576555977,0
201,1853234394984997362,Bm4At0GneHy,39124045_285236835412741_2947606673373528064_n.jpg,C:\Coding\projects\pavbhaji_model\machinelearningchallenge\dataset\dataset\images\0\39124045_285236835412741_2947606673373528064_n.jpg,0,"🤤 Follow @kingofthestoneh for insane daily food posts that are guaranteed to make you hungry! 🤤
.
.
FOLLOW @kingofthestoneh
FOLLOW @kingofthestoneh
FOLLOW @kingofthestoneh
.
.
😈 Tag your friends to make them hungry too! 😈
.
.
📸 by respective owner  @foodie_anshul @foodie_anshul
.
.

#foodie_anshul #cheesepavbhaji #pavbhaji #foodie
#vegetarian #snack #indianfood #food #foodporn #foodblogger #omnomnom #photography #photooftheday #foodvsco #vsco #foodstagram #vscocam #vsco_hub #follow4follow #travelgram #instagram #igers #followforfollow #instagood #picoftheday #instagramers #like4like #streetfood",,,#follow4follow #foodblogger #cheesepavbhaji #snack #foodie #instagramers #followforfollow #indianfood #photooftheday #vegetarian #foodporn #foodvsco #vsco #photography #foodstagram #instagood #picoftheday #instagram #food #omnomnom #vscocam #travelgram #pavbhaji #streetfood #igers #foodie_anshul #vsco_hub #like4like,Subash Nagar,"🤤 Follow @kingofthestoneh for insane daily food posts that are guaranteed to make you hungry! 🤤
.
.
FOLLOW @kingofthestoneh
FOLLOW @kingofthestoneh
FOLLOW @kingofthestoneh
.
.
😈 Tag your friends to make them hungry too! 😈
.
.
📸 by respective owner  @foodie_anshul @foodie_anshul
.
.

#foodie_anshul #cheesepavbhaji #pavbhaji #foodie
#vegetarian #snack #indianfood #food #foodporn #foodblogger #omnomnom #photography #photooftheday #foodvsco #vsco #foodstagram #vscocam #vsco_hub #follow4follow #travelgram #instagram #igers #followforfollow #instagood #picoftheday #instagramers #like4like #streetfood #follow4follow #foodblogger #cheesepavbhaji #snack #foodie #instagramers #followforfollow #indianfood #photooftheday #vegetarian #foodporn #foodvsco #vsco #photography #foodstagram #instagood #picoftheday #instagram #food #omnomnom #vscocam #travelgram #pavbhaji #streetfood #igers #foodie_anshul #vsco_hub #like4like Subash Nagar",134,3,False,1535142777,8227963669,0
17,1855224025926588797,Bm_FGwUH9l9,39790065_708138802879611_4373499256883904512_n.jpg,C:\Coding\projects\pavbhaji_model\machinelearningchallenge\dataset\dataset\images\0\39790065_708138802879611_4373499256883904512_n.jpg,0,"Chicken Tikka 😍😋
.
.
.
Follow @dilli_ki_teekhi_mirchi .
.
.
@zingyzest 
@saadidilli 
@thegreatindianfoodie 
@khaata_rahe_mera_dil 
@khau_gali_foodie 
@dillifoodjunkie 
@foodiebaniya 
@dilsefoodie 
@dillikabhukkad 
@whatdillieats 
@bhukkhadbybirth 
@delhifoodwalks 
@dillifoodies 
@thefood.vlogger 
@delhidelites 
@hungrydilliwaali 
@dilli_ke_pakwan 
@khane_pe_charchaaa 
@eatwith_pratik 
@eatreviewrepeat 
@_adatewithfood_ 
@tasteofgirl 
@saalafoodie 
@v_for_veggie 
@hunger_killer_ 
@getmemorefood 
@myhungerhikes
#chicken #chickentikka #chickentikkamasala #sokolkata #westbengal #delhifoodblogger #delhifoodguide #delhi_igers #delhifoodie #delhifood #somumbai #mumbaifood #mumbaifoodie #mumbaifoodblogger #mumbaifoodbloggers #iphonephotography #iphone #foodporn #foodgasm #foodtalkindia #nepal #westbengal #bengluru #pavbhaji #waiwai #platter #delhieater #nomnom #nom",,,#westbengal #iphone #delhifoodie #sokolkata #mumbaifoodie #mumbaifoodbloggers #waiwai #chicken #chickentikka #delhieater #iphonephotography #foodporn #platter #delhifood #nomnom #nepal #bengluru #nom #mumbaifoodblogger #delhifoodblogger #somumbai #mumbaifood #chickentikkamasala #pavbhaji #foodtalkindia #delhi_igers #delhifoodguide #foodgasm,,"Chicken Tikka 😍😋
.
.
.
Follow @dilli_ki_teekhi_mirchi .
.
.
@zingyzest 
@saadidilli 
@thegreatindianfoodie 
@khaata_rahe_mera_dil 
@khau_gali_foodie 
@dillifoodjunkie 
@foodiebaniya 
@dilsefoodie 
@dillikabhukkad 
@whatdillieats 
@bhukkhadbybirth 
@delhifoodwalks 
@dillifoodies 
@thefood.vlogger 
@delhidelites 
@hungrydilliwaali 
@dilli_ke_pakwan 
@khane_pe_charchaaa 
@eatwith_pratik 
@eatreviewrepeat 
@_adatewithfood_ 
@tasteofgirl 
@saalafoodie 
@v_for_veggie 
@hunger_killer_ 
@getmemorefood 
@myhungerhikes
#chicken #chickentikka #chickentikkamasala #sokolkata #westbengal #delhifoodblogger #delhifoodguide #delhi_igers #delhifoodie #delhifood #somumbai #mumbaifood #mumbaifoodie #mumbaifoodblogger #mumbaifoodbloggers #iphonephotography #iphone #foodporn #foodgasm #foodtalkindia #nepal #westbengal #bengluru #pavbhaji #waiwai #platter #delhieater #nomnom #nom #westbengal #iphone #delhifoodie #sokolkata #mumbaifoodie #mumbaifoodbloggers #waiwai #chicken #chickentikka #delhieater #iphonephotography #foodporn #platter #delhifood #nomnom #nepal #bengluru #nom #mumbaifoodblogger #delhifoodblogger #somumbai #mumbaifood #chickentikkamasala #pavbhaji #foodtalkindia #delhi_igers #delhifoodguide #foodgasm",45,5,False,1535379959,7815521541,0
145,1853745981961348078,Bm51CYmnSPu,39226646_1792661450851874_8522777383848116224_n.jpg,C:\Coding\projects\pavbhaji_model\machinelearningchallenge\dataset\dataset\images\0\39226646_1792661450851874_8522777383848116224_n.jpg,0,"I hate pizza said no one ever.

Picture: Pav bhaji pizza at @thechefsisters_mumbai

Follow @girlsonafoodspree for more such delicious food updates.
DM us to get featured on our page or use #girlsonafoodspree © 2018. Girls on a food spree. All rights reserved. Please DM us before sharing our content.",,,#girlsonafoodspree,"Kandivali, India","I hate pizza said no one ever.

Picture: Pav bhaji pizza at @thechefsisters_mumbai

Follow @girlsonafoodspree for more such delicious food updates.
DM us to get featured on our page or use #girlsonafoodspree © 2018. Girls on a food spree. All rights reserved. Please DM us before sharing our content. #girlsonafoodspree Kandivali, India",218,13,False,1535203763,7451217860,0
164,1853635147150067689,Bm5b1hpDwfp,39741889_221235732076776_1409930565188059136_n.jpg,C:\Coding\projects\pavbhaji_model\machinelearningchallenge\dataset\dataset\images\0\39741889_221235732076776_1409930565188059136_n.jpg,0,"When you can’t decide what to eat ~~ Eat everything! 😁🤘🏻
.
.
.
So, that was my lavish breakfast at Hotel Crystal Sarovar Premiere, Agra! .
.
.
#sincerelyfoodie #foodblogger #poha #dosa #vadasambar #muffin #donut #crossiant #danishpastry #agradiaries #travegram #pavbhaji #breakfastscenes #foodgram #travelgram #foodporn #foodcoma",,,#agradiaries #poha #travegram #donut #sincerelyfoodie #foodgram #foodblogger #breakfastscenes #travelgram #crossiant #pavbhaji #foodcoma #foodporn #muffin #vadasambar #dosa #danishpastry,,"When you can’t decide what to eat ~~ Eat everything! 😁🤘🏻
.
.
.
So, that was my lavish breakfast at Hotel Crystal Sarovar Premiere, Agra! .
.
.
#sincerelyfoodie #foodblogger #poha #dosa #vadasambar #muffin #donut #crossiant #danishpastry #agradiaries #travegram #pavbhaji #breakfastscenes #foodgram #travelgram #foodporn #foodcoma #agradiaries #poha #travegram #donut #sincerelyfoodie #foodgram #foodblogger #breakfastscenes #travelgram #crossiant #pavbhaji #foodcoma #foodporn #muffin #vadasambar #dosa #danishpastry",28,0,False,1535190550,7660356905,0
116,1854172903220575947,Bm7WG6Anf7L,39132174_278197792697829_1913994408152268800_n.jpg,C:\Coding\projects\pavbhaji_model\machinelearningchallenge\dataset\dataset\images\0\39132174_278197792697829_1913994408152268800_n.jpg,0,"Pav bhaji is love 😍
Hit like and tag your friends!!! 😇
▪️
▪️
Follow @feistyfoody 👈
Follow @feistyfoody 👈
▪️
▪️
Follow @feistyfoody for more appetizing food updates 😋
#pavbhaji #like4like #folow4folow #foodieme #instafood #instagood #instalike #instagram #food #foodgasm #foodporn #foodisallyouneed #foodphotography #foodphoto #loveforfood #dailyfoodfeed #foodmaniac #foodmaniacindia #foodieindian #foodforlife #lifesgood #foodforthought #feistyfoody #foodislove #crazyforfood #foodblogger #kanpur",,,#instalike #foodmaniac #foodphotography #foodmaniacindia #foodblogger #foodislove #dailyfoodfeed #feistyfoody #crazyforfood #lifesgood #loveforfood #folow4folow #foodisallyouneed #instafood #foodporn #foodieme #foodforthought #instagood #foodphoto #foodgasm #instagram #food #kanpur #pavbhaji #foodforlife #foodieindian #like4like,,"Pav bhaji is love 😍
Hit like and tag your friends!!! 😇
▪️
▪️
Follow @feistyfoody 👈
Follow @feistyfoody 👈
▪️
▪️
Follow @feistyfoody for more appetizing food updates 😋
#pavbhaji #like4like #folow4folow #foodieme #instafood #instagood #instalike #instagram #food #foodgasm #foodporn #foodisallyouneed #foodphotography #foodphoto #loveforfood #dailyfoodfeed #foodmaniac #foodmaniacindia #foodieindian #foodforlife #lifesgood #foodforthought #feistyfoody #foodislove #crazyforfood #foodblogger #kanpur #instalike #foodmaniac #foodphotography #foodmaniacindia #foodblogger #foodislove #dailyfoodfeed #feistyfoody #crazyforfood #lifesgood #loveforfood #folow4folow #foodisallyouneed #instafood #foodporn #foodieme #foodforthought #instagood #foodphoto #foodgasm #instagram #food #kanpur #pavbhaji #foodforlife #foodieindian #like4like",140,44,False,1535254656,6746204678,0
236,1853025826096197131,Bm3RSvMFq4L,39687850_880003475522102_6357917552298950656_n.jpg,C:\Coding\projects\pavbhaji_model\machinelearningchallenge\dataset\dataset\images\1\39687850_880003475522102_6357917552298950656_n.jpg,1,"Can't get enough of it no matter how many times I eat it 😋 #pavbhaji #❤️ .
.
.
.
.
.
.
.
.
.
.
.
#food #healthyfood #homemadefood #homecookedmeal #homecooking #homemade #yummy #yummyfood #veganfood #veganlunch #veg #vegan #veggies #instafood #instaphoto #home #instaclick #dinner #foodphotography #foodstagram #foodlover #foodie",,,#healthyfood #foodphotography #foodie #instaclick #homemadefood #instaphoto #foodlover #instafood #home #homecookedmeal #❤️ #veg #yummyfood #foodstagram #veganlunch #yummy #veggies #veganfood #vegan #food #dinner #pavbhaji #homecooking #homemade,"Virginia Beach, Virginia","Can't get enough of it no matter how many times I eat it 😋 #pavbhaji #❤️ .
.
.
.
.
.
.
.
.
.
.
.
#food #healthyfood #homemadefood #homecookedmeal #homecooking #homemade #yummy #yummyfood #veganfood #veganlunch #veg #vegan #veggies #instafood #instaphoto #home #instaclick #dinner #foodphotography #foodstagram #foodlover #foodie #healthyfood #foodphotography #foodie #instaclick #homemadefood #instaphoto #foodlover #instafood #home #homecookedmeal #❤️ #veg #yummyfood #foodstagram #veganlunch #yummy #veggies #veganfood #vegan #food #dinner #pavbhaji #homecooking #homemade Virginia Beach, Virginia",32,3,False,1535117913,3280445399,0
108,1854220848400350165,Bm7hAmcBrvV,39399778_319114562170341_3160868167740293120_n.jpg,C:\Coding\projects\pavbhaji_model\machinelearningchallenge\dataset\dataset\images\0\39399778_319114562170341_3160868167740293120_n.jpg,0,#fremonttroll #saturdayfun #homemade #pavbhaji,,,#fremonttroll #saturdayfun #pavbhaji #homemade,Fremont Troll,#fremonttroll #saturdayfun #homemade #pavbhaji #fremonttroll #saturdayfun #pavbhaji #homemade Fremont Troll,12,0,False,1535260371,42927059,0
189,1853487171577348258,Bm46MMpnICi,39404261_337182320355349_521779320339824640_n.jpg,C:\Coding\projects\pavbhaji_model\machinelearningchallenge\dataset\dataset\images\1\39404261_337182320355349_521779320339824640_n.jpg,1,"#mumbai #Vadodara #pavbhaji 
#foodporn #pornfood #indianfood #streetfood",,,#Vadodara #mumbai #streetfood #pavbhaji #foodporn #indianfood #pornfood,,"#mumbai #Vadodara #pavbhaji 
#foodporn #pornfood #indianfood #streetfood #Vadodara #mumbai #streetfood #pavbhaji #foodporn #indianfood #pornfood",140,2,False,1535172910,7334546669,0
54,1854947083614953048,Bm-GItsBB5Y,37535930_1938003336238711_2381664051164872704_n.jpg,C:\Coding\projects\pavbhaji_model\machinelearningchallenge\dataset\dataset\images\1\37535930_1938003336238711_2381664051164872704_n.jpg,1,"Street style pav bhaji is one of those dishes which reflects the taste of Mumbai, served with onions, a slice of lemon and chilly.

Stay tuned @yourinnercook & YT channel

#pavbhaji #buttery #streetfood #food #india #hungry #feedme #spoonfeed #forkfeed #ilovefood #omnomnom #Bombay #buzzfeed #eatandtreats #onthetable #hunger #delicious #foodphotography #salt #foodphotographyandstyling #feedfeed #foodporn #foodgasm #hungerpangs #foodofindia #eeeeeats #mumbaifoodie #foodforthought # foodiegram",,,#foodphotography #mumbaifoodie #spoonfeed #onthetable #delicious #salt #hungry #forkfeed #hungerpangs #buttery #foodporn #ilovefood #Bombay #feedme #foodphotographyandstyling #hunger #india #foodforthought #eeeeeats #food #buzzfeed #foodofindia #omnomnom #streetfood #pavbhaji #feedfeed #foodgasm #eatandtreats,"Mumbai, Maharashtra","Street style pav bhaji is one of those dishes which reflects the taste of Mumbai, served with onions, a slice of lemon and chilly.

Stay tuned @yourinnercook & YT channel

#pavbhaji #buttery #streetfood #food #india #hungry #feedme #spoonfeed #forkfeed #ilovefood #omnomnom #Bombay #buzzfeed #eatandtreats #onthetable #hunger #delicious #foodphotography #salt #foodphotographyandstyling #feedfeed #foodporn #foodgasm #hungerpangs #foodofindia #eeeeeats #mumbaifoodie #foodforthought # foodiegram #foodphotography #mumbaifoodie #spoonfeed #onthetable #delicious #salt #hungry #forkfeed #hungerpangs #buttery #foodporn #ilovefood #Bombay #feedme #foodphotographyandstyling #hunger #india #foodforthought #eeeeeats #food #buzzfeed #foodofindia #omnomnom #streetfood #pavbhaji #feedfeed #foodgasm #eatandtreats Mumbai, Maharashtra",21,1,False,1535346945,8421888852,0
489,1850854144527008161,BmvjgnHl4Gh,39075475_496693524126013_5169558306892546048_n.jpg,C:\Coding\projects\pavbhaji_model\machinelearningchallenge\dataset\dataset\images\0\39075475_496693524126013_5169558306892546048_n.jpg,0,"Bhaji.

Orders accepted in Dubrajpur.

#pavbhaji #selfmade #yummy #tasty #mouthwatering #indian #food #foods #foodie #foodporn #foodgasm #foodphotography #insta #instagood #instagram #instalove #instafood #likemyposts #likeitup #likeformore #likeformoreposts #follow #followers #following #followformore #followformorepics #shareit #share #comment #pujaagarwal",,,#selfmade #followformorepics #foodphotography #likeitup #foodie #followformore #shareit #share #comment #likemyposts #insta #follow #instafood #foodporn #indian #mouthwatering #following #likeformore #followers #yummy #instalove #instagood #foods #instagram #food #tasty #pujaagarwal #pavbhaji #likeformoreposts #foodgasm,,"Bhaji.

Orders accepted in Dubrajpur.

#pavbhaji #selfmade #yummy #tasty #mouthwatering #indian #food #foods #foodie #foodporn #foodgasm #foodphotography #insta #instagood #instagram #instalove #instafood #likemyposts #likeitup #likeformore #likeformoreposts #follow #followers #following #followformore #followformorepics #shareit #share #comment #pujaagarwal #selfmade #followformorepics #foodphotography #likeitup #foodie #followformore #shareit #share #comment #likemyposts #insta #follow #instafood #foodporn #indian #mouthwatering #following #likeformore #followers #yummy #instalove #instagood #foods #instagram #food #tasty #pujaagarwal #pavbhaji #likeformoreposts #foodgasm",28,0,False,1534859029,8266691009,0
72,1854557516082197155,Bm8tjwpnDKj,39582789_1366397096826205_2733496888606064640_n.jpg,C:\Coding\projects\pavbhaji_model\machinelearningchallenge\dataset\dataset\images\0\39582789_1366397096826205_2733496888606064640_n.jpg,0,"Sundayyiiingg at India Gate🎋
.
.
.
Follow @dilli_ki_teekhi_mirchi .
.
.
@zingyzest 
@saadidilli 
@thegreatindianfoodie 
@khaata_rahe_mera_dil 
@khau_gali_foodie 
@dillifoodjunkie 
@foodiebaniya 
@dilsefoodie 
@dillikabhukkad 
@whatdillieats 
@bhukkhadbybirth 
@delhifoodwalks 
@dillifoodies 
@thefood.vlogger 
@delhidelites 
@hungrydilliwaali 
@dilli_ke_pakwan 
@khane_pe_charchaaa 
@eatwith_pratik 
@eatreviewrepeat 
@_adatewithfood_ 
@tasteofgirl 
@saalafoodie 
@v_for_veggie 
@hunger_killer_ 
@getmemorefood 
@myhungerhikes
#foodgasm #mumbaifoodie #delhifoodie #bengluru #sokolkata #delhifoodblogger #pavbhaji #indianfood #platter #delhieater #nomnom #nom #delhifoodies #craving #dillikabhukkad #delhifoodblogger #foodmapdelhi #delhifoodguide #delhifood #eating #foodporn #heydelhi #sodelicious #eeeeeats #streetfood #streetfoodcinema #streetfoodmarket #streetfoodlover #street #foodgasmic",,,#dillikabhukkad #delhifoodie #sokolkata #mumbaifoodie #eating #indianfood #craving #streetfoodlover #delhieater #foodporn #platter #delhifood #nomnom #foodmapdelhi #streetfoodmarket #streetfoodcinema #bengluru #street #foodgasmic #delhifoodies #nom #eeeeeats #delhifoodblogger #heydelhi #streetfood #pavbhaji #delhifoodguide #sodelicious #foodgasm,India Gate,"Sundayyiiingg at India Gate🎋
.
.
.
Follow @dilli_ki_teekhi_mirchi .
.
.
@zingyzest 
@saadidilli 
@thegreatindianfoodie 
@khaata_rahe_mera_dil 
@khau_gali_foodie 
@dillifoodjunkie 
@foodiebaniya 
@dilsefoodie 
@dillikabhukkad 
@whatdillieats 
@bhukkhadbybirth 
@delhifoodwalks 
@dillifoodies 
@thefood.vlogger 
@delhidelites 
@hungrydilliwaali 
@dilli_ke_pakwan 
@khane_pe_charchaaa 
@eatwith_pratik 
@eatreviewrepeat 
@_adatewithfood_ 
@tasteofgirl 
@saalafoodie 
@v_for_veggie 
@hunger_killer_ 
@getmemorefood 
@myhungerhikes
#foodgasm #mumbaifoodie #delhifoodie #bengluru #sokolkata #delhifoodblogger #pavbhaji #indianfood #platter #delhieater #nomnom #nom #delhifoodies #craving #dillikabhukkad #delhifoodblogger #foodmapdelhi #delhifoodguide #delhifood #eating #foodporn #heydelhi #sodelicious #eeeeeats #streetfood #streetfoodcinema #streetfoodmarket #streetfoodlover #street #foodgasmic #dillikabhukkad #delhifoodie #sokolkata #mumbaifoodie #eating #indianfood #craving #streetfoodlover #delhieater #foodporn #platter #delhifood #nomnom #foodmapdelhi #streetfoodmarket #streetfoodcinema #bengluru #street #foodgasmic #delhifoodies #nom #eeeeeats #delhifoodblogger #heydelhi #streetfood #pavbhaji #delhifoodguide #sodelicious #foodgasm India Gate",85,0,False,1535300505,7815521541,0
65,1854707841338567288,Bm9PvR9Hep4,39910231_324840744936204_5856256966875152384_n.jpg,C:\Coding\projects\pavbhaji_model\machinelearningchallenge\dataset\dataset\images\0\39910231_324840744936204_5856256966875152384_n.jpg,0,"follow me
tag your friends
leave acomment
.
.
.
.
.
.
.
.
.
.
.
#foodiefeature
#foodmakesmehappy
#foodblogging
#pavbhaji
#lovesalmon
#garfieldgirleats
#glutton
#ieatnpost
#foodgalore
#fooddaily
#organom
#yogurtandfruit
#yogurtandberries
#Kolkatafoodie
#Kolkatafoodlover
#mykitchendiaries
#grilledcorn
#beefribs
#eatitall
#rolledicecream
#foodfusion
#stonerfood
#summerbaking
#oange
#springdesserts
#myrecipemagic
#yumgoggle
#chocoholics #healthystylefamily
#proble",,,#foodmakesmehappy #chocoholics #organom #foodgalore #foodblogging #yumgoggle #eatitall #Kolkatafoodlover #summerbaking #yogurtandberries #fooddaily #garfieldgirleats #Kolkatafoodie #grilledcorn #lovesalmon #ieatnpost #beefribs #glutton #stonerfood #foodfusion #healthystylefamily #yogurtandfruit #foodiefeature #proble #oange #mykitchendiaries #springdesserts #pavbhaji #rolledicecream #myrecipemagic,,"follow me
tag your friends
leave acomment
.
.
.
.
.
.
.
.
.
.
.
#foodiefeature
#foodmakesmehappy
#foodblogging
#pavbhaji
#lovesalmon
#garfieldgirleats
#glutton
#ieatnpost
#foodgalore
#fooddaily
#organom
#yogurtandfruit
#yogurtandberries
#Kolkatafoodie
#Kolkatafoodlover
#mykitchendiaries
#grilledcorn
#beefribs
#eatitall
#rolledicecream
#foodfusion
#stonerfood
#summerbaking
#oange
#springdesserts
#myrecipemagic
#yumgoggle
#chocoholics #healthystylefamily
#proble #foodmakesmehappy #chocoholics #organom #foodgalore #foodblogging #yumgoggle #eatitall #Kolkatafoodlover #summerbaking #yogurtandberries #fooddaily #garfieldgirleats #Kolkatafoodie #grilledcorn #lovesalmon #ieatnpost #beefribs #glutton #stonerfood #foodfusion #healthystylefamily #yogurtandfruit #foodiefeature #proble #oange #mykitchendiaries #springdesserts #pavbhaji #rolledicecream #myrecipemagic",40,1,False,1535318425,7809167069,0
123,1853924191881848206,Bm6djrhnuWO,38695454_254075205220680_4482832081809833984_n.jpg,C:\Coding\projects\pavbhaji_model\machinelearningchallenge\dataset\dataset\images\1\38695454_254075205220680_4482832081809833984_n.jpg,1,"While eating your favorite food, if your hand doesn't get dirty and make you lick your fingers then PS. You're eating it all wrong.. 💖💖💖💖💖
Pav Bhaji
💖💖💖💖💖
Sticking to basic and authentic recipe from Mom's kitchen to boil and mash veggies to get smooth yet chunky texture and finally throw in some magical Indian spices with homemade ghee and ginger garlic paste to turn this simple mix into every food lover's dream..
#homemade
#inmykitchen
#remaking
#mom'srecipe
#pavbhaji
#indiancuisine
#indianspicies
#drollover
#nomnom
#foodtalk
#foodlovers
#foodfollowers
#foodinstagram
#eatinstagram
#cookofinstagram
#india
#toast_to_tummy",,,#nomnom #inmykitchen #indianspicies #foodlovers #cookofinstagram #india #indiancuisine #foodfollowers #foodinstagram #eatinstagram #pavbhaji #toast_to_tummy #mom #foodtalk #remaking #homemade #drollover,,"While eating your favorite food, if your hand doesn't get dirty and make you lick your fingers then PS. You're eating it all wrong.. 💖💖💖💖💖
Pav Bhaji
💖💖💖💖💖
Sticking to basic and authentic recipe from Mom's kitchen to boil and mash veggies to get smooth yet chunky texture and finally throw in some magical Indian spices with homemade ghee and ginger garlic paste to turn this simple mix into every food lover's dream..
#homemade
#inmykitchen
#remaking
#mom'srecipe
#pavbhaji
#indiancuisine
#indianspicies
#drollover
#nomnom
#foodtalk
#foodlovers
#foodfollowers
#foodinstagram
#eatinstagram
#cookofinstagram
#india
#toast_to_tummy #nomnom #inmykitchen #indianspicies #foodlovers #cookofinstagram #india #indiancuisine #foodfollowers #foodinstagram #eatinstagram #pavbhaji #toast_to_tummy #mom #foodtalk #remaking #homemade #drollover",64,4,False,1535225007,8196021839,0
173,1853608760136741226,Bm5V1i0gLFq,39348164_746963025652995_1005626099406733312_n.jpg,C:\Coding\projects\pavbhaji_model\machinelearningchallenge\dataset\dataset\images\1\39348164_746963025652995_1005626099406733312_n.jpg,1,Catch Pav Bhaji Masala........... is always there When you decide to take your love for PavBhaji very seriously!!!!!! 🤗🙂#pavbhaji  #pavbhaji😋 #mumbaifoodie #morning #mumbai #homemade #gharkakhana #foodporn #mumbairains #mumbaifood #huffposttaste  #healthylifestyle#eat#yummy#delecious#igersmaharashtra#igdaily#igmumbai#foodbossindia#love#Ifoundawesome#whati8today#picoftheday#photo#foodporn#foodgasm#foodpost#buzzfeedfood#friday#weekend,,,#mumbai #igmumbai #mumbaifoodie #photo #foodpost #Ifoundawesome #mumbairains #weekend #foodporn #foodbossindia #delecious #love #friday #whati8today #yummy #picoftheday #mumbaifood #foodgasm #morning #eat #buzzfeedfood #igdaily #pavbhaji #igersmaharashtra #huffposttaste #healthylifestyle #homemade #gharkakhana,,Catch Pav Bhaji Masala........... is always there When you decide to take your love for PavBhaji very seriously!!!!!! 🤗🙂#pavbhaji  #pavbhaji😋 #mumbaifoodie #morning #mumbai #homemade #gharkakhana #foodporn #mumbairains #mumbaifood #huffposttaste  #healthylifestyle#eat#yummy#delecious#igersmaharashtra#igdaily#igmumbai#foodbossindia#love#Ifoundawesome#whati8today#picoftheday#photo#foodporn#foodgasm#foodpost#buzzfeedfood#friday#weekend #mumbai #igmumbai #mumbaifoodie #photo #foodpost #Ifoundawesome #mumbairains #weekend #foodporn #foodbossindia #delecious #love #friday #whati8today #yummy #picoftheday #mumbaifood #foodgasm #morning #eat #buzzfeedfood #igdaily #pavbhaji #igersmaharashtra #huffposttaste #healthylifestyle #homemade #gharkakhana,32,2,False,1535187405,1906188419,0
504,1850744916831778738,BmvKrI5njey,38813897_2082050408532405_8932511457090732032_n.jpg,C:\Coding\projects\pavbhaji_model\machinelearningchallenge\dataset\dataset\images\1\38813897_2082050408532405_8932511457090732032_n.jpg,1,#pavbhaji 😋 #lunch #homecooking #indiankitchen #vegetables,,,#vegetables #pavbhaji #indiankitchen #homecooking #lunch,,#pavbhaji 😋 #lunch #homecooking #indiankitchen #vegetables #vegetables #pavbhaji #indiankitchen #homecooking #lunch,11,0,False,1534846008,1440325599,0
113,1854184478424143396,Bm7YvWQg5Yk,39887366_304157750363826_2594978047211864064_n.jpg,C:\Coding\projects\pavbhaji_model\machinelearningchallenge\dataset\dataset\images\1\39887366_304157750363826_2594978047211864064_n.jpg,1,Where is the Bhaji?? 🤔 #pavbhaji #cheese #streetfood #mumbai #foodporn #foodie,,,#mumbai #foodie #streetfood #pavbhaji #foodporn #cheese,,Where is the Bhaji?? 🤔 #pavbhaji #cheese #streetfood #mumbai #foodporn #foodie #mumbai #foodie #streetfood #pavbhaji #foodporn #cheese,6,0,False,1535256036,8489535294,0
348,1852072101504957652,Bmz4cN8nTzU,39099033_1923437027953827_6440231373620903936_n.jpg,C:\Coding\projects\pavbhaji_model\machinelearningchallenge\dataset\dataset\images\1\39099033_1923437027953827_6440231373620903936_n.jpg,1,"We all love both these dishes equally! But if you have to choose one, which one would you pick? Let's see which dish wins- #IndianCuisine #LaljeeGodhoo #Pavbhaji #Palakpaneer #IndianCooking #IndianSpices #Asafoetida #Food #Foodie #Foodlover #Foodporn #Foodtruck",,,#IndianCooking #Foodtruck #Food #Palakpaneer #Foodporn #Asafoetida #Pavbhaji #Foodlover #Foodie #IndianSpices #LaljeeGodhoo #IndianCuisine,,"We all love both these dishes equally! But if you have to choose one, which one would you pick? Let's see which dish wins- #IndianCuisine #LaljeeGodhoo #Pavbhaji #Palakpaneer #IndianCooking #IndianSpices #Asafoetida #Food #Foodie #Foodlover #Foodporn #Foodtruck #IndianCooking #Foodtruck #Food #Palakpaneer #Foodporn #Asafoetida #Pavbhaji #Foodlover #Foodie #IndianSpices #LaljeeGodhoo #IndianCuisine",15,1,False,1535004221,6729005609,0
197,1853386232069787884,Bm4jPVaHpDs,39075480_1917248621911223_8518237783804870656_n.jpg,C:\Coding\projects\pavbhaji_model\machinelearningchallenge\dataset\dataset\images\1\39075480_1917248621911223_8518237783804870656_n.jpg,1,"Today's recipe is Bombay Pav Bhaji. This is an old post on the blog which is updated with new images. Do check it out. Bombay pav bhaji is made with mashed potatoes and mashed vegetables. It is served with pav/bread. This pav bhaji is a popular street food in India. Some people make it in homes for breakfast and snacks too.
.
.
.
.
.
#rakshaskitchen #devourpower #forkyeah #forkfeed #ahealthynut #soulfood #foods4thought #foodtalkindia #foodcoma #foodmaniacindia #foodmagazine #eattherainbow #eatgood #sodelicious #desifood #desikhana #foodiesofinstagram #eatingfortheinsta #foodporn #streetfood #indianfood #indianfoodblogger #yummyfood #pavbhaji #darlingdaily #nutritiousanddelicious #onmyplate #tasteofsoul #homemade #healthycuisines",,,#foods4thought #rakshaskitchen #devourpower #foodmaniacindia #foodcoma #healthycuisines #indianfood #forkfeed #eatingfortheinsta #foodporn #foodiesofinstagram #desifood #ahealthynut #forkyeah #foodmagazine #darlingdaily #eattherainbow #indianfoodblogger #yummyfood #onmyplate #desikhana #soulfood #streetfood #pavbhaji #tasteofsoul #foodtalkindia #nutritiousanddelicious #eatgood #sodelicious #homemade,"Bangalore, India","Today's recipe is Bombay Pav Bhaji. This is an old post on the blog which is updated with new images. Do check it out. Bombay pav bhaji is made with mashed potatoes and mashed vegetables. It is served with pav/bread. This pav bhaji is a popular street food in India. Some people make it in homes for breakfast and snacks too.
.
.
.
.
.
#rakshaskitchen #devourpower #forkyeah #forkfeed #ahealthynut #soulfood #foods4thought #foodtalkindia #foodcoma #foodmaniacindia #foodmagazine #eattherainbow #eatgood #sodelicious #desifood #desikhana #foodiesofinstagram #eatingfortheinsta #foodporn #streetfood #indianfood #indianfoodblogger #yummyfood #pavbhaji #darlingdaily #nutritiousanddelicious #onmyplate #tasteofsoul #homemade #healthycuisines #foods4thought #rakshaskitchen #devourpower #foodmaniacindia #foodcoma #healthycuisines #indianfood #forkfeed #eatingfortheinsta #foodporn #foodiesofinstagram #desifood #ahealthynut #forkyeah #foodmagazine #darlingdaily #eattherainbow #indianfoodblogger #yummyfood #onmyplate #desikhana #soulfood #streetfood #pavbhaji #tasteofsoul #foodtalkindia #nutritiousanddelicious #eatgood #sodelicious #homemade Bangalore, India",200,11,False,1535160877,422542122,0
383,1851681033439925860,Bmyfhbbg9Zk,39332497_461415464367856_2014780295403798528_n.jpg,C:\Coding\projects\pavbhaji_model\machinelearningchallenge\dataset\dataset\images\0\39332497_461415464367856_2014780295403798528_n.jpg,0,"Bake the world a happy place😍💃🏻🎂 •
•
•
•
•
#food #foodporn #foodie #comfortfood #tasty #vadilal #happiness #yummyfood #jodhpur #corn #foodstagram #foodielife #deliciousness @jodhpurfoodie @jodhpur_foodie_cafes @foodmaniacindia @foodiesofindia  @thecrazyindianfoodie  @thecrazyindianfoodie @jodhpurfoodworld @desserts.opassion @mumbaifoodcrush @therawtextures @hey.delhi  @hey.mumbai @hungrychokro_escapades @splendideats  @hungrito#food #foodporn #foodie #comfortfood #tasty #vadilal #happiness #like4like #followforfollow #fff #yummyfood #jodhpur #corn #foodstagram #repostit #repostiftagged #foodielife #deliciousness @jodhpurfoodie @jodhpur_foodie_cafes @foodmaniacindia @foodiesofindia @thecrazyindianfoodie  @thecrazyindianfoodie@thecrazyindianfoodie  @thecrazyindianfoodie @jodhpurfoodworld @desserts.passion @mumbaifoodcrush @therawtextures @hey.delhi  @cakebakerybeauty  @food_first_always @foodjournal_mumbai @buzzfeedfood @foodyvid @foodys @foodelhi @wearegurgaon_ @thepunefoodie @foodiefrombombay  @lighthouse_foodie  @foodievid @hungrito @manchibaba@manchibaba @thefoodpunch @splendideats @foodofgoa #pavbhaji @food_ys#food #foodporn #foodie #comfortfood #tasty #vadilal #happiness #yummyfood #jodhpur #corn #foodstagram #foodielife #deliciousness @jodhpurfoodie @jodhpur_foodie_cafes @foodmaniacindia @foodiesofindia  @thecrazyindianfoodie  @thecrazyindianfoodie @jodhpurfoodworld @desserts.passion @mumbaifoodcrush @therawtextures @hey.delhi  @hey.mumbai @hungrychokro_escapades @splendideats  @hungrito @ashokala_design @bricks_restaurant_n_bakers",,,#repostit #fff #vadilal #food #tasty #deliciousness #happiness #foodie #corn #repostiftagged #pavbhaji #yummyfood #comfortfood #foodporn #followforfollow #jodhpur #foodielife #foodstagram #like4like,Bha Vadilal Happinezz,"Bake the world a happy place😍💃🏻🎂 •
•
•
•
•
#food #foodporn #foodie #comfortfood #tasty #vadilal #happiness #yummyfood #jodhpur #corn #foodstagram #foodielife #deliciousness @jodhpurfoodie @jodhpur_foodie_cafes @foodmaniacindia @foodiesofindia  @thecrazyindianfoodie  @thecrazyindianfoodie @jodhpurfoodworld @desserts.opassion @mumbaifoodcrush @therawtextures @hey.delhi  @hey.mumbai @hungrychokro_escapades @splendideats  @hungrito#food #foodporn #foodie #comfortfood #tasty #vadilal #happiness #like4like #followforfollow #fff #yummyfood #jodhpur #corn #foodstagram #repostit #repostiftagged #foodielife #deliciousness @jodhpurfoodie @jodhpur_foodie_cafes @foodmaniacindia @foodiesofindia @thecrazyindianfoodie  @thecrazyindianfoodie@thecrazyindianfoodie  @thecrazyindianfoodie @jodhpurfoodworld @desserts.passion @mumbaifoodcrush @therawtextures @hey.delhi  @cakebakerybeauty  @food_first_always @foodjournal_mumbai @buzzfeedfood @foodyvid @foodys @foodelhi @wearegurgaon_ @thepunefoodie @foodiefrombombay  @lighthouse_foodie  @foodievid @hungrito @manchibaba@manchibaba @thefoodpunch @splendideats @foodofgoa #pavbhaji @food_ys#food #foodporn #foodie #comfortfood #tasty #vadilal #happiness #yummyfood #jodhpur #corn #foodstagram #foodielife #deliciousness @jodhpurfoodie @jodhpur_foodie_cafes @foodmaniacindia @foodiesofindia  @thecrazyindianfoodie  @thecrazyindianfoodie @jodhpurfoodworld @desserts.passion @mumbaifoodcrush @therawtextures @hey.delhi  @hey.mumbai @hungrychokro_escapades @splendideats  @hungrito @ashokala_design @bricks_restaurant_n_bakers #repostit #fff #vadilal #food #tasty #deliciousness #happiness #foodie #corn #repostiftagged #pavbhaji #yummyfood #comfortfood #foodporn #followforfollow #jodhpur #foodielife #foodstagram #like4like Bha Vadilal Happinezz",118,0,False,1534957602,5345409033,0
103,1854254598252995134,Bm7orucASI-,39573201_475483916264791_766085791804817408_n.jpg,C:\Coding\projects\pavbhaji_model\machinelearningchallenge\dataset\dataset\images\0\39573201_475483916264791_766085791804817408_n.jpg,0,"Blessing your feed like always🌸
How delicious does this look?
.
.
.
.
Dark chocolate ice cream in a coffee flavoured black cone😋
.
.
.
.
Follow me on Fb and Zomato- Bonappetit_1
#shotononeplus #pavbhaji #dwarka #vforveggie #dillifoodies #saadidilli #mumbaifoodies #indianfoodie #hungrydilliwaali #delhifoodwalks #mumbaiigers #indianstreetfood #delhifoodguide #delhitimes #delhibloggers #delhistreetfood #mumbaistreetfood #indianfoodiye #mumbaifoodiye #foodiye #icecreamlover #mintsauce #incredibleindia #icecream #indian_photography #maggie #indianstreetfood #chocolove #chocolate #bonappetit",,,#mumbaistreetfood #chocolove #icecream #mumbaiigers #shotononeplus #indianfoodie #indianstreetfood #vforveggie #icecreamlover #saadidilli #mintsauce #mumbaifoodies #foodiye #maggie #delhibloggers #delhifoodwalks #dillifoodies #hungrydilliwaali #delhitimes #bonappetit #mumbaifoodiye #dwarka #delhistreetfood #incredibleindia #indian_photography #pavbhaji #indianfoodiye #delhifoodguide #chocolate,"Vancouver, British Columbia","Blessing your feed like always🌸
How delicious does this look?
.
.
.
.
Dark chocolate ice cream in a coffee flavoured black cone😋
.
.
.
.
Follow me on Fb and Zomato- Bonappetit_1
#shotononeplus #pavbhaji #dwarka #vforveggie #dillifoodies #saadidilli #mumbaifoodies #indianfoodie #hungrydilliwaali #delhifoodwalks #mumbaiigers #indianstreetfood #delhifoodguide #delhitimes #delhibloggers #delhistreetfood #mumbaistreetfood #indianfoodiye #mumbaifoodiye #foodiye #icecreamlover #mintsauce #incredibleindia #icecream #indian_photography #maggie #indianstreetfood #chocolove #chocolate #bonappetit #mumbaistreetfood #chocolove #icecream #mumbaiigers #shotononeplus #indianfoodie #indianstreetfood #vforveggie #icecreamlover #saadidilli #mintsauce #mumbaifoodies #foodiye #maggie #delhibloggers #delhifoodwalks #dillifoodies #hungrydilliwaali #delhitimes #bonappetit #mumbaifoodiye #dwarka #delhistreetfood #incredibleindia #indian_photography #pavbhaji #indianfoodiye #delhifoodguide #chocolate Vancouver, British Columbia",238,5,False,1535264395,3606264327,0
422,1851365129040913443,BmxXsaiB2Qj,38635026_248416552475736_844191039097929728_n.jpg,C:\Coding\projects\pavbhaji_model\machinelearningchallenge\dataset\dataset\images\1\38635026_248416552475736_844191039097929728_n.jpg,1,"Classic & the most delicious Haldiram's Pav Bhaji 😍😍😍
Can never get enough of it 🙌😍
📍 Haldirams Lajpat Nagar ⭐🔥
.
.
Follow @thehoggerstrail 
Follow @thehoggerstrail 
Follow @thehoggerstrail .
.
#pavbhaji #classic #delicious #foodstgram #foodsgam #nomnom #veg #cheapeats #streetfood #delhistreets #haldirams #indianfood #huffposttaste #comfortfood #extrabutter #mouthwatering #mumbai #delhincr #delhisehoon #dfordelhi #sodelhi #saadidelhi #yummyinmytummy #wanderersofdelhi #aadiivaasii #f52grams #foodblogger",,,#wanderersofdelhi #cheapeats #foodstgram #delhincr #mumbai #saadidelhi #foodblogger #extrabutter #comfortfood #delicious #indianfood #f52grams #aadiivaasii #classic #nomnom #dfordelhi #delhistreets #haldirams #veg #mouthwatering #foodsgam #yummyinmytummy #delhisehoon #streetfood #pavbhaji #huffposttaste #sodelhi,Haldirams,"Classic & the most delicious Haldiram's Pav Bhaji 😍😍😍
Can never get enough of it 🙌😍
📍 Haldirams Lajpat Nagar ⭐🔥
.
.
Follow @thehoggerstrail 
Follow @thehoggerstrail 
Follow @thehoggerstrail .
.
#pavbhaji #classic #delicious #foodstgram #foodsgam #nomnom #veg #cheapeats #streetfood #delhistreets #haldirams #indianfood #huffposttaste #comfortfood #extrabutter #mouthwatering #mumbai #delhincr #delhisehoon #dfordelhi #sodelhi #saadidelhi #yummyinmytummy #wanderersofdelhi #aadiivaasii #f52grams #foodblogger #wanderersofdelhi #cheapeats #foodstgram #delhincr #mumbai #saadidelhi #foodblogger #extrabutter #comfortfood #delicious #indianfood #f52grams #aadiivaasii #classic #nomnom #dfordelhi #delhistreets #haldirams #veg #mouthwatering #foodsgam #yummyinmytummy #delhisehoon #streetfood #pavbhaji #huffposttaste #sodelhi Haldirams",64,2,False,1534919943,8203574516,0
304,1852349927688986749,Bm03nHvn2B9,39392437_1855433301206753_3077607271769833472_n.jpg,C:\Coding\projects\pavbhaji_model\machinelearningchallenge\dataset\dataset\images\0\39392437_1855433301206753_3077607271769833472_n.jpg,0,"Spring Rolls at @thefernsurya .
.
.
Chicken Spring’s rolls are my favourite. Crispy outer layer and chicken feelings inside. whatawow feeling.
.
.
What kinda spring rolls you like ?
.
.
.
#shotononeplus#pavbhaji #dwarka#vforveggie#dillifoodies #saadidilli #mumbaifoodies#indianfoodie#hungrydilliwaali#delhifoodwalks #mumbaiigers#indianstreetfood #delhifoodguide #delhitimes #delhibloggers #delhistreetfood #mumbaistreetfood #indianfoodiye #mumbaifoodiye #foodiye #chaibreak #mintsauce #incredibleindia #teatime☕ #indian_photography #maggie #indianstreetfood #bhukkadintown",,,#mumbaistreetfood #mumbaiigers #shotononeplus #indianfoodie #indianstreetfood #vforveggie #saadidilli #mintsauce #mumbaifoodies #chaibreak #foodiye #maggie #delhibloggers #delhifoodwalks #dillifoodies #hungrydilliwaali #bhukkadintown #☕ #delhitimes #mumbaifoodiye #dwarka #delhistreetfood #incredibleindia #indian_photography #pavbhaji #indianfoodiye #delhifoodguide,The Fern Hotels & Resorts,"Spring Rolls at @thefernsurya .
.
.
Chicken Spring’s rolls are my favourite. Crispy outer layer and chicken feelings inside. whatawow feeling.
.
.
What kinda spring rolls you like ?
.
.
.
#shotononeplus#pavbhaji #dwarka#vforveggie#dillifoodies #saadidilli #mumbaifoodies#indianfoodie#hungrydilliwaali#delhifoodwalks #mumbaiigers#indianstreetfood #delhifoodguide #delhitimes #delhibloggers #delhistreetfood #mumbaistreetfood #indianfoodiye #mumbaifoodiye #foodiye #chaibreak #mintsauce #incredibleindia #teatime☕ #indian_photography #maggie #indianstreetfood #bhukkadintown #mumbaistreetfood #mumbaiigers #shotononeplus #indianfoodie #indianstreetfood #vforveggie #saadidilli #mintsauce #mumbaifoodies #chaibreak #foodiye #maggie #delhibloggers #delhifoodwalks #dillifoodies #hungrydilliwaali #bhukkadintown #☕ #delhitimes #mumbaifoodiye #dwarka #delhistreetfood #incredibleindia #indian_photography #pavbhaji #indianfoodiye #delhifoodguide The Fern Hotels & Resorts",191,11,False,1535037340,4085064959,0
61,1854825716001352834,Bm9qilShSyC,39371757_289282238536807_7897091135191908352_n.jpg,C:\Coding\projects\pavbhaji_model\machinelearningchallenge\dataset\dataset\images\0\39371757_289282238536807_7897091135191908352_n.jpg,0,"When you’re far away from home and you begin to think about home, it’s time to stay busy and distract yourself by eating comfort food! Courtesy of Mamabear! #1MoreMonth #SoSoon ❤️❤️
.
.
.
#Homemade #PavBhaji #Mamabear #Bread #Pav #Bhaji #Gujju #Gujarati #Home #Distraction #StayBusy #JustKeepSwimming #Indian #Desi #IndianFood #Foodie #FoodieAlert #FoodPorn #FoodiesOfInstagram #Foodiegram #Foodstagram #FoodPhotography",,,#Pav #FoodieAlert #Gujju #StayBusy #Bread #Indian #Home #Foodstagram #1MoreMonth #Desi #FoodPhotography #JustKeepSwimming #Mamabear #SoSoon #Homemade #IndianFood #Foodiegram #Foodie #FoodPorn #Gujarati #FoodiesOfInstagram #Bhaji #Distraction #PavBhaji,,"When you’re far away from home and you begin to think about home, it’s time to stay busy and distract yourself by eating comfort food! Courtesy of Mamabear! #1MoreMonth #SoSoon ❤️❤️
.
.
.
#Homemade #PavBhaji #Mamabear #Bread #Pav #Bhaji #Gujju #Gujarati #Home #Distraction #StayBusy #JustKeepSwimming #Indian #Desi #IndianFood #Foodie #FoodieAlert #FoodPorn #FoodiesOfInstagram #Foodiegram #Foodstagram #FoodPhotography #Pav #FoodieAlert #Gujju #StayBusy #Bread #Indian #Home #Foodstagram #1MoreMonth #Desi #FoodPhotography #JustKeepSwimming #Mamabear #SoSoon #Homemade #IndianFood #Foodiegram #Foodie #FoodPorn #Gujarati #FoodiesOfInstagram #Bhaji #Distraction #PavBhaji",25,1,False,1535332477,3689788791,0
35,1855102077928352393,Bm-pYLZAiqJ,39547137_715350312138040_8194652375038820352_n.jpg,C:\Coding\projects\pavbhaji_model\machinelearningchallenge\dataset\dataset\images\0\39547137_715350312138040_8194652375038820352_n.jpg,0,"A true vegetarian always loves Pav Bhaji? And when you top it up with melting butter, it surely makes for a great treat. Try one, today.
.
.
.
.
.
#Kurtosh #Kurtosshhh #PavBhaji #ShravanFood #opening #pune#newintown #punefood #foodofpune #yum #chimney #chimneycone #cake",,,#foodofpune #opening #Kurtosshhh #yum #pune #chimney #cake #ShravanFood #punefood #chimneycone #Kurtosh #newintown #PavBhaji,Kurtosh,"A true vegetarian always loves Pav Bhaji? And when you top it up with melting butter, it surely makes for a great treat. Try one, today.
.
.
.
.
.
#Kurtosh #Kurtosshhh #PavBhaji #ShravanFood #opening #pune#newintown #punefood #foodofpune #yum #chimney #chimneycone #cake #foodofpune #opening #Kurtosshhh #yum #pune #chimney #cake #ShravanFood #punefood #chimneycone #Kurtosh #newintown #PavBhaji Kurtosh",22,0,False,1535365422,8381256566,0
428,1801441515860911186,BkAAYOkh-RS,34372850_1661761887275993_1422925813375827968_n.jpg,C:\Coding\projects\pavbhaji_model\machinelearningchallenge\dataset\dataset\images\0\34372850_1661761887275993_1422925813375827968_n.jpg,0,Memorable day 😍😍😍 #mom #mother #mum #maa #di #didi #exteacher #me #i #myself #are #awesome #cinepolis #mall #lucknow #uttarpradesh #india #party #treat #pavbhaji #food #simpleboy #innocent #guy #looks #fashion,,,#exteacher #me #mall #di #are #party #cinepolis #treat #maa #mom #innocent #didi #i #mother #india #looks #mum #fashion #awesome #food #lucknow #pavbhaji #uttarpradesh #guy #simpleboy #myself,,Memorable day 😍😍😍 #mom #mother #mum #maa #di #didi #exteacher #me #i #myself #are #awesome #cinepolis #mall #lucknow #uttarpradesh #india #party #treat #pavbhaji #food #simpleboy #innocent #guy #looks #fashion #exteacher #me #mall #di #are #party #cinepolis #treat #maa #mom #innocent #didi #i #mother #india #looks #mum #fashion #awesome #food #lucknow #pavbhaji #uttarpradesh #guy #simpleboy #myself,25,1,False,1528968584,7085843814,0
271,1852732123153293940,Bm2OgzAgeJ0,38803948_2181725378761283_5874634801222254592_n.jpg,C:\Coding\projects\pavbhaji_model\machinelearningchallenge\dataset\dataset\images\0\38803948_2181725378761283_5874634801222254592_n.jpg,0,"Pav Bhaji Fondue @ Laa Unico, Mukund Nagar, Swargate, Pune.

Price : Rs. 390/-
Average Cost : Rs 1000/- for two

Like & Follow us on Facebook, for more updates!

Tag us to get featured ✓

#⃣ Follow 
@tasty_pune @tasty_pune @tasty_pune@tasty_pune @tasty_pune @tasty_pune ✔✔✔✔✔✔✔✔✔✔✔✔✔✔✔✔✔
#tastypune #tasty_pune
#pune #punefoodblogger #punefoodie #puneri #punekar #puneinstagrammers #pune_ig #punediaries #punediaries #punefood #puneclickarts #punecity #punenightlife #puneblogger #punefashionblogger #punefashion #punepartypeople #mumbaiblogger #sukanta #sukantathali #pavbhaji #laaunico #swargate",,,#punefoodie #puneinstagrammers #sukanta #punepartypeople #punenightlife #pune_ig #laaunico #punecity #punediaries #punefoodblogger #pune #tastypune #mumbaiblogger #swargate #punefashionblogger #⃣ #punefood #sukantathali #punekar #punefashion #puneclickarts #puneri #pavbhaji #puneblogger #tasty_pune,Laa Unico,"Pav Bhaji Fondue @ Laa Unico, Mukund Nagar, Swargate, Pune.

Price : Rs. 390/-
Average Cost : Rs 1000/- for two

Like & Follow us on Facebook, for more updates!

Tag us to get featured ✓

#⃣ Follow 
@tasty_pune @tasty_pune @tasty_pune@tasty_pune @tasty_pune @tasty_pune ✔✔✔✔✔✔✔✔✔✔✔✔✔✔✔✔✔
#tastypune #tasty_pune
#pune #punefoodblogger #punefoodie #puneri #punekar #puneinstagrammers #pune_ig #punediaries #punediaries #punefood #puneclickarts #punecity #punenightlife #puneblogger #punefashionblogger #punefashion #punepartypeople #mumbaiblogger #sukanta #sukantathali #pavbhaji #laaunico #swargate #punefoodie #puneinstagrammers #sukanta #punepartypeople #punenightlife #pune_ig #laaunico #punecity #punediaries #punefoodblogger #pune #tastypune #mumbaiblogger #swargate #punefashionblogger #⃣ #punefood #sukantathali #punekar #punefashion #puneclickarts #puneri #pavbhaji #puneblogger #tasty_pune Laa Unico",2084,10,False,1535082901,4049403190,0
245,1852936024427129729,Bm28383gOuB,39333325_2108837659434481_4321116298143596544_n.jpg,C:\Coding\projects\pavbhaji_model\machinelearningchallenge\dataset\dataset\images\0\39333325_2108837659434481_4321116298143596544_n.jpg,0,#mumbai #dharavi #bandstand #bandra #navimumbaikar #dadar #mumbaikars #marathi #maharashtra #vada #pavbhaji #dost #pyaar #lovestory #inspiration #india #jaibhim #pune #nashik #panvel #marathination #misalpav #konkan  #like #delhi #punjab #nagpur #ladki #desi #yaar,,,#nashik #punjab #mumbai #misalpav #yaar #maharashtra #panvel #ladki #konkan #dadar #mumbaikars #lovestory #jaibhim #bandstand #nagpur #like #pune #india #pyaar #bandra #inspiration #dost #desi #vada #marathination #navimumbaikar #pavbhaji #delhi #dharavi #marathi,,#mumbai #dharavi #bandstand #bandra #navimumbaikar #dadar #mumbaikars #marathi #maharashtra #vada #pavbhaji #dost #pyaar #lovestory #inspiration #india #jaibhim #pune #nashik #panvel #marathination #misalpav #konkan  #like #delhi #punjab #nagpur #ladki #desi #yaar #nashik #punjab #mumbai #misalpav #yaar #maharashtra #panvel #ladki #konkan #dadar #mumbaikars #lovestory #jaibhim #bandstand #nagpur #like #pune #india #pyaar #bandra #inspiration #dost #desi #vada #marathination #navimumbaikar #pavbhaji #delhi #dharavi #marathi,13,0,False,1535107208,4651962678,0
57,1854917891780848197,Bm9_f6rHSpF,40092154_2171536229838011_4987697065023766528_n.jpg,C:\Coding\projects\pavbhaji_model\machinelearningchallenge\dataset\dataset\images\0\40092154_2171536229838011_4987697065023766528_n.jpg,0,"Chahe kuch bhi kha lo, satisfaction is Paratha for breakfast.
.
.
.
Only north Indians can understand this feeling. .
.
.
#shotononeplus#pavbhaji #dwarka#vforveggie#dillifoodies #saadidilli #mumbaifoodies#indianfoodie#hungrydilliwaali#delhifoodwalks #mumbaiigers#indianstreetfood #delhifoodguide #delhitimes #delhibloggers #delhistreetfood #mumbaistreetfood #indianfoodiye #mumbaifoodiye #foodiye #chaibreak #mintsauce #incredibleindia #teatime☕ #indian_photography #maggie #indianstreetfood",,,#mumbaistreetfood #mumbaiigers #shotononeplus #indianfoodie #indianstreetfood #vforveggie #saadidilli #mintsauce #mumbaifoodies #chaibreak #foodiye #maggie #delhibloggers #delhifoodwalks #dillifoodies #hungrydilliwaali #☕ #delhitimes #mumbaifoodiye #dwarka #delhistreetfood #incredibleindia #indian_photography #pavbhaji #indianfoodiye #delhifoodguide,"Social, Sector 7 Chandigarh","Chahe kuch bhi kha lo, satisfaction is Paratha for breakfast.
.
.
.
Only north Indians can understand this feeling. .
.
.
#shotononeplus#pavbhaji #dwarka#vforveggie#dillifoodies #saadidilli #mumbaifoodies#indianfoodie#hungrydilliwaali#delhifoodwalks #mumbaiigers#indianstreetfood #delhifoodguide #delhitimes #delhibloggers #delhistreetfood #mumbaistreetfood #indianfoodiye #mumbaifoodiye #foodiye #chaibreak #mintsauce #incredibleindia #teatime☕ #indian_photography #maggie #indianstreetfood #mumbaistreetfood #mumbaiigers #shotononeplus #indianfoodie #indianstreetfood #vforveggie #saadidilli #mintsauce #mumbaifoodies #chaibreak #foodiye #maggie #delhibloggers #delhifoodwalks #dillifoodies #hungrydilliwaali #☕ #delhitimes #mumbaifoodiye #dwarka #delhistreetfood #incredibleindia #indian_photography #pavbhaji #indianfoodiye #delhifoodguide Social, Sector 7 Chandigarh",169,7,False,1535343465,4085064959,0
433,1851341109345025029,BmxSO4clnwF,38813886_237778040267583_664211684394532864_n.jpg,C:\Coding\projects\pavbhaji_model\machinelearningchallenge\dataset\dataset\images\0\38813886_237778040267583_664211684394532864_n.jpg,0,"Utterly Butterly Delicious PAV BHAJI! 😱😱🤣😛
Tag all Pav Bhaji Maniacs!👇
.
The most ‘BUTTERY PAV-BHAJI’ of Mumbai from
SARDAR PAV BHAJI, Tardeo, Mumbai👈

Pic by @foodmaniacindia .
.
#foodmaniacindia #pavbhaji #indianfood #streetfood #streetsofindia #storiesofindia #foodporn #foodgasm #buttery #forkyeah #huffposttaste #buzzfeast #mumbaifood #mumbaiblogger #mumbai_igers #mumbaidiaries #mumbailife #bombay #mumbaimerijaan #mumbaifoodblogger",,,#mumbaifoodblogger #mumbaidiaries #mumbaifood #forkyeah #bombay #foodmaniacindia #mumbaimerijaan #streetfood #pavbhaji #huffposttaste #mumbaiblogger #mumbailife #buttery #foodporn #buzzfeast #indianfood #storiesofindia #foodgasm #streetsofindia #mumbai_igers,,"Utterly Butterly Delicious PAV BHAJI! 😱😱🤣😛
Tag all Pav Bhaji Maniacs!👇
.
The most ‘BUTTERY PAV-BHAJI’ of Mumbai from
SARDAR PAV BHAJI, Tardeo, Mumbai👈

Pic by @foodmaniacindia .
.
#foodmaniacindia #pavbhaji #indianfood #streetfood #streetsofindia #storiesofindia #foodporn #foodgasm #buttery #forkyeah #huffposttaste #buzzfeast #mumbaifood #mumbaiblogger #mumbai_igers #mumbaidiaries #mumbailife #bombay #mumbaimerijaan #mumbaifoodblogger #mumbaifoodblogger #mumbaidiaries #mumbaifood #forkyeah #bombay #foodmaniacindia #mumbaimerijaan #streetfood #pavbhaji #huffposttaste #mumbaiblogger #mumbailife #buttery #foodporn #buzzfeast #indianfood #storiesofindia #foodgasm #streetsofindia #mumbai_igers",1650,7,False,1534917080,2137332450,0
159,1853682616109305575,Bm5moSjgw7n,40071827_312543396174592_8895864403824476160_n.jpg,C:\Coding\projects\pavbhaji_model\machinelearningchallenge\dataset\dataset\images\1\40071827_312543396174592_8895864403824476160_n.jpg,1,"The worst pav bhaji i ever had at kumar pav bhaji it was too blend no flavours 😑. Big disappointed how can they serve me this 😭😭😭😭😭
.
.
Where i can get good pav bhaji ?  #love #TFLers #pavbhaji #photooftheday #20likes #amazing #smile #like4like #look #instalike #picoftheday #food #instadaily #instafollow #followme #instagood #bestoftheday #instacool #instago",,,#instalike #picoftheday #instafollow #photooftheday #instagood #bestoftheday #food #love #TFLers #followme #pavbhaji #smile #instacool #instadaily #instago #20likes #amazing #look #like4like,"Delhi, India","The worst pav bhaji i ever had at kumar pav bhaji it was too blend no flavours 😑. Big disappointed how can they serve me this 😭😭😭😭😭
.
.
Where i can get good pav bhaji ?  #love #TFLers #pavbhaji #photooftheday #20likes #amazing #smile #like4like #look #instalike #picoftheday #food #instadaily #instafollow #followme #instagood #bestoftheday #instacool #instago #instalike #picoftheday #instafollow #photooftheday #instagood #bestoftheday #food #love #TFLers #followme #pavbhaji #smile #instacool #instadaily #instago #20likes #amazing #look #like4like Delhi, India",25,2,False,1535196209,6059791795,0
58,1854877899266783734,Bm92Z8vhPn2,37543879_243713576288642_986208457772236800_n.jpg,C:\Coding\projects\pavbhaji_model\machinelearningchallenge\dataset\dataset\images\0\37543879_243713576288642_986208457772236800_n.jpg,0,"Pav bhaji❤️
#pavbhaji #noaddedcolours #cafebrosten #vasai #foodlovers #cafelove #foodie #instagood #instafood",,,#instagood #noaddedcolours #cafebrosten #foodie #pavbhaji #cafelove #instafood #vasai #foodlovers,,"Pav bhaji❤️
#pavbhaji #noaddedcolours #cafebrosten #vasai #foodlovers #cafelove #foodie #instagood #instafood #instagood #noaddedcolours #cafebrosten #foodie #pavbhaji #cafelove #instafood #vasai #foodlovers",57,2,False,1535338698,5988626101,0
41,1855074826067634227,Bm-jLnHh-gz,39629842_514670452275039_9005571062703849472_n.jpg,C:\Coding\projects\pavbhaji_model\machinelearningchallenge\dataset\dataset\images\0\39629842_514670452275039_9005571062703849472_n.jpg,0,Homemade Pav Bhaji Masala #masala#foodie #indianfood #food #yummy#foodporn#foodphotography #foodgasm#instafood#streetfood#foodblogger#mumbaifoodie#foodlove#tasty#foodbloggers#mumbaifoodblogger#mumbai#delhi#pavbhaji#indianstreetfood#indianfoodbloggers#mumbaidiaries##instagood#picoftheday#homemade#pavbhajimasala#,,,#foodphotography #foodblogger #mumbai #foodie #mumbaifoodie #indianstreetfood #indianfoodbloggers #indianfood #foodlove #mumbaidiaries #instafood #foodporn #pavbhajimasala #masala #yummy #foodbloggers #instagood #mumbaifoodblogger #picoftheday #food #tasty #streetfood #pavbhaji #delhi #foodgasm #homemade,"Mumbai, Maharashtra","Homemade Pav Bhaji Masala #masala#foodie #indianfood #food #yummy#foodporn#foodphotography #foodgasm#instafood#streetfood#foodblogger#mumbaifoodie#foodlove#tasty#foodbloggers#mumbaifoodblogger#mumbai#delhi#pavbhaji#indianstreetfood#indianfoodbloggers#mumbaidiaries##instagood#picoftheday#homemade#pavbhajimasala# #foodphotography #foodblogger #mumbai #foodie #mumbaifoodie #indianstreetfood #indianfoodbloggers #indianfood #foodlove #mumbaidiaries #instafood #foodporn #pavbhajimasala #masala #yummy #foodbloggers #instagood #mumbaifoodblogger #picoftheday #food #tasty #streetfood #pavbhaji #delhi #foodgasm #homemade Mumbai, Maharashtra",15,2,False,1535362173,8203757392,0
177,1853567774849490433,Bm5MhITA94B,38845050_913766538818457_6665123968835873515_n.jpg,C:\Coding\projects\pavbhaji_model\machinelearningchallenge\dataset\dataset\images\0\38845050_913766538818457_6665123968835873515_n.jpg,0,Party time with @dhanraj_darade @dhananjay.darade.58 @vabhishek1972 #partyplanner #pavbhaji,,,#pavbhaji #partyplanner,"Bhir, Maharashtra","Party time with @dhanraj_darade @dhananjay.darade.58 @vabhishek1972 #partyplanner #pavbhaji #pavbhaji #partyplanner Bhir, Maharashtra",63,0,False,1535182519,4731320805,0
260,1852819738355359915,Bm2ibxBgOCr,39511957_186199122166450_7944844522914054144_n.jpg,C:\Coding\projects\pavbhaji_model\machinelearningchallenge\dataset\dataset\images\0\39511957_186199122166450_7944844522914054144_n.jpg,0,"It's 'Pav Bhaji' in a new 'Avatar'! Had this amazin Pav Bhaji Fondue at the @amanziskydeck It has a Delicious creamy taste which is served with croutons. A must have for all the Pav Bhaji fans! 
#foodblogger 
#instabloggers #bloggerstyle #foodie #foody #foodphotography #pavbhaji #cleanfood
#dinner
#foodlover
#foodgasm
#foodiefeature
#foodpic
#dessert
#foods #vscofood
#mumbaifoodie #mumbai",,,#foodpic #cleanfood #foodiefeature #foodlover #dessert #foodphotography #foodgasm #foodblogger #foods #instabloggers #dinner #mumbai #foodie #foody #pavbhaji #mumbaifoodie #bloggerstyle #vscofood,Amanzi Sky Deck and Bar,"It's 'Pav Bhaji' in a new 'Avatar'! Had this amazin Pav Bhaji Fondue at the @amanziskydeck It has a Delicious creamy taste which is served with croutons. A must have for all the Pav Bhaji fans! 
#foodblogger 
#instabloggers #bloggerstyle #foodie #foody #foodphotography #pavbhaji #cleanfood
#dinner
#foodlover
#foodgasm
#foodiefeature
#foodpic
#dessert
#foods #vscofood
#mumbaifoodie #mumbai #foodpic #cleanfood #foodiefeature #foodlover #dessert #foodphotography #foodgasm #foodblogger #foods #instabloggers #dinner #mumbai #foodie #foody #pavbhaji #mumbaifoodie #bloggerstyle #vscofood Amanzi Sky Deck and Bar",173,5,False,1535093346,8473088366,0
187,1853501891948226201,Bm49iaEFqaZ,39736327_2281260045431044_2509132817879793664_n.jpg,C:\Coding\projects\pavbhaji_model\machinelearningchallenge\dataset\dataset\images\0\39736327_2281260045431044_2509132817879793664_n.jpg,0,"Pav bhaji 👩‍🍳😋
.
.
.
.
.
.
.
#pavbhaji #pavbhajilove #foodphotography #foodiesofbhubaneswar #foodgasm #foodfindo #foodstagram #foodtalkindia #foodblogger #indianfood #bbsrfoodie #odiyafoodlove #odiyafoodblogger #hungry_traveller_ph #hungrytraveller #loveforfood #mybhubaneswar #me_bhubaneswar #homecook #homefood #designercook👩‍🍳👩‍🍳👩‍🍳",,,#foodphotography #foodblogger #odiyafoodlove #indianfood #bbsrfoodie #mybhubaneswar #loveforfood #designercook #hungry_traveller_ph #homefood #pavbhajilove #foodfindo #hungrytraveller #me_bhubaneswar #foodstagram #foodiesofbhubaneswar #homecook #odiyafoodblogger #pavbhaji #foodtalkindia #foodgasm,"Bhubaneswar, India","Pav bhaji 👩‍🍳😋
.
.
.
.
.
.
.
#pavbhaji #pavbhajilove #foodphotography #foodiesofbhubaneswar #foodgasm #foodfindo #foodstagram #foodtalkindia #foodblogger #indianfood #bbsrfoodie #odiyafoodlove #odiyafoodblogger #hungry_traveller_ph #hungrytraveller #loveforfood #mybhubaneswar #me_bhubaneswar #homecook #homefood #designercook👩‍🍳👩‍🍳👩‍🍳 #foodphotography #foodblogger #odiyafoodlove #indianfood #bbsrfoodie #mybhubaneswar #loveforfood #designercook #hungry_traveller_ph #homefood #pavbhajilove #foodfindo #hungrytraveller #me_bhubaneswar #foodstagram #foodiesofbhubaneswar #homecook #odiyafoodblogger #pavbhaji #foodtalkindia #foodgasm Bhubaneswar, India",49,3,False,1535174665,8443762398,0
291,1852415016901421172,Bm1GaSzAih0,39342350_2146853812197720_7723240385287290880_n.jpg,C:\Coding\projects\pavbhaji_model\machinelearningchallenge\dataset\dataset\images\1\39342350_2146853812197720_7723240385287290880_n.jpg,1,"Try out Cheese pavbhaji,Spicy paneer pizza, Tripple rice @memrfoody 
#foodfortought #foodblog #foodie #foodtalk #f #foodlover #feedfeed #foodpics #food #foodphotography #foodtalkmumbai #foodporn #foodgasm #foodtalkindia #foodoftheday #foodstargram #cheesepavbhaji #pavbhaji #pizza #paneerpizza #rice #noodles #tripleschezwanfriedrice #mrfoody #mumbai",,,#mrfoody #foodphotography #cheesepavbhaji #mumbai #foodie #tripleschezwanfriedrice #foodpics #paneerpizza #foodlover #foodfortought #foodporn #foodblog #foodstargram #rice #foodtalk #foodtalkmumbai #noodles #pizza #f #food #foodoftheday #feedfeed #pavbhaji #foodtalkindia #foodgasm,Mr Foody,"Try out Cheese pavbhaji,Spicy paneer pizza, Tripple rice @memrfoody 
#foodfortought #foodblog #foodie #foodtalk #f #foodlover #feedfeed #foodpics #food #foodphotography #foodtalkmumbai #foodporn #foodgasm #foodtalkindia #foodoftheday #foodstargram #cheesepavbhaji #pavbhaji #pizza #paneerpizza #rice #noodles #tripleschezwanfriedrice #mrfoody #mumbai #mrfoody #foodphotography #cheesepavbhaji #mumbai #foodie #tripleschezwanfriedrice #foodpics #paneerpizza #foodlover #foodfortought #foodporn #foodblog #foodstargram #rice #foodtalk #foodtalkmumbai #noodles #pizza #f #food #foodoftheday #feedfeed #pavbhaji #foodtalkindia #foodgasm Mr Foody",39,2,False,1535045099,8291149054,0
345,1852106094862660997,Bm0AK4un_WF,39118539_718307145170398_8535671614405083136_n.jpg,C:\Coding\projects\pavbhaji_model\machinelearningchallenge\dataset\dataset\images\0\39118539_718307145170398_8535671614405083136_n.jpg,0,"Ask not what you can do for your country. Ask what’s for lunch.  #plantbased  #veganfood  #friedchicken  #porkbelly  #bbqsauce
 #makersmark  #desifood  #fingerlickinggood  #groundturkey  #redmeat
 #seasoned  #nonveg  #butchers  #foodprepping  #pavbhaji  #crispyskin  #manchurian  #foodylicious  #whatveganseat  #instaburger

Tag who wana try it

Follow us for more",,,#bbqsauce #foodylicious #veganfood #plantbased #nonveg #foodprepping #crispyskin #whatveganseat #manchurian #pavbhaji #groundturkey #porkbelly #makersmark #redmeat #butchers #instaburger #desifood #friedchicken #fingerlickinggood #seasoned,,"Ask not what you can do for your country. Ask what’s for lunch.  #plantbased  #veganfood  #friedchicken  #porkbelly  #bbqsauce
 #makersmark  #desifood  #fingerlickinggood  #groundturkey  #redmeat
 #seasoned  #nonveg  #butchers  #foodprepping  #pavbhaji  #crispyskin  #manchurian  #foodylicious  #whatveganseat  #instaburger

Tag who wana try it

Follow us for more #bbqsauce #foodylicious #veganfood #plantbased #nonveg #foodprepping #crispyskin #whatveganseat #manchurian #pavbhaji #groundturkey #porkbelly #makersmark #redmeat #butchers #instaburger #desifood #friedchicken #fingerlickinggood #seasoned",62,0,False,1535008273,7987967887,0
486,1850871543087618900,BmvndyyndtU,39094842_250357222175528_894792177434491850_n.jpg,C:\Coding\projects\pavbhaji_model\machinelearningchallenge\dataset\dataset\images\0\39094842_250357222175528_894792177434491850_n.jpg,0,"Veg momos 
Follow @dilliciousfoodie 
@dilliciousfoodie 
@dilliciousfoodie 
@dilliciousfoodie 
@dilliciousfoodie 
@dilliciousfoodie .
.
.
➖➖➖➖
.
.
#dillifoodjunkie #foodforlife #pasta #food #pavbhaji #chicken #butterchicken #indianfood #india #tasty #foodgasm #yummyinmytummy #foodphotography #streetfood #lifestyle #snacks #yummy #yum #likeforlike #sodelhi @sodelhi #sodelhi #bhaji #delhifoodblogger #mumbaifoodblogger #vegmomos #spicy #starbucks #cheesyfries #summers #streetfood #momos",,,#foodphotography #bhaji #pasta #indianfood #likeforlike #snacks #butterchicken #chicken #vegmomos #momos #starbucks #summers #spicy #yum #india #cheesyfries #yummy #dillifoodjunkie #mumbaifoodblogger #yummyinmytummy #delhifoodblogger #foodgasm #food #tasty #streetfood #pavbhaji #foodforlife #lifestyle #sodelhi,"Amity University,Noida","Veg momos 
Follow @dilliciousfoodie 
@dilliciousfoodie 
@dilliciousfoodie 
@dilliciousfoodie 
@dilliciousfoodie 
@dilliciousfoodie .
.
.
➖➖➖➖
.
.
#dillifoodjunkie #foodforlife #pasta #food #pavbhaji #chicken #butterchicken #indianfood #india #tasty #foodgasm #yummyinmytummy #foodphotography #streetfood #lifestyle #snacks #yummy #yum #likeforlike #sodelhi @sodelhi #sodelhi #bhaji #delhifoodblogger #mumbaifoodblogger #vegmomos #spicy #starbucks #cheesyfries #summers #streetfood #momos #foodphotography #bhaji #pasta #indianfood #likeforlike #snacks #butterchicken #chicken #vegmomos #momos #starbucks #summers #spicy #yum #india #cheesyfries #yummy #dillifoodjunkie #mumbaifoodblogger #yummyinmytummy #delhifoodblogger #foodgasm #food #tasty #streetfood #pavbhaji #foodforlife #lifestyle #sodelhi Amity University,Noida",85,1,False,1534861103,5689462323,0
310,1852335378167776498,Bm00TZclETy,39803333_1174189139400439_982901178335494144_n.jpg,C:\Coding\projects\pavbhaji_model\machinelearningchallenge\dataset\dataset\images\0\39803333_1174189139400439_982901178335494144_n.jpg,0,"Dryfruits Thali 😋 (काजू, बदाम, मनुका, खारीक, अंजीर, चेरी, अक्रोड, पिस्ता व जर्दाळू)
.
.
.
.
#dryfruits #foodlovers #vadapav #panipuri #samosa #gulabjamun #kajukatli #bhelpuri #bhel #kachori #chivda #pavbhaji #pizza #masaladosa #idli #idlisambhar #jilebi #rasgulla #rasmalai #kulfi #icecream #bollywood_dost #breadpakoda #kandapoha #bhaji #bhaje #lassi #dabeli #dahipuri #sweets",,,#vadapav #icecream #rasmalai #kandapoha #bhaji #panipuri #dabeli #bhel #dryfruits #bollywood_dost #kachori #lassi #jilebi #foodlovers #breadpakoda #bhelpuri #sweets #masaladosa #idli #pizza #rasgulla #chivda #samosa #kulfi #bhaje #idlisambhar #dahipuri #pavbhaji #gulabjamun #kajukatli,,"Dryfruits Thali 😋 (काजू, बदाम, मनुका, खारीक, अंजीर, चेरी, अक्रोड, पिस्ता व जर्दाळू)
.
.
.
.
#dryfruits #foodlovers #vadapav #panipuri #samosa #gulabjamun #kajukatli #bhelpuri #bhel #kachori #chivda #pavbhaji #pizza #masaladosa #idli #idlisambhar #jilebi #rasgulla #rasmalai #kulfi #icecream #bollywood_dost #breadpakoda #kandapoha #bhaji #bhaje #lassi #dabeli #dahipuri #sweets #vadapav #icecream #rasmalai #kandapoha #bhaji #panipuri #dabeli #bhel #dryfruits #bollywood_dost #kachori #lassi #jilebi #foodlovers #breadpakoda #bhelpuri #sweets #masaladosa #idli #pizza #rasgulla #chivda #samosa #kulfi #bhaje #idlisambhar #dahipuri #pavbhaji #gulabjamun #kajukatli",411,1,False,1535035606,7900092108,0
409,1851486964228741426,BmxzZWZHtky,39968069_137904643808127_2254828092040284825_n.jpg,C:\Coding\projects\pavbhaji_model\machinelearningchallenge\dataset\dataset\images\1\39968069_137904643808127_2254828092040284825_n.jpg,1,"What- Pav Bhaji😋
▪
▪
Place - The brij restaurant near bhole petrol pump, Nagpur
▪
Price - Rs.90
▪
▪
Taste - 3/5 ▪
▪ 
Follow @food.delite➖➖@food.delite
▪
▪
▪
#pavbhaji#butter#pav#foodies#foodporn#nagpurians#nagpurbloggers#foodblog#indiandish#photography#bloggers#fooddelite",,,#nagpurians #indiandish #butter #pavbhaji #nagpurbloggers #fooddelite #pav #photography #foodporn #foodblog #foodies #bloggers,The Brij,"What- Pav Bhaji😋
▪
▪
Place - The brij restaurant near bhole petrol pump, Nagpur
▪
Price - Rs.90
▪
▪
Taste - 3/5 ▪
▪ 
Follow @food.delite➖➖@food.delite
▪
▪
▪
#pavbhaji#butter#pav#foodies#foodporn#nagpurians#nagpurbloggers#foodblog#indiandish#photography#bloggers#fooddelite #nagpurians #indiandish #butter #pavbhaji #nagpurbloggers #fooddelite #pav #photography #foodporn #foodblog #foodies #bloggers The Brij",60,2,False,1534934467,8075349835,0
275,1852694973348470446,Bm2GEMjll6u,39949996_254789531869848_7415430850960949248_n.jpg,C:\Coding\projects\pavbhaji_model\machinelearningchallenge\dataset\dataset\images\1\39949996_254789531869848_7415430850960949248_n.jpg,1,"Monsoon couldn't get better without street side pav bhaji 🌻
#pavbhaji #pavbhajiislove #monsoon #2",,,#pavbhaji #2 #monsoon #pavbhajiislove,,"Monsoon couldn't get better without street side pav bhaji 🌻
#pavbhaji #pavbhajiislove #monsoon #2 #pavbhaji #2 #monsoon #pavbhajiislove",14,0,False,1535078473,8479977511,0
440,1851326040326885646,BmxOzmVHVEO,39016589_320487838515048_2136615482365575168_n.jpg,C:\Coding\projects\pavbhaji_model\machinelearningchallenge\dataset\dataset\images\1\39016589_320487838515048_2136615482365575168_n.jpg,1,Pav Bhaji...!!! #saisamarthmess #pavbhaji #mess #khaana #food #foodporn #foodie #butter #pav #bhaji #tasty #foodgasm  #favourite #nasik,,,#butter #bhaji #food #tasty #foodgasm #foodie #khaana #favourite #pavbhaji #pav #foodporn #nasik #mess #saisamarthmess,Sharanpur Road Nasik,Pav Bhaji...!!! #saisamarthmess #pavbhaji #mess #khaana #food #foodporn #foodie #butter #pav #bhaji #tasty #foodgasm  #favourite #nasik #butter #bhaji #food #tasty #foodgasm #foodie #khaana #favourite #pavbhaji #pav #foodporn #nasik #mess #saisamarthmess Sharanpur Road Nasik,12,0,False,1534915283,8364036822,0
412,1851448440510126288,BmxqowYjpjQ,39613369_717554585273363_4089982487899234178_n.jpg,C:\Coding\projects\pavbhaji_model\machinelearningchallenge\dataset\dataset\images\0\39613369_717554585273363_4089982487899234178_n.jpg,0,"#midnightcravings ❤️❤️
✔️MANGO SHAKE
✔️PAV BAAJI
✔️DAHI PURI
✔️PANEER TAWA PULAO.
. 📍SAGAR CHAT 1846, Dr Rajkumar Rd, Mariappanapalya, Rajaji Nagar, Bengaluru, Karnataka 560021.
.
.
.
FOLLOW @foodzeee ❤️
.
.
.
#chaat #chaats #midnight #nightcravings #northindianfood #streetfood #india #bangalore #nightrestaurant #foodie#tawapulao#dahipuri #pavbhaji#instafood#mangoshake #instapic#Tuesday #instagram #love #likeforlike #foodporn #foodbloggers #foodzeee",,,#foodie #instapic #tawapulao #likeforlike #instafood #midnightcravings #foodporn #chaats #nightrestaurant #mangoshake #india #chaat #love #northindianfood #foodzeee #Tuesday #foodbloggers #nightcravings #dahipuri #instagram #streetfood #pavbhaji #bangalore #midnight,Rajajinagar,"#midnightcravings ❤️❤️
✔️MANGO SHAKE
✔️PAV BAAJI
✔️DAHI PURI
✔️PANEER TAWA PULAO.
. 📍SAGAR CHAT 1846, Dr Rajkumar Rd, Mariappanapalya, Rajaji Nagar, Bengaluru, Karnataka 560021.
.
.
.
FOLLOW @foodzeee ❤️
.
.
.
#chaat #chaats #midnight #nightcravings #northindianfood #streetfood #india #bangalore #nightrestaurant #foodie#tawapulao#dahipuri #pavbhaji#instafood#mangoshake #instapic#Tuesday #instagram #love #likeforlike #foodporn #foodbloggers #foodzeee #foodie #instapic #tawapulao #likeforlike #instafood #midnightcravings #foodporn #chaats #nightrestaurant #mangoshake #india #chaat #love #northindianfood #foodzeee #Tuesday #foodbloggers #nightcravings #dahipuri #instagram #streetfood #pavbhaji #bangalore #midnight Rajajinagar",102,2,False,1534929874,6482130776,0
371,1851743959753017172,Bmyt1IIDcdU,38871495_151191919126820_8932042014457780452_n.jpg,C:\Coding\projects\pavbhaji_model\machinelearningchallenge\dataset\dataset\images\1\38871495_151191919126820_8932042014457780452_n.jpg,1,"Regrann from @foodtalknoida -  Din ki shuruwaat garmaa garaam  teekhe-chatpate chole aur chutney main doobey hue samoso ke saath !! Saath main hai fry ki hui hari mirchi, aam ka achaar aur chutney wale laccha pyaaz aur thori si bhujia bhi !!! 😋😍 Super Duper hit combo !!👌 .
.
Aapka fav combo kya hai - Samose with chole & chutney or Chai samose ? Jaldi se like karo aur comment kar k btao . TAG ALL THE SAMOSA LOVERS.❤
.
.
.
follow @foodtalknoida .
.
.
.
.
#foodtalknoida #mondaymotivation #streetfood #samosa #chaat #indianfood #delhifood #delhifoodie #delhi #cholebhature #golgappe #pavbhaji #mumbaifoodie #mumbaikar #mumbaifood #mumbai #foodblogger #foodblogfeed #foodporn #foodphotography #eatingfortheinsta #eatlocal #followme #friedfood #comfortfood #vscocam #travelgram #foodshot #delhifoodblogger #zingyzest",,,#eatlocal #foodphotography #foodblogger #delhifoodie #mumbai #followme #mumbaifoodie #comfortfood #indianfood #foodblogfeed #friedfood #eatingfortheinsta #foodporn #zingyzest #cholebhature #golgappe #delhifood #foodtalknoida #chaat #foodshot #samosa #delhifoodblogger #mondaymotivation #mumbaifood #vscocam #streetfood #pavbhaji #travelgram #delhi #mumbaikar,,"Regrann from @foodtalknoida -  Din ki shuruwaat garmaa garaam  teekhe-chatpate chole aur chutney main doobey hue samoso ke saath !! Saath main hai fry ki hui hari mirchi, aam ka achaar aur chutney wale laccha pyaaz aur thori si bhujia bhi !!! 😋😍 Super Duper hit combo !!👌 .
.
Aapka fav combo kya hai - Samose with chole & chutney or Chai samose ? Jaldi se like karo aur comment kar k btao . TAG ALL THE SAMOSA LOVERS.❤
.
.
.
follow @foodtalknoida .
.
.
.
.
#foodtalknoida #mondaymotivation #streetfood #samosa #chaat #indianfood #delhifood #delhifoodie #delhi #cholebhature #golgappe #pavbhaji #mumbaifoodie #mumbaikar #mumbaifood #mumbai #foodblogger #foodblogfeed #foodporn #foodphotography #eatingfortheinsta #eatlocal #followme #friedfood #comfortfood #vscocam #travelgram #foodshot #delhifoodblogger #zingyzest #eatlocal #foodphotography #foodblogger #delhifoodie #mumbai #followme #mumbaifoodie #comfortfood #indianfood #foodblogfeed #friedfood #eatingfortheinsta #foodporn #zingyzest #cholebhature #golgappe #delhifood #foodtalknoida #chaat #foodshot #samosa #delhifoodblogger #mondaymotivation #mumbaifood #vscocam #streetfood #pavbhaji #travelgram #delhi #mumbaikar",19,0,False,1534965103,5416305368,0
73,1854549962409197751,Bm8r11vnUC3,39532414_287201668761430_6788071132722364416_n.jpg,C:\Coding\projects\pavbhaji_model\machinelearningchallenge\dataset\dataset\images\0\39532414_287201668761430_6788071132722364416_n.jpg,0,"Veg Sangrila
Price? @ Rs80/-
Where? ~Pola's harbor lounge

Credits: @md_fayaz_shaikh 📷

Want your Food features to be featured here?
Tag or Hashtag #foodsofballari on your food Pictures. If Ua Account is Private then DM/Insta Direct us your food Pictures.
-------------------------------------------
#foodsofballari #bestofballari #ballari #vegan #veg #pavbhaji #desifood #indianfood #foodgram #instagood #foodblogger #foodbloggers #foodreview #india #indiagram #ballaridaires #foodlove #instalove #instagood #food #foodheaven #yummy #instagramindia",,,#foodgram #ballaridaires #foodblogger #foodsofballari #indianfood #foodreview #foodlove #ballari #desifood #instagramindia #india #veg #yummy #instalove #foodbloggers #instagood #vegan #bestofballari #food #pavbhaji #indiagram #foodheaven,Pola's Harbour Lounge,"Veg Sangrila
Price? @ Rs80/-
Where? ~Pola's harbor lounge

Credits: @md_fayaz_shaikh 📷

Want your Food features to be featured here?
Tag or Hashtag #foodsofballari on your food Pictures. If Ua Account is Private then DM/Insta Direct us your food Pictures.
-------------------------------------------
#foodsofballari #bestofballari #ballari #vegan #veg #pavbhaji #desifood #indianfood #foodgram #instagood #foodblogger #foodbloggers #foodreview #india #indiagram #ballaridaires #foodlove #instalove #instagood #food #foodheaven #yummy #instagramindia #foodgram #ballaridaires #foodblogger #foodsofballari #indianfood #foodreview #foodlove #ballari #desifood #instagramindia #india #veg #yummy #instalove #foodbloggers #instagood #vegan #bestofballari #food #pavbhaji #indiagram #foodheaven Pola's Harbour Lounge",161,0,False,1535299605,5789991558,0
132,1853839682450891076,Bm6KV5_AiFE,39245142_239330526726011_3904646848597458944_n.jpg,C:\Coding\projects\pavbhaji_model\machinelearningchallenge\dataset\dataset\images\0\39245142_239330526726011_3904646848597458944_n.jpg,0,"World's Best Combo Ever 😍😋😍
.
.
Kya aapko ye pasand hai?
Tag your friends! 😊 .
.
.
.
__________
Follow @vibhu_kashyap
@vibhu_kashyap
@vibhu_kashyap
@vibhu_kashyap

Follow @vibhu_kashyap
Follow @vibhu_kashyap for more
Follow @vibhu_kashyap for more
Follow @vibhu_kashyap for more
.
.
.
.

#foodlovers #delhithali #mumbaithali #gujratithali #rajasthanithali #kokanthali #ardor2.1 #maharajathali #marathithali #maharashtrathali #marathifood #maharashtrafood #rajasthanifood #gujratifood #hydrabadithali #specialthali #bigthali #thalilovers #panipuri #bhel #bhelpuri #vadapav #pavbhaji #samosa #kolhapurithali #kolhapurifood #gulabjamun #pizza #pizzalovers #momos
__________
.
.",,,#vadapav #maharajathali #gujratifood #rajasthanithali #pizzalovers #panipuri #maharashtrathali #gujratithali #bhel #kolhapurithali #momos #marathithali #marathifood #delhithali #foodlovers #maharashtrafood #bigthali #hydrabadithali #kokanthali #thalilovers #bhelpuri #pizza #rajasthanifood #samosa #kolhapurifood #ardor2 #pavbhaji #gulabjamun #mumbaithali #specialthali,,"World's Best Combo Ever 😍😋😍
.
.
Kya aapko ye pasand hai?
Tag your friends! 😊 .
.
.
.
__________
Follow @vibhu_kashyap
@vibhu_kashyap
@vibhu_kashyap
@vibhu_kashyap

Follow @vibhu_kashyap
Follow @vibhu_kashyap for more
Follow @vibhu_kashyap for more
Follow @vibhu_kashyap for more
.
.
.
.

#foodlovers #delhithali #mumbaithali #gujratithali #rajasthanithali #kokanthali #ardor2.1 #maharajathali #marathithali #maharashtrathali #marathifood #maharashtrafood #rajasthanifood #gujratifood #hydrabadithali #specialthali #bigthali #thalilovers #panipuri #bhel #bhelpuri #vadapav #pavbhaji #samosa #kolhapurithali #kolhapurifood #gulabjamun #pizza #pizzalovers #momos
__________
.
. #vadapav #maharajathali #gujratifood #rajasthanithali #pizzalovers #panipuri #maharashtrathali #gujratithali #bhel #kolhapurithali #momos #marathithali #marathifood #delhithali #foodlovers #maharashtrafood #bigthali #hydrabadithali #kokanthali #thalilovers #bhelpuri #pizza #rajasthanifood #samosa #kolhapurifood #ardor2 #pavbhaji #gulabjamun #mumbaithali #specialthali",45,0,False,1535214933,1999574455,0
268,1852749525934711019,Bm2SeCnHKDr,39361447_532578197197041_8836765838515109888_n.jpg,C:\Coding\projects\pavbhaji_model\machinelearningchallenge\dataset\dataset\images\0\39361447_532578197197041_8836765838515109888_n.jpg,0,"Make your move 😛 Bread Pakora or Samosa ❤️
.
.
.
.
.
.
.
.
.
.
.
. 
#marathi #sodelhi #delhidiaries #puneinstagrammers #indiapictures #delhi_igers #delhi #kolkatadiaries #delhigram #mumbaifoodie #newdelhi #mumbai #mumbaidiaries #maharashtra #pune #vadapav #golgappa #maharashtra_ig #mumbaikar #indianfood #cheese #sandwich #samsungs8 #cheesesandwich #kolkata #pavbhaji #mumbai_igers #punediaries #iphone8",,,#vadapav #mumbai #puneinstagrammers #mumbaifoodie #newdelhi #maharashtra #kolkatadiaries #indianfood #mumbaidiaries #iphone8 #delhidiaries #golgappa #cheesesandwich #cheese #punediaries #mumbai_igers #maharashtra_ig #sandwich #pune #samsungs8 #indiapictures #kolkata #delhigram #pavbhaji #delhi #delhi_igers #sodelhi #mumbaikar #marathi,"Connaught Place - CP,Delhi","Make your move 😛 Bread Pakora or Samosa ❤️
.
.
.
.
.
.
.
.
.
.
.
. 
#marathi #sodelhi #delhidiaries #puneinstagrammers #indiapictures #delhi_igers #delhi #kolkatadiaries #delhigram #mumbaifoodie #newdelhi #mumbai #mumbaidiaries #maharashtra #pune #vadapav #golgappa #maharashtra_ig #mumbaikar #indianfood #cheese #sandwich #samsungs8 #cheesesandwich #kolkata #pavbhaji #mumbai_igers #punediaries #iphone8 #vadapav #mumbai #puneinstagrammers #mumbaifoodie #newdelhi #maharashtra #kolkatadiaries #indianfood #mumbaidiaries #iphone8 #delhidiaries #golgappa #cheesesandwich #cheese #punediaries #mumbai_igers #maharashtra_ig #sandwich #pune #samsungs8 #indiapictures #kolkata #delhigram #pavbhaji #delhi #delhi_igers #sodelhi #mumbaikar #marathi Connaught Place - CP,Delhi",5120,19,False,1535084976,6046055157,0
247,1852925507949981802,Bm26e6onnBq,39578041_1719578684821572_63870033457053696_n.jpg,C:\Coding\projects\pavbhaji_model\machinelearningchallenge\dataset\dataset\images\1\39578041_1719578684821572_63870033457053696_n.jpg,1,"Pav bhaji in our lunch today 😍😍
Had these at New kadimi restaurant ❤
Let us know in the comments what you guys are having 😃
.
.
Follow @thefizzlinggourmets ❤
Follow @thefizzlinggourmets ❤
.
.
Use #thefizzlinggourmets ❤
.
.
#lunch #pavbhaji #lunchideas #lunchtime #street #streetfood #foodvasco #foodporn #indianfood #tastyfood #delicious #tasty #tempting #delhi #delhifood #newdelhi #zingyzest #sodelhi #20likes #foodpic #chefmode #f52grams #eeeeats #comment4comment #lgtian #ncr #delhincr #foodblogger #indiansnacks",,,#lunchtime #sodelhi #delhincr #foodblogger #newdelhi #indiansnacks #delicious #indianfood #lunch #f52grams #foodporn #zingyzest #lgtian #chefmode #foodvasco #delhifood #thefizzlinggourmets #ncr #street #eeeeats #tastyfood #foodpic #tasty #lunchideas #streetfood #pavbhaji #tempting #comment4comment #delhi #20likes,Janakpuri East metro station,"Pav bhaji in our lunch today 😍😍
Had these at New kadimi restaurant ❤
Let us know in the comments what you guys are having 😃
.
.
Follow @thefizzlinggourmets ❤
Follow @thefizzlinggourmets ❤
.
.
Use #thefizzlinggourmets ❤
.
.
#lunch #pavbhaji #lunchideas #lunchtime #street #streetfood #foodvasco #foodporn #indianfood #tastyfood #delicious #tasty #tempting #delhi #delhifood #newdelhi #zingyzest #sodelhi #20likes #foodpic #chefmode #f52grams #eeeeats #comment4comment #lgtian #ncr #delhincr #foodblogger #indiansnacks #lunchtime #sodelhi #delhincr #foodblogger #newdelhi #indiansnacks #delicious #indianfood #lunch #f52grams #foodporn #zingyzest #lgtian #chefmode #foodvasco #delhifood #thefizzlinggourmets #ncr #street #eeeeats #tastyfood #foodpic #tasty #lunchideas #streetfood #pavbhaji #tempting #comment4comment #delhi #20likes Janakpuri East metro station",182,10,False,1535105955,6767081892,0
226,1853061905012527065,Bm3ZfwTFI_Z,39316531_224813738384729_6410386303010996224_n.jpg,C:\Coding\projects\pavbhaji_model\machinelearningchallenge\dataset\dataset\images\0\39316531_224813738384729_6410386303010996224_n.jpg,0,"Daal Makhani with Butter Naan 😋😋 (Punjabi Dish) @bollywood_dost
.
.
.
.
#daalmakhani #foodlovers #vadapav #panipuri #samosa #gulabjamun #kajukatli #bhelpuri #bhel #kachori #chivda #pavbhaji #pizza #masaladosa #idli #idlisambhar #jilebi #rasgulla #rasmalai #bollywood_dost #breadpakoda #kandapoha #bhaji #bhaje #lassi #dabeli #dahipuri #cholebhature #punjabifood #punjabidishes",,,#vadapav #bhaji #rasmalai #kandapoha #panipuri #dabeli #bhel #bollywood_dost #kachori #lassi #jilebi #cholebhature #breadpakoda #foodlovers #bhelpuri #masaladosa #idli #pizza #chivda #samosa #rasgulla #bhaje #idlisambhar #dahipuri #punjabidishes #pavbhaji #gulabjamun #punjabifood #daalmakhani #kajukatli,,"Daal Makhani with Butter Naan 😋😋 (Punjabi Dish) @bollywood_dost
.
.
.
.
#daalmakhani #foodlovers #vadapav #panipuri #samosa #gulabjamun #kajukatli #bhelpuri #bhel #kachori #chivda #pavbhaji #pizza #masaladosa #idli #idlisambhar #jilebi #rasgulla #rasmalai #bollywood_dost #breadpakoda #kandapoha #bhaji #bhaje #lassi #dabeli #dahipuri #cholebhature #punjabifood #punjabidishes #vadapav #bhaji #rasmalai #kandapoha #panipuri #dabeli #bhel #bollywood_dost #kachori #lassi #jilebi #cholebhature #breadpakoda #foodlovers #bhelpuri #masaladosa #idli #pizza #chivda #samosa #rasgulla #bhaje #idlisambhar #dahipuri #punjabidishes #pavbhaji #gulabjamun #punjabifood #daalmakhani #kajukatli",176,0,False,1535122214,7900092108,0
130,1853844761065355364,Bm6Lfz0BPhk,39087515_263865030911355_4845702495575474176_n.jpg,C:\Coding\projects\pavbhaji_model\machinelearningchallenge\dataset\dataset\images\0\39087515_263865030911355_4845702495575474176_n.jpg,0,"Gluten-free, Vegan and Vegetarian Authentic Indian Foods #thali #spicyfood #studentdeals #bristoluni #stillhungry #streetfood #indianfood #vegan #vegetarian #cothamhill #clifton #chaipanibristol #foodie #foodlover #foodporn #food #takeaway #restaurants #indianrestaurant #curry #indiancurry #freshspices #freshfood #glutenfreefood #veganfood #vegetarianfood #chaipanibristol #keemapav #panipuri #pavbhaji #cholebhature",,,#chaipanibristol #panipuri #foodie #indianfood #freshspices #clifton #foodlover #spicyfood #restaurants #vegetarianfood #thali #vegetarian #stillhungry #foodporn #cholebhature #glutenfreefood #keemapav #bristoluni #freshfood #cothamhill #takeaway #indianrestaurant #indiancurry #studentdeals #veganfood #vegan #food #streetfood #pavbhaji #curry,,"Gluten-free, Vegan and Vegetarian Authentic Indian Foods #thali #spicyfood #studentdeals #bristoluni #stillhungry #streetfood #indianfood #vegan #vegetarian #cothamhill #clifton #chaipanibristol #foodie #foodlover #foodporn #food #takeaway #restaurants #indianrestaurant #curry #indiancurry #freshspices #freshfood #glutenfreefood #veganfood #vegetarianfood #chaipanibristol #keemapav #panipuri #pavbhaji #cholebhature #chaipanibristol #panipuri #foodie #indianfood #freshspices #clifton #foodlover #spicyfood #restaurants #vegetarianfood #thali #vegetarian #stillhungry #foodporn #cholebhature #glutenfreefood #keemapav #bristoluni #freshfood #cothamhill #takeaway #indianrestaurant #indiancurry #studentdeals #veganfood #vegan #food #streetfood #pavbhaji #curry",17,1,False,1535215538,3591606987,0
178,1853565689844815440,Bm5MCyfDVZQ,38920096_311878426236208_4659806582903668736_n.jpg,C:\Coding\projects\pavbhaji_model\machinelearningchallenge\dataset\dataset\images\1\38920096_311878426236208_4659806582903668736_n.jpg,1,#pavbhaji #indianstreetfood❤️,,,#pavbhaji #❤️,Lajpat Nagar Market New Delhi,#pavbhaji #indianstreetfood❤️ #pavbhaji #❤️ Lajpat Nagar Market New Delhi,45,0,False,1535182270,4215065551,0
93,1854345531788616985,Bm79W-5F-UZ,39582774_239219160127263_4717014739832537088_n.jpg,C:\Coding\projects\pavbhaji_model\machinelearningchallenge\dataset\dataset\images\0\39582774_239219160127263_4717014739832537088_n.jpg,0,"VEG PAV BHAJI 😋
Place : @timesssquare
Location : TimessSquare,Near Yogi Nagar, Borivali West

Follow @mumbaifoodblogger_ to know more about food and travel in Mumbai
Use #mumbaifoodblogger or dm to get featured
#mumbaifoodie #mumbaifoodblogger#mumbai#pavbhaji#yummy#tasty#unbeatable#rakhidaytoday#mumbaichafoodies#foodiesengage",,,#mumbaifoodblogger #mumbaichafoodies #foodiesengage #mumbai #tasty #mumbaifoodie #pavbhaji #rakhidaytoday #yummy #unbeatable,Timess Square,"VEG PAV BHAJI 😋
Place : @timesssquare
Location : TimessSquare,Near Yogi Nagar, Borivali West

Follow @mumbaifoodblogger_ to know more about food and travel in Mumbai
Use #mumbaifoodblogger or dm to get featured
#mumbaifoodie #mumbaifoodblogger#mumbai#pavbhaji#yummy#tasty#unbeatable#rakhidaytoday#mumbaichafoodies#foodiesengage #mumbaifoodblogger #mumbaichafoodies #foodiesengage #mumbai #tasty #mumbaifoodie #pavbhaji #rakhidaytoday #yummy #unbeatable Timess Square",196,13,False,1535275235,1114774470,0
136,1853805641003432528,Bm6Cmian_pQ,38782333_645509479168407_1138066728853438464_n.jpg,C:\Coding\projects\pavbhaji_model\machinelearningchallenge\dataset\dataset\images\0\38782333_645509479168407_1138066728853438464_n.jpg,0,"Tried Something New😋
The Panipuri Ice cream ✌️
.
.
.
Costing 60Rs
Rating 4.5/5
.
.
.
#fried #punefoodie #fastfood #golgappa #fish #manchowsoup #halffry #foodgasm #rasgulla #vegetarian #l #makananindia #pavbhaji #snackindia #egg #laddu #jalebi #soanpapdi #manisanindia #delicious #panipurilovers #delhi #foodblogger #india #chocolate #bhelpuri #indianstreetfood #bengaluru #instafood #icecream",,,#punefoodie #panipurilovers #icecream #foodblogger #indianstreetfood #manchowsoup #delicious #fish #l #manisanindia #vegetarian #golgappa #instafood #fastfood #fried #egg #halffry #india #bhelpuri #laddu #soanpapdi #makananindia #rasgulla #jalebi #pavbhaji #snackindia #delhi #bengaluru #foodgasm #chocolate,Prabhu Ice Cream,"Tried Something New😋
The Panipuri Ice cream ✌️
.
.
.
Costing 60Rs
Rating 4.5/5
.
.
.
#fried #punefoodie #fastfood #golgappa #fish #manchowsoup #halffry #foodgasm #rasgulla #vegetarian #l #makananindia #pavbhaji #snackindia #egg #laddu #jalebi #soanpapdi #manisanindia #delicious #panipurilovers #delhi #foodblogger #india #chocolate #bhelpuri #indianstreetfood #bengaluru #instafood #icecream #punefoodie #panipurilovers #icecream #foodblogger #indianstreetfood #manchowsoup #delicious #fish #l #manisanindia #vegetarian #golgappa #instafood #fastfood #fried #egg #halffry #india #bhelpuri #laddu #soanpapdi #makananindia #rasgulla #jalebi #pavbhaji #snackindia #delhi #bengaluru #foodgasm #chocolate Prabhu Ice Cream",178,3,False,1535210875,8451312966,0
43,1855057930723253042,Bm-fVwGh9sy,38863754_370302836839339_7359823123400622080_n.jpg,C:\Coding\projects\pavbhaji_model\machinelearningchallenge\dataset\dataset\images\0\38863754_370302836839339_7359823123400622080_n.jpg,0,"Craving for Pav bhaji but afraid from calories . This is the only solution no compromise with taste only change Little ingredients. .
Healthy Pav Bhaji .
.
Recipe link in bio .
What’s your health mantra? 
_________________________________________
Follow : @fusioncookingbybavika 
Follow : @fusioncookingbybavika 
Turn on notifications for more updates 
__________________________________________
#pavbhaji #pavbhajifondue #fusioncookingbybavika #healthyfood #healthylifestyle #healthyrecipes #photographyoftheday #gharkakhana #mumbaistreetfood #fusion #delhi_gram #cheflife #cooking #ludhiana #jaipur #favourite #foodie #eeeeeats #aasam #streetfood #chandigarh",,,#mumbaistreetfood #delhi_gram #healthyfood #aasam #chandigarh #foodie #cooking #photographyoftheday #fusioncookingbybavika #jaipur #healthyrecipes #fusion #pavbhajifondue #ludhiana #favourite #eeeeeats #streetfood #pavbhaji #cheflife #healthylifestyle #gharkakhana,"Ludhiana, Punjab, India","Craving for Pav bhaji but afraid from calories . This is the only solution no compromise with taste only change Little ingredients. .
Healthy Pav Bhaji .
.
Recipe link in bio .
What’s your health mantra? 
_________________________________________
Follow : @fusioncookingbybavika 
Follow : @fusioncookingbybavika 
Turn on notifications for more updates 
__________________________________________
#pavbhaji #pavbhajifondue #fusioncookingbybavika #healthyfood #healthylifestyle #healthyrecipes #photographyoftheday #gharkakhana #mumbaistreetfood #fusion #delhi_gram #cheflife #cooking #ludhiana #jaipur #favourite #foodie #eeeeeats #aasam #streetfood #chandigarh #mumbaistreetfood #delhi_gram #healthyfood #aasam #chandigarh #foodie #cooking #photographyoftheday #fusioncookingbybavika #jaipur #healthyrecipes #fusion #pavbhajifondue #ludhiana #favourite #eeeeeats #streetfood #pavbhaji #cheflife #healthylifestyle #gharkakhana Ludhiana, Punjab, India",134,2,False,1535360159,5698826487,0
195,1853449131546977722,Bm4xipHHSW6,39196101_885113841684471_682846636958810112_n.jpg,C:\Coding\projects\pavbhaji_model\machinelearningchallenge\dataset\dataset\images\1\39196101_885113841684471_682846636958810112_n.jpg,1,"Cheese Pav Bhaji from Crunchy Munchy for ₹ 60. 🔥
.
@chennaifoooodframe
.
#foodblogger #chennaiblogger #foodtalkindia #foodporn #foodgasm #foodtalk #foooodframe #foodguide #instafood #foodie #foodaddict #foodoftheday #foodmood #foodaholic #foodinframe #foodiegram #chennaifood #chennaifoodie #indianfood #foodphotography #framedbykaushikvoora
#pavbhaji #cheese #streetfood #tasty #yummy #foodaholic",,,#framedbykaushikvoora #foodphotography #foodblogger #foodguide #foodie #foodaholic #foodaddict #chennaifood #indianfood #instafood #foodporn #chennaiblogger #cheese #foodtalk #chennaifoodie #foodiegram #foodinframe #foodmood #yummy #foooodframe #tasty #foodoftheday #streetfood #pavbhaji #foodtalkindia #foodgasm,,"Cheese Pav Bhaji from Crunchy Munchy for ₹ 60. 🔥
.
@chennaifoooodframe
.
#foodblogger #chennaiblogger #foodtalkindia #foodporn #foodgasm #foodtalk #foooodframe #foodguide #instafood #foodie #foodaddict #foodoftheday #foodmood #foodaholic #foodinframe #foodiegram #chennaifood #chennaifoodie #indianfood #foodphotography #framedbykaushikvoora
#pavbhaji #cheese #streetfood #tasty #yummy #foodaholic #framedbykaushikvoora #foodphotography #foodblogger #foodguide #foodie #foodaholic #foodaddict #chennaifood #indianfood #instafood #foodporn #chennaiblogger #cheese #foodtalk #chennaifoodie #foodiegram #foodinframe #foodmood #yummy #foooodframe #tasty #foodoftheday #streetfood #pavbhaji #foodtalkindia #foodgasm",142,5,False,1535168375,7796331928,0
184,1853519534724580324,Bm5BjJLgYPk,39330466_2160799810911704_1070067080046313472_n.jpg,C:\Coding\projects\pavbhaji_model\machinelearningchallenge\dataset\dataset\images\1\39330466_2160799810911704_1070067080046313472_n.jpg,1,"Breakfast time.......My All Time favorite food ""PAV BHAJI"" 😍
.
.
.
FOLLOW @kitchen_anjali For more delicious food pictures ✨😎
.
.
.
#breakfast #pavbhaji #foodpics #veganrecipes #veganfoodshare #foodstyle #foodlover #cookingtime🍴 #loveit❤️ #lovely_day #instataste #instatastyfood #instapicture #instafood #instastyle #instapost #foodisbae #foodiegram #gobble #nomnom #streetfood #yumilashes #cookingwithlove #cookingphotography #foodphotography 💫",,,#foodphotography #foodpics #instapicture #foodlover #foodisbae #instapost #instafood #gobble #nomnom #cookingtime #❤️ #instastyle #cookingphotography #instataste #instatastyfood #foodiegram #veganrecipes #breakfast #veganfoodshare #foodstyle #cookingwithlove #streetfood #pavbhaji #lovely_day #yumilashes,Thane,"Breakfast time.......My All Time favorite food ""PAV BHAJI"" 😍
.
.
.
FOLLOW @kitchen_anjali For more delicious food pictures ✨😎
.
.
.
#breakfast #pavbhaji #foodpics #veganrecipes #veganfoodshare #foodstyle #foodlover #cookingtime🍴 #loveit❤️ #lovely_day #instataste #instatastyfood #instapicture #instafood #instastyle #instapost #foodisbae #foodiegram #gobble #nomnom #streetfood #yumilashes #cookingwithlove #cookingphotography #foodphotography 💫 #foodphotography #foodpics #instapicture #foodlover #foodisbae #instapost #instafood #gobble #nomnom #cookingtime #❤️ #instastyle #cookingphotography #instataste #instatastyfood #foodiegram #veganrecipes #breakfast #veganfoodshare #foodstyle #cookingwithlove #streetfood #pavbhaji #lovely_day #yumilashes Thane",49,8,False,1535176768,7189534837,0
473,1850942482381932185,Bmv3mGKDgaZ,38992941_305249336720648_647489851997814784_n.jpg,C:\Coding\projects\pavbhaji_model\machinelearningchallenge\dataset\dataset\images\1\38992941_305249336720648_647489851997814784_n.jpg,1,#pavbhaji #cookedbyme,,,#pavbhaji #cookedbyme,,#pavbhaji #cookedbyme #pavbhaji #cookedbyme,46,9,False,1534869560,1008776253,0
86,1854477555936063658,Bm8bYL9gPCq,39175544_234571327252093_5807894617214943232_n.jpg,C:\Coding\projects\pavbhaji_model\machinelearningchallenge\dataset\dataset\images\1\39175544_234571327252093_5807894617214943232_n.jpg,1,#pavbhaji#mangalore,,,#pavbhaji #mangalore,,#pavbhaji#mangalore #pavbhaji #mangalore,32,0,False,1535290973,6169932377,0
75,1854543280017052302,Bm8qUmSARKO,39300575_158478598364197_1921959015696909771_n.jpg,C:\Coding\projects\pavbhaji_model\machinelearningchallenge\dataset\dataset\images\0\39300575_158478598364197_1921959015696909771_n.jpg,0,"@serve_india  please get this beauty to Chandigarh soon 🤤.
.
.
Waiting for it .
.
At present they are serving in sector 37 noida.
.
.
.
.
..
#pavbhaji #dwarka#chandigarhfoodblogger#chandigarhblogger #heydelhi #delhifoodblogger#foodtalkindia #zingyzest #vforveggie #foodmaniacindia#dillifoodies #saadidilli #mumbaifoodies #dilsefoodie#trellingfood #indianfoodie #desikhana #indianfoodblogger#hungrydilliwaali #grubzone #delhifoodwalks #mumbaiigers#indianstreetfood #delhifoodguide #saadidilli #sodelhi#delhitimes #delhibloggers #delhistreetfood #mumbaistreetfood

@thegirlinphulkari 
@thefooddestination 
@the__unknown_photographer 
@foodiebaniya 
@platetoplate.fromours.toyours 
@coupleonbike 
@brunchbabeindia",,,#mumbaistreetfood #foodmaniacindia #mumbaiigers #indianfoodie #indianstreetfood #vforveggie #chandigarhblogger #saadidilli #chandigarhfoodblogger #grubzone #mumbaifoodies #zingyzest #delhibloggers #delhifoodwalks #dillifoodies #hungrydilliwaali #indianfoodblogger #delhitimes #delhifoodblogger #dwarka #desikhana #delhistreetfood #heydelhi #pavbhaji #dilsefoodie #foodtalkindia #delhifoodguide #trellingfood #sodelhi,Serve,"@serve_india  please get this beauty to Chandigarh soon 🤤.
.
.
Waiting for it .
.
At present they are serving in sector 37 noida.
.
.
.
.
..
#pavbhaji #dwarka#chandigarhfoodblogger#chandigarhblogger #heydelhi #delhifoodblogger#foodtalkindia #zingyzest #vforveggie #foodmaniacindia#dillifoodies #saadidilli #mumbaifoodies #dilsefoodie#trellingfood #indianfoodie #desikhana #indianfoodblogger#hungrydilliwaali #grubzone #delhifoodwalks #mumbaiigers#indianstreetfood #delhifoodguide #saadidilli #sodelhi#delhitimes #delhibloggers #delhistreetfood #mumbaistreetfood

@thegirlinphulkari 
@thefooddestination 
@the__unknown_photographer 
@foodiebaniya 
@platetoplate.fromours.toyours 
@coupleonbike 
@brunchbabeindia #mumbaistreetfood #foodmaniacindia #mumbaiigers #indianfoodie #indianstreetfood #vforveggie #chandigarhblogger #saadidilli #chandigarhfoodblogger #grubzone #mumbaifoodies #zingyzest #delhibloggers #delhifoodwalks #dillifoodies #hungrydilliwaali #indianfoodblogger #delhitimes #delhifoodblogger #dwarka #desikhana #delhistreetfood #heydelhi #pavbhaji #dilsefoodie #foodtalkindia #delhifoodguide #trellingfood #sodelhi Serve",177,19,False,1535298808,315459022,0
455,1851016724867184316,BmwIed3A_a8,39256763_327326047842211_4279009860407787520_n.jpg,C:\Coding\projects\pavbhaji_model\machinelearningchallenge\dataset\dataset\images\0\39256763_327326047842211_4279009860407787520_n.jpg,0,"Pav bhaji😋😋
Catering order for 80 pax done✌
Conatct us for all types of catering orders.packages available from 99 rs. Only. 
#food #punjabi_food #pavbhaji #nigdipradhikaran #nigdifoodies #chinesefood #maharashtrian_food",,,#chinesefood #food #nigdipradhikaran #punjabi_food #pavbhaji #maharashtrian_food #nigdifoodies,Moshi Pradikaran Spine road.,"Pav bhaji😋😋
Catering order for 80 pax done✌
Conatct us for all types of catering orders.packages available from 99 rs. Only. 
#food #punjabi_food #pavbhaji #nigdipradhikaran #nigdifoodies #chinesefood #maharashtrian_food #chinesefood #food #nigdipradhikaran #punjabi_food #pavbhaji #maharashtrian_food #nigdifoodies Moshi Pradikaran Spine road.",73,0,False,1534878410,4094889607,0
240,1852975584096804517,Bm3F3nrj96l,39323079_521736231618531_3336280529099030528_n.jpg,C:\Coding\projects\pavbhaji_model\machinelearningchallenge\dataset\dataset\images\0\39323079_521736231618531_3336280529099030528_n.jpg,0,"#dink #laddu
@blowbudgetfoodie .
.
.
.
.
.
.
.
.
.
.
.
.
.
.
.
.
.
.

#tastypune #tasty_pune
#pune #puneroodblogger #punefoodie #puneri #punekar #puneinstagrammers #pune_ig #punediaries #punediaries #punefood #puneclickarts #punecity #punenightlife #puneblogger #punefashionblogger #punefashion #superbamozo
#punepartypeople #mumbaiblogger #sukanta #sukantathali #pavbhaji",,,#punefoodie #superbamozo #puneinstagrammers #sukanta #punepartypeople #punenightlife #pune_ig #puneroodblogger #punecity #dink #punediaries #pune #tastypune #mumbaiblogger #punefashionblogger #punefood #laddu #sukantathali #punekar #punefashion #puneclickarts #puneri #pavbhaji #puneblogger #tasty_pune,PRADEEP SWEETS,"#dink #laddu
@blowbudgetfoodie .
.
.
.
.
.
.
.
.
.
.
.
.
.
.
.
.
.
.

#tastypune #tasty_pune
#pune #puneroodblogger #punefoodie #puneri #punekar #puneinstagrammers #pune_ig #punediaries #punediaries #punefood #puneclickarts #punecity #punenightlife #puneblogger #punefashionblogger #punefashion #superbamozo
#punepartypeople #mumbaiblogger #sukanta #sukantathali #pavbhaji #punefoodie #superbamozo #puneinstagrammers #sukanta #punepartypeople #punenightlife #pune_ig #puneroodblogger #punecity #dink #punediaries #pune #tastypune #mumbaiblogger #punefashionblogger #punefood #laddu #sukantathali #punekar #punefashion #puneclickarts #puneri #pavbhaji #puneblogger #tasty_pune PRADEEP SWEETS",387,40,False,1535111924,323326652,0
250,1852900084578826467,Bm20s9RnLjj,39486350_1569062383199479_393466214594117632_n.jpg,C:\Coding\projects\pavbhaji_model\machinelearningchallenge\dataset\dataset\images\0\39486350_1569062383199479_393466214594117632_n.jpg,0,"Mumbaiya style bhaji with 🍞 ❤️
.
.
.
#foodiesaffair#pavbhaji#bhaji#bread#mumbai#spicy",,,#foodiesaffair #bhaji #mumbai #bread #pavbhaji #spicy,,"Mumbaiya style bhaji with 🍞 ❤️
.
.
.
#foodiesaffair#pavbhaji#bhaji#bread#mumbai#spicy #foodiesaffair #bhaji #mumbai #bread #pavbhaji #spicy",84,0,False,1535102924,4322377179,0
198,1853359621442297259,Bm4dMGVHt2r,37547380_590717941330679_2948301590492086272_n.jpg,C:\Coding\projects\pavbhaji_model\machinelearningchallenge\dataset\dataset\images\0\37547380_590717941330679_2948301590492086272_n.jpg,0,"Starting my weekend with these tiny little samosa's😍
.  Aren't they cute? .
.Follow @rassasy_delight for more 😍
. .
.
. .
.
#samosa #noida #delhigram #kerala #delhidiaries #delhi #delhi_igers #waiwai #somumbai #sodelhi #bengaluru  #mumbaidiaries #kolkata #sokolkata #delhifoodblogger #panipuri #kolkatadiaries #pavbhaji #kolkatagram #westbengal #delhifoodie #nepal #mumbaifoodie #mumbai #golgappe #golgappa #indianfood #biriyani #chicken",,,#westbengal #delhifoodie #mumbai #sokolkata #panipuri #mumbaifoodie #kolkatadiaries #waiwai #indianfood #chicken #mumbaidiaries #delhidiaries #golgappa #kolkatagram #golgappe #kerala #nepal #samosa #delhifoodblogger #somumbai #kolkata #biriyani #delhigram #pavbhaji #delhi #bengaluru #noida #delhi_igers #sodelhi,"Noida, India","Starting my weekend with these tiny little samosa's😍
.  Aren't they cute? .
.Follow @rassasy_delight for more 😍
. .
.
. .
.
#samosa #noida #delhigram #kerala #delhidiaries #delhi #delhi_igers #waiwai #somumbai #sodelhi #bengaluru  #mumbaidiaries #kolkata #sokolkata #delhifoodblogger #panipuri #kolkatadiaries #pavbhaji #kolkatagram #westbengal #delhifoodie #nepal #mumbaifoodie #mumbai #golgappe #golgappa #indianfood #biriyani #chicken #westbengal #delhifoodie #mumbai #sokolkata #panipuri #mumbaifoodie #kolkatadiaries #waiwai #indianfood #chicken #mumbaidiaries #delhidiaries #golgappa #kolkatagram #golgappe #kerala #nepal #samosa #delhifoodblogger #somumbai #kolkata #biriyani #delhigram #pavbhaji #delhi #bengaluru #noida #delhi_igers #sodelhi Noida, India",1096,10,False,1535157705,7747357765,0
358,1852013556795579703,BmzrIR8Ah03,38852550_708508392874590_8564982034601082880_n.jpg,C:\Coding\projects\pavbhaji_model\machinelearningchallenge\dataset\dataset\images\0\38852550_708508392874590_8564982034601082880_n.jpg,0,"Tag someone who loves Desi chinese food 😍 ✨✨✨✨❤️
.
.
.
Regram from @vibhu_kashyap
.
Follow @vibhu_kashyap
Follow @vibhu_kashyap for more
Follow @vibhu_kashyap for more
Follow @vibhu_kashyap for more
.
.
.
.

#foodlovers #delhithali #mumbaithali #gujratithali #rajasthanithali #kokanthali #ardor2.1 #maharajathali #marathithali #maharashtrathali #marathifood #maharashtrafood #rajasthanifood #gujratifood #hydrabadithali #specialthali #bigthali #thalilovers #panipuri #bhel #bhelpuri #vadapav #pavbhaji #samosa #kolhapurithali #kolhapurifood #gulabjamun #pizza #pizzalovers #masaladosa",,,#vadapav #maharajathali #gujratifood #rajasthanithali #pizzalovers #panipuri #maharashtrathali #gujratithali #bhel #kolhapurithali #marathithali #marathifood #delhithali #foodlovers #maharashtrafood #bigthali #hydrabadithali #kokanthali #thalilovers #bhelpuri #masaladosa #pizza #rajasthanifood #samosa #kolhapurifood #ardor2 #pavbhaji #gulabjamun #mumbaithali #specialthali,,"Tag someone who loves Desi chinese food 😍 ✨✨✨✨❤️
.
.
.
Regram from @vibhu_kashyap
.
Follow @vibhu_kashyap
Follow @vibhu_kashyap for more
Follow @vibhu_kashyap for more
Follow @vibhu_kashyap for more
.
.
.
.

#foodlovers #delhithali #mumbaithali #gujratithali #rajasthanithali #kokanthali #ardor2.1 #maharajathali #marathithali #maharashtrathali #marathifood #maharashtrafood #rajasthanifood #gujratifood #hydrabadithali #specialthali #bigthali #thalilovers #panipuri #bhel #bhelpuri #vadapav #pavbhaji #samosa #kolhapurithali #kolhapurifood #gulabjamun #pizza #pizzalovers #masaladosa #vadapav #maharajathali #gujratifood #rajasthanithali #pizzalovers #panipuri #maharashtrathali #gujratithali #bhel #kolhapurithali #marathithali #marathifood #delhithali #foodlovers #maharashtrafood #bigthali #hydrabadithali #kokanthali #thalilovers #bhelpuri #masaladosa #pizza #rajasthanifood #samosa #kolhapurifood #ardor2 #pavbhaji #gulabjamun #mumbaithali #specialthali",72,5,False,1534997242,1999574455,0
246,1852929533439795142,Bm27Zfqgl_G,39011827_482485708886631_6388908971154997248_n.jpg,C:\Coding\projects\pavbhaji_model\machinelearningchallenge\dataset\dataset\images\0\39011827_482485708886631_6388908971154997248_n.jpg,0,"Think life a Queen, a Queen isnt afraid to fall❤️🎂
•
•
•
•
•
#food #foodporn #foodie #comfortfood #tasty #vadilal #happiness #yummyfood #jodhpur #corn #foodstagram #foodielife #deliciousness @jodhpurfoodie @jodhpur_foodie_cafes @foodmaniacindia @foodiesofindia  @thecrazyindianfoodie  @thecrazyindianfoodie @jodhpurfoodworld @desserts.opassion @mumbaifoodcrush @therawtextures @hey.delhi  @hey.mumbai @hungrychokro_escapades @splendideats  @hungrito#food #foodporn #foodie #comfortfood #tasty #vadilal #happiness #like4like #followforfollow #fff #yummyfood #jodhpur #corn #foodstagram #repostit #repostiftagged #foodielife #deliciousness @jodhpurfoodie @jodhpur_foodie_cafes @foodmaniacindia @foodiesofindia @thecrazyindianfoodie  @thecrazyindianfoodie@thecrazyindianfoodie  @thecrazyindianfoodie @jodhpurfoodworld @desserts.passion @mumbaifoodcrush @therawtextures @hey.delhi  @cakebakerybeauty  @food_first_always @foodjournal_mumbai @buzzfeedfood @foodyvid @foodys @foodelhi @wearegurgaon_ @thepunefoodie @foodiefrombombay  @lighthouse_foodie  @foodievid @hungrito @manchibaba@manchibaba @thefoodpunch @splendideats @foodofgoa #pavbhaji @food_ys#food #foodporn #foodie #comfortfood #tasty #vadilal #happiness #yummyfood #jodhpur #corn #foodstagram #foodielife #deliciousness @jodhpurfoodie @jodhpur_foodie_cafes @foodmaniacindia @foodiesofindia  @thecrazyindianfoodie  @thecrazyindianfoodie @jodhpurfoodworld @desserts.passion @mumbaifoodcrush @therawtextures @hey.delhi  @hey.mumbai @hungrychokro_escapades @splendideats  @hungrito @ashokala_design @bricks_restaurant_n_bakers",,,#repostit #fff #vadilal #food #tasty #deliciousness #happiness #foodie #corn #repostiftagged #pavbhaji #yummyfood #comfortfood #foodporn #followforfollow #jodhpur #foodielife #foodstagram #like4like,Bha Vadilal Happinezz,"Think life a Queen, a Queen isnt afraid to fall❤️🎂
•
•
•
•
•
#food #foodporn #foodie #comfortfood #tasty #vadilal #happiness #yummyfood #jodhpur #corn #foodstagram #foodielife #deliciousness @jodhpurfoodie @jodhpur_foodie_cafes @foodmaniacindia @foodiesofindia  @thecrazyindianfoodie  @thecrazyindianfoodie @jodhpurfoodworld @desserts.opassion @mumbaifoodcrush @therawtextures @hey.delhi  @hey.mumbai @hungrychokro_escapades @splendideats  @hungrito#food #foodporn #foodie #comfortfood #tasty #vadilal #happiness #like4like #followforfollow #fff #yummyfood #jodhpur #corn #foodstagram #repostit #repostiftagged #foodielife #deliciousness @jodhpurfoodie @jodhpur_foodie_cafes @foodmaniacindia @foodiesofindia @thecrazyindianfoodie  @thecrazyindianfoodie@thecrazyindianfoodie  @thecrazyindianfoodie @jodhpurfoodworld @desserts.passion @mumbaifoodcrush @therawtextures @hey.delhi  @cakebakerybeauty  @food_first_always @foodjournal_mumbai @buzzfeedfood @foodyvid @foodys @foodelhi @wearegurgaon_ @thepunefoodie @foodiefrombombay  @lighthouse_foodie  @foodievid @hungrito @manchibaba@manchibaba @thefoodpunch @splendideats @foodofgoa #pavbhaji @food_ys#food #foodporn #foodie #comfortfood #tasty #vadilal #happiness #yummyfood #jodhpur #corn #foodstagram #foodielife #deliciousness @jodhpurfoodie @jodhpur_foodie_cafes @foodmaniacindia @foodiesofindia  @thecrazyindianfoodie  @thecrazyindianfoodie @jodhpurfoodworld @desserts.passion @mumbaifoodcrush @therawtextures @hey.delhi  @hey.mumbai @hungrychokro_escapades @splendideats  @hungrito @ashokala_design @bricks_restaurant_n_bakers #repostit #fff #vadilal #food #tasty #deliciousness #happiness #foodie #corn #repostiftagged #pavbhaji #yummyfood #comfortfood #foodporn #followforfollow #jodhpur #foodielife #foodstagram #like4like Bha Vadilal Happinezz",105,0,False,1535106434,5345409033,0
131,1853842435350536547,Bm6K990nSFj,38822492_267784160723222_5620336848552329216_n.jpg,C:\Coding\projects\pavbhaji_model\machinelearningchallenge\dataset\dataset\images\1\38822492_267784160723222_5620336848552329216_n.jpg,1,Green pavbhaji#pavbhaji#spinachpav#Indianbread#Indian#Indian dinnerrolls#streetfood#yummy#tasty#buttery#delucious#homemadefreshpav#mixedgreenscurry#cooked with green tomatoes#greenveggies#,,,#tasty #mixedgreenscurry #streetfood #pavbhaji #Indian #spinachpav #cooked #buttery #homemadefreshpav #yummy #Indianbread #delucious #greenveggies,,Green pavbhaji#pavbhaji#spinachpav#Indianbread#Indian#Indian dinnerrolls#streetfood#yummy#tasty#buttery#delucious#homemadefreshpav#mixedgreenscurry#cooked with green tomatoes#greenveggies# #tasty #mixedgreenscurry #streetfood #pavbhaji #Indian #spinachpav #cooked #buttery #homemadefreshpav #yummy #Indianbread #delucious #greenveggies,9,1,False,1535215261,8416631629,0
48,1855027025222244524,Bm-YUBHHxis,38927978_717097318644821_8389472581211652096_n.jpg,C:\Coding\projects\pavbhaji_model\machinelearningchallenge\dataset\dataset\images\0\38927978_717097318644821_8389472581211652096_n.jpg,0,"My Mommy makes the best #dahibhalle .😋😍
.
.
.
follow @foodtalknoida .
.
#foodtalknoida #dahibhalla #indianfood #chaat #golgappe #homemade #maakehaathkakhana #gharkakhana #homecookedfood #yummy #delhifoodie #delhifood #delhi #foodphotography #foodporn #ifoodieneha4you #zingyzest #love #foodstagram #eatingfortheinsta #eatgood #bhelpuri #pavbhaji #mumbaikar #mumbaifoodie #lunch #foodlove",,,#foodphotography #eatgood #delhifoodie #mumbaifoodie #dahibhalla #indianfood #lunch #foodlove #eatingfortheinsta #ifoodieneha4you #foodporn #zingyzest #golgappe #delhifood #dahibhalle #foodtalknoida #chaat #bhelpuri #love #foodstagram #yummy #homecookedfood #pavbhaji #delhi #maakehaathkakhana #mumbaikar #homemade #gharkakhana,New Delhi,"My Mommy makes the best #dahibhalle .😋😍
.
.
.
follow @foodtalknoida .
.
#foodtalknoida #dahibhalla #indianfood #chaat #golgappe #homemade #maakehaathkakhana #gharkakhana #homecookedfood #yummy #delhifoodie #delhifood #delhi #foodphotography #foodporn #ifoodieneha4you #zingyzest #love #foodstagram #eatingfortheinsta #eatgood #bhelpuri #pavbhaji #mumbaikar #mumbaifoodie #lunch #foodlove #foodphotography #eatgood #delhifoodie #mumbaifoodie #dahibhalla #indianfood #lunch #foodlove #eatingfortheinsta #ifoodieneha4you #foodporn #zingyzest #golgappe #delhifood #dahibhalle #foodtalknoida #chaat #bhelpuri #love #foodstagram #yummy #homecookedfood #pavbhaji #delhi #maakehaathkakhana #mumbaikar #homemade #gharkakhana New Delhi",204,22,False,1535356475,522216828,0
90,1854413205363962233,Bm8Mvw0gzF5,39075490_325874301492235_5072993891456647168_n.jpg,C:\Coding\projects\pavbhaji_model\machinelearningchallenge\dataset\dataset\images\1\39075490_325874301492235_5072993891456647168_n.jpg,1,"Pav Bhaji !!
An irresistible, #mouthwatering aroma and taste, serving it with buttery shallow fried bun !!
Be here to relish the amazing varieties of #mumbaiflavours 🍴

#pavbhaji #chennaifoodie #chennai_trendies #foodblogger #foodislife #nammachennai #loveforfood #chennaidiaries📒💕 #followforfollow #annanagar #shenoynagar #desifood #dosa #foodchennai #chennai_trendies #annanagarfoodie #igers #foodtalkindia #buzzfeedfood #mumbaifoodie #streetfood #junkfood #tempting #cheese",,,#foodblogger #mumbaifoodie #followforfollow #junkfood #chennai_trendies #loveforfood #foodchennai #shenoynagar #cheese #desifood #chennaidiaries #chennaifoodie #mouthwatering #annanagarfoodie #annanagar #foodislife #dosa #buzzfeedfood #streetfood #pavbhaji #tempting #nammachennai #igers #foodtalkindia #mumbaiflavours,"Shenoy Nagar, Tamil Nadu, India","Pav Bhaji !!
An irresistible, #mouthwatering aroma and taste, serving it with buttery shallow fried bun !!
Be here to relish the amazing varieties of #mumbaiflavours 🍴

#pavbhaji #chennaifoodie #chennai_trendies #foodblogger #foodislife #nammachennai #loveforfood #chennaidiaries📒💕 #followforfollow #annanagar #shenoynagar #desifood #dosa #foodchennai #chennai_trendies #annanagarfoodie #igers #foodtalkindia #buzzfeedfood #mumbaifoodie #streetfood #junkfood #tempting #cheese #foodblogger #mumbaifoodie #followforfollow #junkfood #chennai_trendies #loveforfood #foodchennai #shenoynagar #cheese #desifood #chennaidiaries #chennaifoodie #mouthwatering #annanagarfoodie #annanagar #foodislife #dosa #buzzfeedfood #streetfood #pavbhaji #tempting #nammachennai #igers #foodtalkindia #mumbaiflavours Shenoy Nagar, Tamil Nadu, India",97,4,False,1535283302,8292537747,0
393,1851615531304764136,BmyQoP0BELo,38999724_2169061806682956_2604286843365097472_n.jpg,C:\Coding\projects\pavbhaji_model\machinelearningchallenge\dataset\dataset\images\0\38999724_2169061806682956_2604286843365097472_n.jpg,0,"Pav bhaji💓💓
.
--
Location-shiv tikki wala,karkardooma
--
#pavbhaji #foodbloggersofdelhi #foodisbae #foodbossindia #foodaddict #foodlover #foodmaniacindia #foodmania #foodstagram #foodblogger #delhifood #delhinetwork #delhihai #delhiwale #delhifoodie #delhistreetfood #delhistreets #zomato #delhifoodguide #delhites #sodelhi #zingyzest #hornokfest #instadelhi .
.
Follow my food journey at- @thefood.warriors",,,#foodmaniacindia #foodblogger #delhifoodie #hornokfest #foodaddict #instadelhi #foodlover #delhites #foodisbae #delhiwale #foodbloggersofdelhi #zingyzest #foodbossindia #delhihai #delhifood #delhistreets #zomato #foodstagram #delhinetwork #foodmania #delhistreetfood #pavbhaji #delhifoodguide #sodelhi,Shiv Tikki Wala,"Pav bhaji💓💓
.
--
Location-shiv tikki wala,karkardooma
--
#pavbhaji #foodbloggersofdelhi #foodisbae #foodbossindia #foodaddict #foodlover #foodmaniacindia #foodmania #foodstagram #foodblogger #delhifood #delhinetwork #delhihai #delhiwale #delhifoodie #delhistreetfood #delhistreets #zomato #delhifoodguide #delhites #sodelhi #zingyzest #hornokfest #instadelhi .
.
Follow my food journey at- @thefood.warriors #foodmaniacindia #foodblogger #delhifoodie #hornokfest #foodaddict #instadelhi #foodlover #delhites #foodisbae #delhiwale #foodbloggersofdelhi #zingyzest #foodbossindia #delhihai #delhifood #delhistreets #zomato #foodstagram #delhinetwork #foodmania #delhistreetfood #pavbhaji #delhifoodguide #sodelhi Shiv Tikki Wala",46,6,False,1534949793,6993952742,0
402,1851536576912804298,Bmx-rTzh8nK,39783547_2233089043587101_783321860635885568_n.jpg,C:\Coding\projects\pavbhaji_model\machinelearningchallenge\dataset\dataset\images\0\39783547_2233089043587101_783321860635885568_n.jpg,0,"Paneer Pav Bhaji 😋😋😋 with everything made from scratch and just so you all know, there's nothing like slow cooked bhaji.
.
Though the cooking was going on regularly, lacked the enthusiasm to post here & wanted to take a break. Spent a relaxing day & baked bread of any kind after a long time & it was just what I needed. Not for nothing it's said that baking is therapeutic.
.
Oh....Happy #madrasday there's no place like #nammachennai to me
.
.
.
.
#ticklingpalates #indiancuisine #indianfood #chennaifoodie #chennaiblogger #streetfood #mumbaipavbhaji #vegetarian #baking #homebaking #pavbhaji #vegetarianfoodshare #vegetarianfood #paneer",,,#ticklingpalates #vegetarianfoodshare #baking #madrasday #indiancuisine #vegetarianfood #chennaifoodie #homebaking #streetfood #vegetarian #pavbhaji #nammachennai #chennaiblogger #mumbaipavbhaji #indianfood #paneer,"Chennai, India","Paneer Pav Bhaji 😋😋😋 with everything made from scratch and just so you all know, there's nothing like slow cooked bhaji.
.
Though the cooking was going on regularly, lacked the enthusiasm to post here & wanted to take a break. Spent a relaxing day & baked bread of any kind after a long time & it was just what I needed. Not for nothing it's said that baking is therapeutic.
.
Oh....Happy #madrasday there's no place like #nammachennai to me
.
.
.
.
#ticklingpalates #indiancuisine #indianfood #chennaifoodie #chennaiblogger #streetfood #mumbaipavbhaji #vegetarian #baking #homebaking #pavbhaji #vegetarianfoodshare #vegetarianfood #paneer #ticklingpalates #vegetarianfoodshare #baking #madrasday #indiancuisine #vegetarianfood #chennaifoodie #homebaking #streetfood #vegetarian #pavbhaji #nammachennai #chennaiblogger #mumbaipavbhaji #indianfood #paneer Chennai, India",888,30,False,1534940381,287922081,0
347,1852096433106497734,Bmz9-ShFLDG,39192420_396636850867726_4986643333452398592_n.jpg,C:\Coding\projects\pavbhaji_model\machinelearningchallenge\dataset\dataset\images\1\39192420_396636850867726_4986643333452398592_n.jpg,1,"Spicy vegetable gravy with buttery Pav , this is Mumbai’s famous street food PAV BHAJI 🤩. Where - khau Galli ,Ghatkopar.  Taste 3.5/5 😘. #foodporn #foodie #foodgasm #foodlover #instafood #dailyfood #pavbhaji #buttery #spicy #streetfood #yummy #khaugalli #foodaholic",,,#foodlover #dailyfood #foodie #foodaholic #streetfood #pavbhaji #spicy #instafood #buttery #foodporn #khaugalli #yummy #foodgasm,Khau Galli Ghatkopar,"Spicy vegetable gravy with buttery Pav , this is Mumbai’s famous street food PAV BHAJI 🤩. Where - khau Galli ,Ghatkopar.  Taste 3.5/5 😘. #foodporn #foodie #foodgasm #foodlover #instafood #dailyfood #pavbhaji #buttery #spicy #streetfood #yummy #khaugalli #foodaholic #foodlover #dailyfood #foodie #foodaholic #streetfood #pavbhaji #spicy #instafood #buttery #foodporn #khaugalli #yummy #foodgasm Khau Galli Ghatkopar",18,0,False,1535007121,8426942493,0
497,1850801137549296888,BmvXdQhg8T4,39175535_224410904919235_8478511767268360192_n.jpg,C:\Coding\projects\pavbhaji_model\machinelearningchallenge\dataset\dataset\images\0\39175535_224410904919235_8478511767268360192_n.jpg,0,"#Made this #bhaji which is served with #Pav. The recipe will be posted soon 😉 Stay tuned😋
😊#Pav bhaji is a fast food dish from India, consisting of a thick #vegetable curry, fried and served with a soft bread roll.🍜🍞
🍜The #dish originated in the 1850s as a fast lunchtime dish for textile mill workers in Mumbai😮. #Pav bhaji was later served at restaurants throughout the city.#Pav bhaji is now offered at outlets from simple hand carts to formal restaurants in India and abroad.☺ #foodblogger #spoonof #sizzlingflavours #Pavbhaji #friedveggies #spicyyy #butterlyyyy",,,#friedveggies #Pav #Made #bhaji #foodblogger #vegetable #butterlyyyy #dish #Pavbhaji #spicyyy #spoonof #sizzlingflavours,,"#Made this #bhaji which is served with #Pav. The recipe will be posted soon 😉 Stay tuned😋
😊#Pav bhaji is a fast food dish from India, consisting of a thick #vegetable curry, fried and served with a soft bread roll.🍜🍞
🍜The #dish originated in the 1850s as a fast lunchtime dish for textile mill workers in Mumbai😮. #Pav bhaji was later served at restaurants throughout the city.#Pav bhaji is now offered at outlets from simple hand carts to formal restaurants in India and abroad.☺ #foodblogger #spoonof #sizzlingflavours #Pavbhaji #friedveggies #spicyyy #butterlyyyy #friedveggies #Pav #Made #bhaji #foodblogger #vegetable #butterlyyyy #dish #Pavbhaji #spicyyy #spoonof #sizzlingflavours",20,0,False,1534852710,8341596706,0
293,1852406279874360945,Bm1EbJznTZx,39011822_273565189924807_627719434634526720_n.jpg,C:\Coding\projects\pavbhaji_model\machinelearningchallenge\dataset\dataset\images\0\39011822_273565189924807_627719434634526720_n.jpg,0,"Chocolate Milkshake and Pomogranate Juice
Where? ~Naturals

Credits: @ak5_hit11 📷

Want your Food features to be featured here?
Tag or Hashtag #foodsofballari on your food Pictures. If Ua Account is Private then DM/Insta Direct us your food Pictures.
-------------------------------------------
#foodsofballari #bestofballari #ballari #vegan #veg #pavbhaji #desifood #indianfood #foodgram #instagood #foodblogger #foodbloggers #foodreview #india #indiagram #ballaridaires #foodlove #instalove #instagood #food #foodheaven #yummy #instagramindia",,,#foodgram #ballaridaires #foodblogger #foodsofballari #indianfood #foodreview #foodlove #ballari #desifood #instagramindia #india #veg #yummy #instalove #foodbloggers #instagood #vegan #bestofballari #food #pavbhaji #indiagram #foodheaven,Natural Fruit Juice Center,"Chocolate Milkshake and Pomogranate Juice
Where? ~Naturals

Credits: @ak5_hit11 📷

Want your Food features to be featured here?
Tag or Hashtag #foodsofballari on your food Pictures. If Ua Account is Private then DM/Insta Direct us your food Pictures.
-------------------------------------------
#foodsofballari #bestofballari #ballari #vegan #veg #pavbhaji #desifood #indianfood #foodgram #instagood #foodblogger #foodbloggers #foodreview #india #indiagram #ballaridaires #foodlove #instalove #instagood #food #foodheaven #yummy #instagramindia #foodgram #ballaridaires #foodblogger #foodsofballari #indianfood #foodreview #foodlove #ballari #desifood #instagramindia #india #veg #yummy #instalove #foodbloggers #instagood #vegan #bestofballari #food #pavbhaji #indiagram #foodheaven Natural Fruit Juice Center",175,0,False,1535044058,5789991558,0
380,1851687532968543333,BmyhAAlnARl,38913523_537182246734968_2284324772089167872_n.jpg,C:\Coding\projects\pavbhaji_model\machinelearningchallenge\dataset\dataset\images\0\38913523_537182246734968_2284324772089167872_n.jpg,0,"I’m so fondue you😍
.
.
📷 Pav Bhaji fondue @belstone009 .
.
.
#pavbhajifondue #pavbhaji #cheesefondue #fondue #smoky #hot #hotpot #indianfood #yummy #instapic #f52grams #droolclub #instayum #mumbaifood #streetfood #tastyfood #bread #pav  #cheese #cheesepavbhaji #buttery #foodcoma #mumbaistreetfood #amchimumbai #musthave #mumbai #mumbaikar #foodtalkindia #indianblogger",,,#mumbaistreetfood #smoky #instayum #cheesepavbhaji #mumbai #cheesefondue #foodcoma #hot #instapic #hotpot #f52grams #indianfood #musthave #indianblogger #droolclub #pav #buttery #cheese #pavbhajifondue #bread #amchimumbai #fondue #yummy #tastyfood #mumbaifood #streetfood #pavbhaji #foodtalkindia #mumbaikar,Belstone,"I’m so fondue you😍
.
.
📷 Pav Bhaji fondue @belstone009 .
.
.
#pavbhajifondue #pavbhaji #cheesefondue #fondue #smoky #hot #hotpot #indianfood #yummy #instapic #f52grams #droolclub #instayum #mumbaifood #streetfood #tastyfood #bread #pav  #cheese #cheesepavbhaji #buttery #foodcoma #mumbaistreetfood #amchimumbai #musthave #mumbai #mumbaikar #foodtalkindia #indianblogger #mumbaistreetfood #smoky #instayum #cheesepavbhaji #mumbai #cheesefondue #foodcoma #hot #instapic #hotpot #f52grams #indianfood #musthave #indianblogger #droolclub #pav #buttery #cheese #pavbhajifondue #bread #amchimumbai #fondue #yummy #tastyfood #mumbaifood #streetfood #pavbhaji #foodtalkindia #mumbaikar Belstone",571,3,False,1534958376,7466942043,0
273,1852726117868188692,Bm2NJaJnzQU,39601938_2068926296753475_5237131972253319168_n.jpg,C:\Coding\projects\pavbhaji_model\machinelearningchallenge\dataset\dataset\images\1\39601938_2068926296753475_5237131972253319168_n.jpg,1,"Masala Pav Bhaji............. Follow @dil_se_chatore for more updates!
.
#dilsechatore#pavbhaji#buttery#creamy
#local#mumbai#foods#look#like#smile#amazing##food #foodporn #yum #instafood #yummy #amazing #instagood #photooftheday #fresh #tasty #foodie #delish #delicious #eating #foodpic #foodpics #eat #hungry #foodgasm #hot #foods",,,#mumbai #foodie #smile #hot #eating #delicious #foodpics #amazing #delish #hungry #photooftheday #instafood #buttery #foodporn #look #fresh #like #yum #creamy #yummy #instagood #foodpic #foods #food #tasty #eat #pavbhaji #dilsechatore #local #foodgasm,,"Masala Pav Bhaji............. Follow @dil_se_chatore for more updates!
.
#dilsechatore#pavbhaji#buttery#creamy
#local#mumbai#foods#look#like#smile#amazing##food #foodporn #yum #instafood #yummy #amazing #instagood #photooftheday #fresh #tasty #foodie #delish #delicious #eating #foodpic #foodpics #eat #hungry #foodgasm #hot #foods #mumbai #foodie #smile #hot #eating #delicious #foodpics #amazing #delish #hungry #photooftheday #instafood #buttery #foodporn #look #fresh #like #yum #creamy #yummy #instagood #foodpic #foods #food #tasty #eat #pavbhaji #dilsechatore #local #foodgasm",21,0,False,1535082185,256481974,0
181,1853556156920894517,Bm5J4EQghQ1,39017380_491834734621679_5536168980043005952_n.jpg,C:\Coding\projects\pavbhaji_model\machinelearningchallenge\dataset\dataset\images\0\39017380_491834734621679_5536168980043005952_n.jpg,0,"Pav bhaji!!
#mouthwatering #clicks📷 #cravings #cold #foody #followforfollowback #filtered #foooooooods #foodporn😍 #foodies_goal #foodies #hungers #health #hungerout😍 #healthyeating😜 #heavens #healthylifestyle #happyeating🍴 #healthyfood #hungerforever #pav  #bhaji #pavbhaji",,,#hungerforever #healthyfood #bhaji #cravings #foooooooods #foodies_goal #followforfollowback #health #filtered #pav #foodporn #hungers #cold #mouthwatering #healthyeating #clicks #foody #pavbhaji #heavens #foodies #happyeating #healthylifestyle #hungerout,,"Pav bhaji!!
#mouthwatering #clicks📷 #cravings #cold #foody #followforfollowback #filtered #foooooooods #foodporn😍 #foodies_goal #foodies #hungers #health #hungerout😍 #healthyeating😜 #heavens #healthylifestyle #happyeating🍴 #healthyfood #hungerforever #pav  #bhaji #pavbhaji #hungerforever #healthyfood #bhaji #cravings #foooooooods #foodies_goal #followforfollowback #health #filtered #pav #foodporn #hungers #cold #mouthwatering #healthyeating #clicks #foody #pavbhaji #heavens #foodies #happyeating #healthylifestyle #hungerout",20,1,False,1535181134,7697777170,0
151,1853746812038833595,Bm51OdrFmW7,38532835_374618299739368_2029731626316988416_n.jpg,C:\Coding\projects\pavbhaji_model\machinelearningchallenge\dataset\dataset\images\1\38532835_374618299739368_2029731626316988416_n.jpg,1,#buttery #pavbhaji #foodphotography #foodporn #foodgasm #homemade,,,#foodphotography #pavbhaji #buttery #foodporn #foodgasm #homemade,"Kharghar, India","#buttery #pavbhaji #foodphotography #foodporn #foodgasm #homemade #foodphotography #pavbhaji #buttery #foodporn #foodgasm #homemade Kharghar, India",37,3,False,1535203862,2269415481,0
204,1853156487281396883,Bm3vAG5nkyT,39946406_261828447781413_8550523774523408384_n.jpg,C:\Coding\projects\pavbhaji_model\machinelearningchallenge\dataset\dataset\images\0\39946406_261828447781413_8550523774523408384_n.jpg,0,"🔛📷 Masala Paav
.
.
.
🔛 Follow @life__in__pune for more amazing posts !!!
.
.
.
🔛 Tag @life__in__pune || use #extraordinarylifeinpune to get featured !!!
.
.
.
#pune #food #foodie #masalapav #masala #yum #yummm #yummy #foodfoodfood #foodphoto #foodphotography #foodporn #foodgasm #foodlife #foosielife #foodlove #lovefood #foodforlife #spicy #tasty #pavbhaji #masala #foodfoodfood #puneri #maharashtra #india #indianfood #indianfoodblogger #indianfoodblog",,,#foodphotography #foodie #foodlife #maharashtra #indianfood #indianfoodblog #foosielife #foodlove #lovefood #masalapav #spicy #foodporn #yum #pune #foodfoodfood #india #masala #indianfoodblogger #yummy #foodphoto #yummm #puneri #food #tasty #extraordinarylifeinpune #pavbhaji #foodforlife #foodgasm,"Pune, Maharashtra","🔛📷 Masala Paav
.
.
.
🔛 Follow @life__in__pune for more amazing posts !!!
.
.
.
🔛 Tag @life__in__pune || use #extraordinarylifeinpune to get featured !!!
.
.
.
#pune #food #foodie #masalapav #masala #yum #yummm #yummy #foodfoodfood #foodphoto #foodphotography #foodporn #foodgasm #foodlife #foosielife #foodlove #lovefood #foodforlife #spicy #tasty #pavbhaji #masala #foodfoodfood #puneri #maharashtra #india #indianfood #indianfoodblogger #indianfoodblog #foodphotography #foodie #foodlife #maharashtra #indianfood #indianfoodblog #foosielife #foodlove #lovefood #masalapav #spicy #foodporn #yum #pune #foodfoodfood #india #masala #indianfoodblogger #yummy #foodphoto #yummm #puneri #food #tasty #extraordinarylifeinpune #pavbhaji #foodforlife #foodgasm Pune, Maharashtra",153,4,False,1535133489,8295280815,0
322,1852288513137367808,Bm0ppa_FtsA,39628511_451408402038719_374753231064006656_n.jpg,C:\Coding\projects\pavbhaji_model\machinelearningchallenge\dataset\dataset\images\0\39628511_451408402038719_374753231064006656_n.jpg,0,Where is the Bhaji?? 🤔 #pavbhaji #cheese #streetfood #mumbai #foodporn #foodie,,,#mumbai #foodie #streetfood #pavbhaji #foodporn #cheese,,Where is the Bhaji?? 🤔 #pavbhaji #cheese #streetfood #mumbai #foodporn #foodie #mumbai #foodie #streetfood #pavbhaji #foodporn #cheese,7,0,False,1535030019,8478957604,0
426,1847323461317579095,BmjAuaJFFFX,38765610_233394547345753_1660063718135824384_n.jpg,C:\Coding\projects\pavbhaji_model\machinelearningchallenge\dataset\dataset\images\1\38765610_233394547345753_1660063718135824384_n.jpg,1,"Pav bahi
#pavbhaji",,,#pavbhaji,,"Pav bahi
#pavbhaji #pavbhaji",5,0,False,1534438139,8427157620,0
350,1852069492529879628,Bmz32QJlNpM,39968878_290627458387143_1834261862175211520_n.jpg,C:\Coding\projects\pavbhaji_model\machinelearningchallenge\dataset\dataset\images\1\39968878_290627458387143_1834261862175211520_n.jpg,1,"Pav Bhaji: A traditional dish from India! You will love it.

#PavBhaji #Foodie #FoodLove",,,#FoodLove #PavBhaji #Foodie,,"Pav Bhaji: A traditional dish from India! You will love it.

#PavBhaji #Foodie #FoodLove #FoodLove #PavBhaji #Foodie",8,1,False,1535003910,2288634436,0
378,1851710666381997720,BmymQpQgDaY,39276576_320799245135828_6476707577383092224_n.jpg,C:\Coding\projects\pavbhaji_model\machinelearningchallenge\dataset\dataset\images\0\39276576_320799245135828_6476707577383092224_n.jpg,0,#mumbai #dharavi #bandstand #bandra #navimumbaikar #dadar #mumbaikars #marathi #maharashtra #vada #pavbhaji #dost #pyaar #lovestory #inspiration #india #jaibhim #pune #nashik #panvel #marathination #misalpav #konkan  #like #delhi #punjab #nagpur #ladki #desi #yaar,,,#nashik #punjab #mumbai #misalpav #yaar #maharashtra #panvel #ladki #konkan #dadar #mumbaikars #lovestory #jaibhim #bandstand #nagpur #like #pune #india #pyaar #bandra #inspiration #dost #desi #vada #marathination #navimumbaikar #pavbhaji #delhi #dharavi #marathi,,#mumbai #dharavi #bandstand #bandra #navimumbaikar #dadar #mumbaikars #marathi #maharashtra #vada #pavbhaji #dost #pyaar #lovestory #inspiration #india #jaibhim #pune #nashik #panvel #marathination #misalpav #konkan  #like #delhi #punjab #nagpur #ladki #desi #yaar #nashik #punjab #mumbai #misalpav #yaar #maharashtra #panvel #ladki #konkan #dadar #mumbaikars #lovestory #jaibhim #bandstand #nagpur #like #pune #india #pyaar #bandra #inspiration #dost #desi #vada #marathination #navimumbaikar #pavbhaji #delhi #dharavi #marathi,18,1,False,1534961134,4651962678,0
320,1852297728980114881,Bm0rvh6H13B,39724105_318200415424283_1578800578958458880_n.jpg,C:\Coding\projects\pavbhaji_model\machinelearningchallenge\dataset\dataset\images\1\39724105_318200415424283_1578800578958458880_n.jpg,1,We are back with pav bhaji @$11 only with cut onions sprinkled with lemon juice. Add buttered pavs for full indulgence. Please place your order by tonight #pinktiffin #menu #madefromscratch #cookwithlove #indianfood #pavbhaji #bombaystyle #marietta #indiansloppyjoe,,,#cookwithlove #bombaystyle #madefromscratch #menu #pavbhaji #indiansloppyjoe #indianfood #pinktiffin #marietta,,We are back with pav bhaji @$11 only with cut onions sprinkled with lemon juice. Add buttered pavs for full indulgence. Please place your order by tonight #pinktiffin #menu #madefromscratch #cookwithlove #indianfood #pavbhaji #bombaystyle #marietta #indiansloppyjoe #cookwithlove #bombaystyle #madefromscratch #menu #pavbhaji #indiansloppyjoe #indianfood #pinktiffin #marietta,5,1,False,1535031118,8012660283,0
237,1853024896679236289,Bm3RFNmhVLB,39378599_1957526367633568_739645595173519360_n.jpg,C:\Coding\projects\pavbhaji_model\machinelearningchallenge\dataset\dataset\images\1\39378599_1957526367633568_739645595173519360_n.jpg,1,"Pav bhaji .
.
.
.
.
#likeforlikes #likelikelike #likeforlikealways #flowforflow 
#pavbhaji #mumbaifood #delhistreetfood #eveningfood",,,#mumbaifood #delhistreetfood #pavbhaji #eveningfood #likelikelike #likeforlikes #likeforlikealways #flowforflow,,"Pav bhaji .
.
.
.
.
#likeforlikes #likelikelike #likeforlikealways #flowforflow 
#pavbhaji #mumbaifood #delhistreetfood #eveningfood #mumbaifood #delhistreetfood #pavbhaji #eveningfood #likelikelike #likeforlikes #likeforlikealways #flowforflow",34,1,False,1535117803,8464107112,0
25,1855176483574556500,Bm-6S7DHqdU,39310468_875140992690557_8662552365737443328_n.jpg,C:\Coding\projects\pavbhaji_model\machinelearningchallenge\dataset\dataset\images\1\39310468_875140992690557_8662552365737443328_n.jpg,1,"P A P P I L O N
That's one of the delicious Pav Bhajji from Papillon Vile parle.
This place is right in Irla, near Khadi office.
The place is worth having Pav Bhajji & also it has a great service and Ambience.
.
.
For all my viewers and follower's you must surely visit !
Follow my Food Journey @theavidfoodievoyager 
Push the Notification ON for @theavidfoodievoyager .
.
#kerala #pavbhaji #keralafloods #keralafestival #burgerfest #burgertime #burgerporn #instafood #burgerlove #burgerholic #yummy #burgerkill #burgerking #foodstagram #cheeseburger #hamburger #foodgasm #burgermeister #burgerland #burgerliebe #burgerlover #foodphotography #burgerfuel #burgerman #delicious #foodblogger #foodlover #burgergram",,,#burgerfuel #foodphotography #foodblogger #burgerlove #burgerliebe #delicious #burgerman #foodlover #burgertime #cheeseburger #burgergram #instafood #burgermeister #burgerporn #kerala #burgerland #keralafloods #burgerholic #foodstagram #burgerkill #yummy #burgerfest #foodgasm #burgerlover #keralafestival #pavbhaji #hamburger #burgerking,Pappilon,"P A P P I L O N
That's one of the delicious Pav Bhajji from Papillon Vile parle.
This place is right in Irla, near Khadi office.
The place is worth having Pav Bhajji & also it has a great service and Ambience.
.
.
For all my viewers and follower's you must surely visit !
Follow my Food Journey @theavidfoodievoyager 
Push the Notification ON for @theavidfoodievoyager .
.
#kerala #pavbhaji #keralafloods #keralafestival #burgerfest #burgertime #burgerporn #instafood #burgerlove #burgerholic #yummy #burgerkill #burgerking #foodstagram #cheeseburger #hamburger #foodgasm #burgermeister #burgerland #burgerliebe #burgerlover #foodphotography #burgerfuel #burgerman #delicious #foodblogger #foodlover #burgergram #burgerfuel #foodphotography #foodblogger #burgerlove #burgerliebe #delicious #burgerman #foodlover #burgertime #cheeseburger #burgergram #instafood #burgermeister #burgerporn #kerala #burgerland #keralafloods #burgerholic #foodstagram #burgerkill #yummy #burgerfest #foodgasm #burgerlover #keralafestival #pavbhaji #hamburger #burgerking Pappilon",134,2,False,1535374292,1393144456,0
373,1851720637335164408,Bmyohvbn1X4,38958321_897538350446830_899514018916466688_n.jpg,C:\Coding\projects\pavbhaji_model\machinelearningchallenge\dataset\dataset\images\1\38958321_897538350446830_899514018916466688_n.jpg,1,"Pav Bhaji served,,, Pav Bhaji – a spicy curry of mixed vegetables (bhaji) cooked in a special blend of spices and served with soft buttered pav (bread bun shallow fried in butter), is any Indian food lover’s dream #pavbhaji #pavbhajimasala #homecooking #foodphotography #tea #northindianfood #streetfood #indianstreetfood #instafood #instagood #foodstagram #instafood #foodpost #indianfood",,,#instagood #pavbhajimasala #foodphotography #foodpost #indianfood #streetfood #pavbhaji #indianstreetfood #instafood #northindianfood #homecooking #foodstagram #tea,,"Pav Bhaji served,,, Pav Bhaji – a spicy curry of mixed vegetables (bhaji) cooked in a special blend of spices and served with soft buttered pav (bread bun shallow fried in butter), is any Indian food lover’s dream #pavbhaji #pavbhajimasala #homecooking #foodphotography #tea #northindianfood #streetfood #indianstreetfood #instafood #instagood #foodstagram #instafood #foodpost #indianfood #instagood #pavbhajimasala #foodphotography #foodpost #indianfood #streetfood #pavbhaji #indianstreetfood #instafood #northindianfood #homecooking #foodstagram #tea",52,8,False,1534962323,362450913,0
110,1854208380344882062,Bm7eLKqAlOO,39494000_2071364902888258_91722900666580992_n.jpg,C:\Coding\projects\pavbhaji_model\machinelearningchallenge\dataset\dataset\images\1\39494000_2071364902888258_91722900666580992_n.jpg,1,#pavbhaji #homemade #cooking #indianfood 😍,,,#pavbhaji #indianfood #cooking #homemade,,#pavbhaji #homemade #cooking #indianfood 😍 #pavbhaji #indianfood #cooking #homemade,22,0,False,1535258885,4191235519,0
166,1853624026640041188,Bm5ZTs3AkTk,39119199_232766184070799_6481362295434772480_n.jpg,C:\Coding\projects\pavbhaji_model\machinelearningchallenge\dataset\dataset\images\0\39119199_232766184070799_6481362295434772480_n.jpg,0,"Masala pav 
To get featured your photography that defines india use our official hashtag #indie_diaries 
#indie_diary #india #indian #_moi #_soi #storiesofindia #travelrealindia #indiagram #food #foodphotography #foodblogger #food52 #food52 #indianfood #pavbhaji #pavbhaji😋 #pavbhajifondue #instagood #ilovefood 
#ilovefoodtoomuch #ilovefoods #pav #pavbhajilover",,,#_moi #foodphotography #foodblogger #indianfood #ilovefoods #pav #travelrealindia #indian #_soi #ilovefood #india #pavbhajifondue #pavbhajilover #food52 #storiesofindia #indie_diary #instagood #ilovefoodtoomuch #food #pavbhaji #indie_diaries #indiagram,Jodhpur,"Masala pav 
To get featured your photography that defines india use our official hashtag #indie_diaries 
#indie_diary #india #indian #_moi #_soi #storiesofindia #travelrealindia #indiagram #food #foodphotography #foodblogger #food52 #food52 #indianfood #pavbhaji #pavbhaji😋 #pavbhajifondue #instagood #ilovefood 
#ilovefoodtoomuch #ilovefoods #pav #pavbhajilover #_moi #foodphotography #foodblogger #indianfood #ilovefoods #pav #travelrealindia #indian #_soi #ilovefood #india #pavbhajifondue #pavbhajilover #food52 #storiesofindia #indie_diary #instagood #ilovefoodtoomuch #food #pavbhaji #indie_diaries #indiagram Jodhpur",23,1,False,1535189225,3483185034,0
292,1852408976979576874,Bm1FCZrnMgq,39361428_323022305114516_3814554119947943936_n.jpg,C:\Coding\projects\pavbhaji_model\machinelearningchallenge\dataset\dataset\images\0\39361428_323022305114516_3814554119947943936_n.jpg,0,"Chicken Dum Biryani
Where? ~Hotbreads, Infantry Road.

Credits: @yeshwanth_dutt_photography 📷

Want your Food features to be featured here?
Tag or Hashtag #foodsofballari on your food Pictures. If Ua Account is Private then DM/Insta Direct us your food Pictures.
-------------------------------------------
#foodsofballari #bestofballari #ballari #vegan #veg #pavbhaji #desifood #indianfood #foodgram #instagood #foodblogger #foodbloggers #foodreview #india #indiagram #ballaridaires #foodlove #instalove #instagood #food #foodheaven #yummy #instagramindia",,,#foodgram #ballaridaires #foodblogger #foodsofballari #indianfood #foodreview #foodlove #ballari #desifood #instagramindia #india #veg #yummy #instalove #foodbloggers #instagood #vegan #bestofballari #food #pavbhaji #indiagram #foodheaven,Hot Breads,"Chicken Dum Biryani
Where? ~Hotbreads, Infantry Road.

Credits: @yeshwanth_dutt_photography 📷

Want your Food features to be featured here?
Tag or Hashtag #foodsofballari on your food Pictures. If Ua Account is Private then DM/Insta Direct us your food Pictures.
-------------------------------------------
#foodsofballari #bestofballari #ballari #vegan #veg #pavbhaji #desifood #indianfood #foodgram #instagood #foodblogger #foodbloggers #foodreview #india #indiagram #ballaridaires #foodlove #instalove #instagood #food #foodheaven #yummy #instagramindia #foodgram #ballaridaires #foodblogger #foodsofballari #indianfood #foodreview #foodlove #ballari #desifood #instagramindia #india #veg #yummy #instalove #foodbloggers #instagood #vegan #bestofballari #food #pavbhaji #indiagram #foodheaven Hot Breads",185,1,False,1535044379,5789991558,0
223,1853071615095372243,Bm3btDhHnnT,38938341_541635426295352_6458429420636995584_n.jpg,C:\Coding\projects\pavbhaji_model\machinelearningchallenge\dataset\dataset\images\1\38938341_541635426295352_6458429420636995584_n.jpg,1,"Garam Khana khaoji, apni Pav bhaji..!!
.
.
Tag us and use #foodbragger to get featured
.
Follow us @food_bragger
.
#pavbhaji #bhajipav #foodbragger #foodceleb #foodiebaniya #foodaholic #foodshare #foodshoutouts #trellingfood #brokebhukkhad #foodepicurean #empty_end_eat #justfoodingaround #foodoptimising #zingyzest #indianstreetfood #streetfood #indianfood #jorrfood #wahhgujarat",,,#empty_end_eat #brokebhukkhad #justfoodingaround #trellingfood #zingyzest #jorrfood #wahhgujarat #foodshare #foodaholic #foodepicurean #streetfood #pavbhaji #indianstreetfood #foodbragger #bhajipav #foodceleb #indianfood #foodshoutouts #foodiebaniya #foodoptimising,"Champaner, Gujarat, India","Garam Khana khaoji, apni Pav bhaji..!!
.
.
Tag us and use #foodbragger to get featured
.
Follow us @food_bragger
.
#pavbhaji #bhajipav #foodbragger #foodceleb #foodiebaniya #foodaholic #foodshare #foodshoutouts #trellingfood #brokebhukkhad #foodepicurean #empty_end_eat #justfoodingaround #foodoptimising #zingyzest #indianstreetfood #streetfood #indianfood #jorrfood #wahhgujarat #empty_end_eat #brokebhukkhad #justfoodingaround #trellingfood #zingyzest #jorrfood #wahhgujarat #foodshare #foodaholic #foodepicurean #streetfood #pavbhaji #indianstreetfood #foodbragger #bhajipav #foodceleb #indianfood #foodshoutouts #foodiebaniya #foodoptimising Champaner, Gujarat, India",299,7,False,1535123372,5423601931,0
478,1850906877691255116,Bmvvf-tHVlM,38957892_319211575482440_1245801228944801792_n.jpg,C:\Coding\projects\pavbhaji_model\machinelearningchallenge\dataset\dataset\images\0\38957892_319211575482440_1245801228944801792_n.jpg,0,"KABULI SHISH KEBAB ❤️
.
.
. .
.
 @touristjanpath
.
.

These Tender mutton kebabs with mint, chilli and tandoori flavours were served as a stack and tasted exceptionally well.
.
.
.
.
.
.
Follow my food journey @rassay_delight
.#noida #delhigram #kerala #delhidiaries #delhi #delhi_igers #waiwai #somumbai #sodelhi #bengaluru #newdelhi #mumbaidiaries #kolkata #sokolkata #delhifoodblogger #panipuri #kolkatadiaries #pavbhaji #kolkatagram #westbengal #delhifoodie #nepal #mumbaifoodie #mumbai #golgappe #golgappa #indianfood #poha",,,#westbengal #delhifoodie #mumbai #sokolkata #panipuri #mumbaifoodie #newdelhi #kolkatadiaries #waiwai #indianfood #mumbaidiaries #delhidiaries #golgappa #kolkatagram #golgappe #poha #kerala #nepal #delhifoodblogger #somumbai #kolkata #delhigram #pavbhaji #delhi #bengaluru #noida #delhi_igers #sodelhi,"Connaught Place - CP,Delhi","KABULI SHISH KEBAB ❤️
.
.
. .
.
 @touristjanpath
.
.

These Tender mutton kebabs with mint, chilli and tandoori flavours were served as a stack and tasted exceptionally well.
.
.
.
.
.
.
Follow my food journey @rassay_delight
.#noida #delhigram #kerala #delhidiaries #delhi #delhi_igers #waiwai #somumbai #sodelhi #bengaluru #newdelhi #mumbaidiaries #kolkata #sokolkata #delhifoodblogger #panipuri #kolkatadiaries #pavbhaji #kolkatagram #westbengal #delhifoodie #nepal #mumbaifoodie #mumbai #golgappe #golgappa #indianfood #poha #westbengal #delhifoodie #mumbai #sokolkata #panipuri #mumbaifoodie #newdelhi #kolkatadiaries #waiwai #indianfood #mumbaidiaries #delhidiaries #golgappa #kolkatagram #golgappe #poha #kerala #nepal #delhifoodblogger #somumbai #kolkata #delhigram #pavbhaji #delhi #bengaluru #noida #delhi_igers #sodelhi Connaught Place - CP,Delhi",490,10,False,1534865315,7747357765,0
481,1850892746242259306,BmvsSVxHflq,39047031_267160070782493_7651412997201461248_n.jpg,C:\Coding\projects\pavbhaji_model\machinelearningchallenge\dataset\dataset\images\0\39047031_267160070782493_7651412997201461248_n.jpg,0,"The best makhan pav bhaaji I ever had😍😍😍
@localbarcp ♥️
Tastometer-5/5♥️
.
.
.
#makhan #makhani #pav_bhaji #streetstyle #streetfood #delhidiaries #delhi_igers #betruetoevery1 #spicy #indianfood #viral #cravings #pavbhaji #hungry #spicyfood #hashtags",,,#hungry #spicyfood #pav_bhaji #makhan #cravings #delhidiaries #streetfood #makhani #spicy #indianfood #pavbhaji #betruetoevery1 #viral #delhi_igers #streetstyle #hashtags,,"The best makhan pav bhaaji I ever had😍😍😍
@localbarcp ♥️
Tastometer-5/5♥️
.
.
.
#makhan #makhani #pav_bhaji #streetstyle #streetfood #delhidiaries #delhi_igers #betruetoevery1 #spicy #indianfood #viral #cravings #pavbhaji #hungry #spicyfood #hashtags #hungry #spicyfood #pav_bhaji #makhan #cravings #delhidiaries #streetfood #makhani #spicy #indianfood #pavbhaji #betruetoevery1 #viral #delhi_igers #streetstyle #hashtags",345,17,False,1534863631,6218623558,0
395,1851599040754234588,BmyM4RynDTc,38658632_237462360248309_2359031501955268608_n.jpg,C:\Coding\projects\pavbhaji_model\machinelearningchallenge\dataset\dataset\images\0\38658632_237462360248309_2359031501955268608_n.jpg,0,"That's what happiness looks like for a foodie..and when your friend says, ""extra butter wala mereko dena bhai""❤😋
.
.
.
.
🔥
#pavbhaji #alltimefav #goodtimes #friends #rainy #indianfood #gujju
#indianbreakfast #mumbai #mumbaifoodie #mumbaifoodlovers #mumbaifood #foodtalkindia #mumbaichafoodies #eeeeeats #itz_mumbai #foodofmumbai #instafood #ifoundawesome #rainydays #foodphotography #somumbai #things2doinmumbai #foodiesofindia #trellingmumbai  #lettherebefood #sugarshotstories  #theglocaljournal #behappy #grateful",,,#foodofmumbai #indianbreakfast #mumbaichafoodies #sugarshotstories #foodphotography #mumbai #itz_mumbai #mumbaifoodie #foodiesofindia #alltimefav #indianfood #grateful #rainy #goodtimes #instafood #things2doinmumbai #friends #trellingmumbai #mumbaifoodlovers #ifoundawesome #lettherebefood #gujju #eeeeeats #mumbaifood #somumbai #pavbhaji #rainydays #theglocaljournal #behappy #foodtalkindia,,"That's what happiness looks like for a foodie..and when your friend says, ""extra butter wala mereko dena bhai""❤😋
.
.
.
.
🔥
#pavbhaji #alltimefav #goodtimes #friends #rainy #indianfood #gujju
#indianbreakfast #mumbai #mumbaifoodie #mumbaifoodlovers #mumbaifood #foodtalkindia #mumbaichafoodies #eeeeeats #itz_mumbai #foodofmumbai #instafood #ifoundawesome #rainydays #foodphotography #somumbai #things2doinmumbai #foodiesofindia #trellingmumbai  #lettherebefood #sugarshotstories  #theglocaljournal #behappy #grateful #foodofmumbai #indianbreakfast #mumbaichafoodies #sugarshotstories #foodphotography #mumbai #itz_mumbai #mumbaifoodie #foodiesofindia #alltimefav #indianfood #grateful #rainy #goodtimes #instafood #things2doinmumbai #friends #trellingmumbai #mumbaifoodlovers #ifoundawesome #lettherebefood #gujju #eeeeeats #mumbaifood #somumbai #pavbhaji #rainydays #theglocaljournal #behappy #foodtalkindia",77,2,False,1534947827,2000187604,0
234,1853030885541309328,Bm3ScXKhGuQ,38766617_658430724541090_4786950856249442304_n.jpg,C:\Coding\projects\pavbhaji_model\machinelearningchallenge\dataset\dataset\images\0\38766617_658430724541090_4786950856249442304_n.jpg,0,Lazy girl #pavbhaji #vegan,,,#pavbhaji #vegan,,Lazy girl #pavbhaji #vegan #pavbhaji #vegan,9,0,False,1535118517,3243461806,0
144,1853770669248387238,Bm56poblpim,39506725_2127307837588676_4778385742273445888_n.jpg,C:\Coding\projects\pavbhaji_model\machinelearningchallenge\dataset\dataset\images\0\39506725_2127307837588676_4778385742273445888_n.jpg,0,"मसाला दहीपुरी 😋😋
@bollywood_dost
.
.
.
.
#panipurilovers #foodlovers #vadapav #panipuri #samosa #gulabjamun #kajukatli #bhelpuri #bhel #kachori #chivda #pavbhaji #pizza #masaladosa #idli #idlisambhar #jilebi #rasgulla #rasmalai #bollywood_dost #breadpakoda #kandapoha #bhaji #bhaje #lassi #dabeli #dahipuri #cholebhature #shevpuri #golgappe",,,#vadapav #panipurilovers #bhaji #rasmalai #kandapoha #panipuri #shevpuri #dabeli #bhel #bollywood_dost #kachori #lassi #jilebi #cholebhature #golgappe #breadpakoda #foodlovers #bhelpuri #masaladosa #idli #pizza #rasgulla #chivda #samosa #bhaje #idlisambhar #dahipuri #pavbhaji #gulabjamun #kajukatli,,"मसाला दहीपुरी 😋😋
@bollywood_dost
.
.
.
.
#panipurilovers #foodlovers #vadapav #panipuri #samosa #gulabjamun #kajukatli #bhelpuri #bhel #kachori #chivda #pavbhaji #pizza #masaladosa #idli #idlisambhar #jilebi #rasgulla #rasmalai #bollywood_dost #breadpakoda #kandapoha #bhaji #bhaje #lassi #dabeli #dahipuri #cholebhature #shevpuri #golgappe #vadapav #panipurilovers #bhaji #rasmalai #kandapoha #panipuri #shevpuri #dabeli #bhel #bollywood_dost #kachori #lassi #jilebi #cholebhature #golgappe #breadpakoda #foodlovers #bhelpuri #masaladosa #idli #pizza #rasgulla #chivda #samosa #bhaje #idlisambhar #dahipuri #pavbhaji #gulabjamun #kajukatli",185,1,False,1535206706,7900092108,0
216,1853089212792582416,Bm3ftIpnDEQ,39326619_1037910136385491_8329909137232101376_n.jpg,C:\Coding\projects\pavbhaji_model\machinelearningchallenge\dataset\dataset\images\0\39326619_1037910136385491_8329909137232101376_n.jpg,0,"Pav Bhaji Kha Lo Friends 💕😎
.
Follow | @thebagpackerfoodie |
Follow | #thebagpackerfoodie |
.
#PavBhaji #eeeeeats #lbb #foodcoma #foodshot #streeteats #streetfood #foodporn #instafood #foodstagram #delhigram #Delhi_igers #eeeeeats #f52grams #foodlife #foodislife #foodisfuel #nomnom #spoonfeed #foodvsco #foodgasm #doublefry #blogizlyf",,,#streeteats #blogizlyf #thebagpackerfoodie #foodcoma #spoonfeed #foodlife #f52grams #instafood #foodporn #nomnom #foodvsco #foodshot #lbb #doublefry #foodisfuel #foodislife #foodstagram #eeeeeats #Delhi_igers #delhigram #streetfood #foodgasm #PavBhaji,Punjabi Bagh,"Pav Bhaji Kha Lo Friends 💕😎
.
Follow | @thebagpackerfoodie |
Follow | #thebagpackerfoodie |
.
#PavBhaji #eeeeeats #lbb #foodcoma #foodshot #streeteats #streetfood #foodporn #instafood #foodstagram #delhigram #Delhi_igers #eeeeeats #f52grams #foodlife #foodislife #foodisfuel #nomnom #spoonfeed #foodvsco #foodgasm #doublefry #blogizlyf #streeteats #blogizlyf #thebagpackerfoodie #foodcoma #spoonfeed #foodlife #f52grams #instafood #foodporn #nomnom #foodvsco #foodshot #lbb #doublefry #foodisfuel #foodislife #foodstagram #eeeeeats #Delhi_igers #delhigram #streetfood #foodgasm #PavBhaji Punjabi Bagh",292,21,False,1535125470,5798723049,0
27,1855167582915615872,Bm-4RZqgVyA,39336855_1791150287648722_8613791730874974208_n.jpg,C:\Coding\projects\pavbhaji_model\machinelearningchallenge\dataset\dataset\images\1\39336855_1791150287648722_8613791730874974208_n.jpg,1,"PAV BHAJI wala Mausam hai aaj Nagpur me 😍☔
.
Tag your bhukkad friend in the comments below 😄
.
Follow @thebhukkadgang_nagpur .
Turn on the post notification 🔔
.
#pavbhaji #monsoon #nagpurbase #mumbaifoodie #delhifood #kolkatafoodies #nagpurblogger #nagpur #nagpurphotography #nagpurian #nagpurdiaries #nagpuri #india #nagpurkar #mumbai #fashion #maharashtra #nagpurfoodies #pune #nagpur_boys_nd_girls_shoutout #mumbai_diaries #mumbaifoodie #maharashtra #mumbai #mumbai_igers #mumbai_uncensored #mumbaikar #itz_mumbai #mumbai_ig",,,#mumbai #itz_mumbai #mumbaifoodie #nagpurdiaries #nagpurkar #maharashtra #mumbai_ig #mumbai_diaries #nagpur_boys_nd_girls_shoutout #nagpurian #mumbai_uncensored #nagpuri #nagpur #mumbai_igers #delhifood #nagpurfoodies #pune #india #nagpurblogger #monsoon #kolkatafoodies #fashion #pavbhaji #nagpurphotography #nagpurbase #mumbaikar,Nagpur,"PAV BHAJI wala Mausam hai aaj Nagpur me 😍☔
.
Tag your bhukkad friend in the comments below 😄
.
Follow @thebhukkadgang_nagpur .
Turn on the post notification 🔔
.
#pavbhaji #monsoon #nagpurbase #mumbaifoodie #delhifood #kolkatafoodies #nagpurblogger #nagpur #nagpurphotography #nagpurian #nagpurdiaries #nagpuri #india #nagpurkar #mumbai #fashion #maharashtra #nagpurfoodies #pune #nagpur_boys_nd_girls_shoutout #mumbai_diaries #mumbaifoodie #maharashtra #mumbai #mumbai_igers #mumbai_uncensored #mumbaikar #itz_mumbai #mumbai_ig #mumbai #itz_mumbai #mumbaifoodie #nagpurdiaries #nagpurkar #maharashtra #mumbai_ig #mumbai_diaries #nagpur_boys_nd_girls_shoutout #nagpurian #mumbai_uncensored #nagpuri #nagpur #mumbai_igers #delhifood #nagpurfoodies #pune #india #nagpurblogger #monsoon #kolkatafoodies #fashion #pavbhaji #nagpurphotography #nagpurbase #mumbaikar Nagpur",802,13,False,1535373231,4511919977,0
341,1852137254061717821,Bm0HQT_nbk9,39092994_254956455132799_4594139350446374912_n.jpg,C:\Coding\projects\pavbhaji_model\machinelearningchallenge\dataset\dataset\images\0\39092994_254956455132799_4594139350446374912_n.jpg,0,"I had butter chicken for my lunch,what are you planning to have?😍😍
.
.
.
Follow @dilli_ki_teekhi_mirchi .
.
.
.
@zingyzest 
@saadidilli 
@thegreatindianfoodie 
@khaata_rahe_mera_dil 
@khau_gali_foodie 
@dillifoodjunkie 
@foodiebaniya 
@dilsefoodie 
@dillikabhukkad 
@whatdillieats 
@bhukkhadbybirth 
@delhifoodwalks 
@dillifoodies 
@thefood.vlogger 
@delhidelites 
@hungrydilliwaali 
@dilli_ke_pakwan 
@khane_pe_charchaaa 
@eatwith_pratik 
@eatreviewrepeat 
@_adatewithfood_ 
@tasteofgirl 
@saalafoodie 
@v_for_veggie 
@hunger_killer_ 
@getmemorefood 
@myhungerhikes
#picoftheday #likeforlike #likesforlikes #sodelhi #foodblogger #momo #delicious #delhi_igers #ifoundawesome #cheesecake #soulfood #iphonephotography #iphone #foodporn #foodgasm #foodtalkindia #nepal #westbengal #mumbaifoodie #delhifoodie #bengluru #sokolkata #delhifoodblogger #pavbhaji #waiwai #platter #delhieater #nomnom #nom #delhifoodie",,,#westbengal #iphone #sodelhi #momo #foodblogger #delhifoodie #sokolkata #mumbaifoodie #delicious #waiwai #likeforlike #delhieater #iphonephotography #foodporn #platter #nomnom #ifoundawesome #nepal #bengluru #cheesecake #nom #picoftheday #delhifoodblogger #likesforlikes #soulfood #pavbhaji #foodtalkindia #delhi_igers #foodgasm,,"I had butter chicken for my lunch,what are you planning to have?😍😍
.
.
.
Follow @dilli_ki_teekhi_mirchi .
.
.
.
@zingyzest 
@saadidilli 
@thegreatindianfoodie 
@khaata_rahe_mera_dil 
@khau_gali_foodie 
@dillifoodjunkie 
@foodiebaniya 
@dilsefoodie 
@dillikabhukkad 
@whatdillieats 
@bhukkhadbybirth 
@delhifoodwalks 
@dillifoodies 
@thefood.vlogger 
@delhidelites 
@hungrydilliwaali 
@dilli_ke_pakwan 
@khane_pe_charchaaa 
@eatwith_pratik 
@eatreviewrepeat 
@_adatewithfood_ 
@tasteofgirl 
@saalafoodie 
@v_for_veggie 
@hunger_killer_ 
@getmemorefood 
@myhungerhikes
#picoftheday #likeforlike #likesforlikes #sodelhi #foodblogger #momo #delicious #delhi_igers #ifoundawesome #cheesecake #soulfood #iphonephotography #iphone #foodporn #foodgasm #foodtalkindia #nepal #westbengal #mumbaifoodie #delhifoodie #bengluru #sokolkata #delhifoodblogger #pavbhaji #waiwai #platter #delhieater #nomnom #nom #delhifoodie #westbengal #iphone #sodelhi #momo #foodblogger #delhifoodie #sokolkata #mumbaifoodie #delicious #waiwai #likeforlike #delhieater #iphonephotography #foodporn #platter #nomnom #ifoundawesome #nepal #bengluru #cheesecake #nom #picoftheday #delhifoodblogger #likesforlikes #soulfood #pavbhaji #foodtalkindia #delhi_igers #foodgasm",98,2,False,1535011987,7815521541,0
228,1853042983308312558,Bm3VMaFnz_u,39372360_455064391667554_2338439805240606720_n.jpg,C:\Coding\projects\pavbhaji_model\machinelearningchallenge\dataset\dataset\images\1\39372360_455064391667554_2338439805240606720_n.jpg,1,"-This is so far one of the best #PavBhaji I have ever had. Super droolworthy.😍 Tag a pav bhaji lover.

Also,I finally found #myyellowplate, @myyellowplate.😋
Tastometer : 5/5
.
 Follow @heavenlyaffairs to plan your next food affair.👅
.
Follow @heavenlyaffairs
Follow @heavenlyaffairs
Follow @heavenlyaffairs
.
#food#foodgasm#foodporn#foodie#eatingfortheinsta#nomnom#hungry#cleaneating#instagood#f52gram#buzzfeedfood#buzzfeast#igfood#instayum#eatfamous#foodstagram#foodforfoodies#foodography#foodisfuel#delhiblogger#foodblogger#delhifoodblogger#foodoftheday#eat",,,#instayum #foodblogger #foodie #buzzfeast #foodography #hungry #eatingfortheinsta #foodporn #eatfamous #nomnom #myyellowplate #foodforfoodies #f52gram #cleaneating #igfood #foodisfuel #delhiblogger #foodstagram #instagood #delhifoodblogger #food #buzzfeedfood #eat #foodoftheday #foodgasm #PavBhaji,DS Dosa Factory Jhilmil Colony,"-This is so far one of the best #PavBhaji I have ever had. Super droolworthy.😍 Tag a pav bhaji lover.

Also,I finally found #myyellowplate, @myyellowplate.😋
Tastometer : 5/5
.
 Follow @heavenlyaffairs to plan your next food affair.👅
.
Follow @heavenlyaffairs
Follow @heavenlyaffairs
Follow @heavenlyaffairs
.
#food#foodgasm#foodporn#foodie#eatingfortheinsta#nomnom#hungry#cleaneating#instagood#f52gram#buzzfeedfood#buzzfeast#igfood#instayum#eatfamous#foodstagram#foodforfoodies#foodography#foodisfuel#delhiblogger#foodblogger#delhifoodblogger#foodoftheday#eat #instayum #foodblogger #foodie #buzzfeast #foodography #hungry #eatingfortheinsta #foodporn #eatfamous #nomnom #myyellowplate #foodforfoodies #f52gram #cleaneating #igfood #foodisfuel #delhiblogger #foodstagram #instagood #delhifoodblogger #food #buzzfeedfood #eat #foodoftheday #foodgasm #PavBhaji DS Dosa Factory Jhilmil Colony",352,9,False,1535119959,6026470269,0
80,1854514473302358001,Bm8jxZ8Affx,39519689_1016525918528607_8786273653227520000_n.jpg,C:\Coding\projects\pavbhaji_model\machinelearningchallenge\dataset\dataset\images\1\39519689_1016525918528607_8786273653227520000_n.jpg,1,"Today's evening special...#Butter #Pavbhaji
😋😋 Sister demand..😍 made by me..✌",,,#Butter #Pavbhaji,,"Today's evening special...#Butter #Pavbhaji
😋😋 Sister demand..😍 made by me..✌ #Butter #Pavbhaji",38,7,False,1535295374,3309197187,0
418,1851382909670179184,BmxbvKCHsFw,39371744_300152090564590_2486189201368809472_n.jpg,C:\Coding\projects\pavbhaji_model\machinelearningchallenge\dataset\dataset\images\0\39371744_300152090564590_2486189201368809472_n.jpg,0,"Bikaner ki pav bhaji❤️
One of my favourite dish❤️
.
.
.
Location : bikaner, Faridabad
Price : 125 ₹
Taste : 4.5/5
➖➖➖➖➖➖➖➖➖➖➖➖➖➖➖➖
#follow :@foodpriors_ 
#follow :@foodpriors_ 
#follow @foodpriors_
Follow for amazing food content and do mention you friends in comment's section ❤️
.
.
.
.
#pavbhaji #pav #salad #lemonsqueeze #tasty #bikaner #foodblogfeed #foodaddict #food52 #soulfood #nomnom #foodphotography #foodblog #foodbloggers #indianfoodbloggers #thegreatindianfoodie #zingyzest #thisisdelhi #delhigram #delhi6 #delhitimes #delhifoodblogger #delhincr #delhi_foodie #delhifoodguide #instagood #instafood #instadelhi #instagram",,,#bikaner #foodphotography #delhincr #foodaddict #delhi6 #indianfoodbloggers #lemonsqueeze #salad #instadelhi #foodblogfeed #thegreatindianfoodie #follow #pav #instafood #zingyzest #foodblog #delhi_foodie #nomnom #food52 #delhitimes #foodbloggers #instagood #delhifoodblogger #instagram #tasty #delhigram #soulfood #pavbhaji #thisisdelhi #delhifoodguide,"Bikaner,Old Faridabad","Bikaner ki pav bhaji❤️
One of my favourite dish❤️
.
.
.
Location : bikaner, Faridabad
Price : 125 ₹
Taste : 4.5/5
➖➖➖➖➖➖➖➖➖➖➖➖➖➖➖➖
#follow :@foodpriors_ 
#follow :@foodpriors_ 
#follow @foodpriors_
Follow for amazing food content and do mention you friends in comment's section ❤️
.
.
.
.
#pavbhaji #pav #salad #lemonsqueeze #tasty #bikaner #foodblogfeed #foodaddict #food52 #soulfood #nomnom #foodphotography #foodblog #foodbloggers #indianfoodbloggers #thegreatindianfoodie #zingyzest #thisisdelhi #delhigram #delhi6 #delhitimes #delhifoodblogger #delhincr #delhi_foodie #delhifoodguide #instagood #instafood #instadelhi #instagram #bikaner #foodphotography #delhincr #foodaddict #delhi6 #indianfoodbloggers #lemonsqueeze #salad #instadelhi #foodblogfeed #thegreatindianfoodie #follow #pav #instafood #zingyzest #foodblog #delhi_foodie #nomnom #food52 #delhitimes #foodbloggers #instagood #delhifoodblogger #instagram #tasty #delhigram #soulfood #pavbhaji #thisisdelhi #delhifoodguide Bikaner,Old Faridabad",24,0,False,1534922063,8084952109,0
343,1852129626082365937,Bm0FhT4ndHx,39102501_479935352499455_4514547421698588672_n.jpg,C:\Coding\projects\pavbhaji_model\machinelearningchallenge\dataset\dataset\images\0\39102501_479935352499455_4514547421698588672_n.jpg,0,Street food always hits the right chord in Mumbai! Lip smacking garam garam pavbhaji in the making.. #pavbhaji #mumbaistreetfood #chowpatty #juhubeach #shreesiddhivinayakfastfood #citylife #mymumbai #mumbaifoodie #mumbaistreetfood #spicy #foodblogger #munchymumbai #foodofmumbai #foodcoma #nomnom #foodlove #instafood #mumbaigram #mumbaidiaries #lbbmumbai #mobilephotography #mymumbai #mumbaifoodie #indianfood #spicy #foodofmumbai #mumbaiyabelly😊,,,#mumbaistreetfood #foodofmumbai #mumbaiyabelly #juhubeach #foodblogger #citylife #mumbaifoodie #foodcoma #mobilephotography #indianfood #foodlove #mumbaidiaries #chowpatty #mymumbai #spicy #instafood #nomnom #munchymumbai #mumbaigram #shreesiddhivinayakfastfood #pavbhaji #lbbmumbai,Juhu Beach,Street food always hits the right chord in Mumbai! Lip smacking garam garam pavbhaji in the making.. #pavbhaji #mumbaistreetfood #chowpatty #juhubeach #shreesiddhivinayakfastfood #citylife #mymumbai #mumbaifoodie #mumbaistreetfood #spicy #foodblogger #munchymumbai #foodofmumbai #foodcoma #nomnom #foodlove #instafood #mumbaigram #mumbaidiaries #lbbmumbai #mobilephotography #mymumbai #mumbaifoodie #indianfood #spicy #foodofmumbai #mumbaiyabelly😊 #mumbaistreetfood #foodofmumbai #mumbaiyabelly #juhubeach #foodblogger #citylife #mumbaifoodie #foodcoma #mobilephotography #indianfood #foodlove #mumbaidiaries #chowpatty #mymumbai #spicy #instafood #nomnom #munchymumbai #mumbaigram #shreesiddhivinayakfastfood #pavbhaji #lbbmumbai Juhu Beach,62,3,False,1535011078,8429377905,0
106,1854231216796768495,Bm7jXewnJjv,39104629_1640221846106312_6745083668345126912_n.jpg,C:\Coding\projects\pavbhaji_model\machinelearningchallenge\dataset\dataset\images\1\39104629_1640221846106312_6745083668345126912_n.jpg,1,"#pavbhaji
#breakfast #sundaymorning",,,#pavbhaji #sundaymorning #breakfast,,"#pavbhaji
#breakfast #sundaymorning #pavbhaji #sundaymorning #breakfast",24,0,False,1535261607,2194814005,0
458,1851006876020771780,BmwGPJaBgvE,39238606_301805927068087_3218988086096560128_n.jpg,C:\Coding\projects\pavbhaji_model\machinelearningchallenge\dataset\dataset\images\1\39238606_301805927068087_3218988086096560128_n.jpg,1,#pavbhaji#rs_50#foodporn #food #foodie #foodstagram #instafood #foodphotography #foodgasm #foodlover #yummy #foodblogger #foodpics #delicious #instagood #foodpic #foodies #tasty #foods #yum #dinner #eat,,,#foodphotography #foodblogger #foodie #delicious #foodpics #foodlover #instafood #foodporn #yum #foodstagram #yummy #instagood #foodpic #foods #food #tasty #dinner #eat #pavbhaji #foodies #foodgasm #rs_50,"Main Road, Ranchi","#pavbhaji#rs_50#foodporn #food #foodie #foodstagram #instafood #foodphotography #foodgasm #foodlover #yummy #foodblogger #foodpics #delicious #instagood #foodpic #foodies #tasty #foods #yum #dinner #eat #foodphotography #foodblogger #foodie #delicious #foodpics #foodlover #instafood #foodporn #yum #foodstagram #yummy #instagood #foodpic #foods #food #tasty #dinner #eat #pavbhaji #foodies #foodgasm #rs_50 Main Road, Ranchi",135,0,False,1534877236,6960540512,0
416,1851396364367700806,Bmxey8sliNG,39323463_2013615658695385_7401259267065380864_n.jpg,C:\Coding\projects\pavbhaji_model\machinelearningchallenge\dataset\dataset\images\0\39323463_2013615658695385_7401259267065380864_n.jpg,0,"Full circle of happiness. . . Butter loaded Pav bhaji only at Chaat ka chauraha .
.
.. #Chaatkachauraha #pavbhaji #being_indian #foodforlife  #streetfood #streetfoodindia #jaipurchaat #foodporn #foodlove #foodbloger #jaipur",,,#jaipur #foodlove #Chaatkachauraha #being_indian #pavbhaji #streetfood #foodforlife #jaipurchaat #foodporn #foodbloger #streetfoodindia,,"Full circle of happiness. . . Butter loaded Pav bhaji only at Chaat ka chauraha .
.
.. #Chaatkachauraha #pavbhaji #being_indian #foodforlife  #streetfood #streetfoodindia #jaipurchaat #foodporn #foodlove #foodbloger #jaipur #jaipur #foodlove #Chaatkachauraha #being_indian #pavbhaji #streetfood #foodforlife #jaipurchaat #foodporn #foodbloger #streetfoodindia",12,0,False,1534923666,7001089347,0
276,1852683446233966379,Bm2DcdGBacr,39881687_431084054067365_2277601713751851008_n.jpg,C:\Coding\projects\pavbhaji_model\machinelearningchallenge\dataset\dataset\images\0\39881687_431084054067365_2277601713751851008_n.jpg,0,First time making pav bhaji! #ChefReena #chef #pavbhaji #food #foodie #indianfood #cook #foodporn,,,#food #foodie #pavbhaji #chef #cook #foodporn #indianfood #ChefReena,,First time making pav bhaji! #ChefReena #chef #pavbhaji #food #foodie #indianfood #cook #foodporn #food #foodie #pavbhaji #chef #cook #foodporn #indianfood #ChefReena,20,5,False,1535077099,731544374,0
498,1850792796598816715,BmvVj4aH8_L,39810522_2065251833506122_6768139533826392064_n.jpg,C:\Coding\projects\pavbhaji_model\machinelearningchallenge\dataset\dataset\images\1\39810522_2065251833506122_6768139533826392064_n.jpg,1,"Pav Bhaji and Vada Pav is probably the best combination I have ever had 😍
The other day I was exploring Dwarka and I found this shop.
They sell different varieties of Pav Bhaji, Vada Pav and Tawa Pulao.
This place is a must must go.
The food is really good.
What: Pav Bhaji and Vada Pav
Where: FingerLickerz, Dwarka
#pavbhaji #vadapao #fingerlickerz #foodie #foodblogger #foodphotography #foodporn #dwarkafoodies #dwarka #dwarkadiaries #post #pictureoftheday #saturday #insta #instamusic #instagram #follower #follow_me #follow4follow #comment4comment #likeforlikes #likeforlike👍 #fff #fun #love #amazing #instag #tag #followme",,,#follow4follow #fun #foodphotography #foodblogger #foodie #followme #dwarkafoodies #likeforlike #amazing #vadapao #follower #insta #foodporn #fingerlickerz #post #instamusic #love #tag #dwarkadiaries #fff #instag #follow_me #dwarka #instagram #saturday #pavbhaji #comment4comment #pictureoftheday #likeforlikes,Fingerlickerz,"Pav Bhaji and Vada Pav is probably the best combination I have ever had 😍
The other day I was exploring Dwarka and I found this shop.
They sell different varieties of Pav Bhaji, Vada Pav and Tawa Pulao.
This place is a must must go.
The food is really good.
What: Pav Bhaji and Vada Pav
Where: FingerLickerz, Dwarka
#pavbhaji #vadapao #fingerlickerz #foodie #foodblogger #foodphotography #foodporn #dwarkafoodies #dwarka #dwarkadiaries #post #pictureoftheday #saturday #insta #instamusic #instagram #follower #follow_me #follow4follow #comment4comment #likeforlikes #likeforlike👍 #fff #fun #love #amazing #instag #tag #followme #follow4follow #fun #foodphotography #foodblogger #foodie #followme #dwarkafoodies #likeforlike #amazing #vadapao #follower #insta #foodporn #fingerlickerz #post #instamusic #love #tag #dwarkadiaries #fff #instag #follow_me #dwarka #instagram #saturday #pavbhaji #comment4comment #pictureoftheday #likeforlikes Fingerlickerz",732,54,False,1534851716,8195814873,0
444,1851305905157600792,BmxKOl_gHYY,38784954_485136318666162_7914654809616961536_n.jpg,C:\Coding\projects\pavbhaji_model\machinelearningchallenge\dataset\dataset\images\0\38784954_485136318666162_7914654809616961536_n.jpg,0,"Just Dabbin around 
@dailynutritionaldiet 
Do you like my t-shirt from @bewakoofofficial ?

Yes?

Double tap and comment yes 😍
.
.
.
.
.
.

Follow @foodcriticintown for more.
..
.
.
.
.
#pavbhaji #dwarka#chandigarhfoodblogger#chandigarhblogger #heydelhi #delhifoodblogger#foodtalkindia #zingyzest #vforveggie #foodmaniacindia#dillifoodies #saadidilli #mumbaifoodies #dilsefoodie#trellingfood #indianfoodie #desikhana #indianfoodblogger#hungrydilliwaali #grubzone #delhifoodwalks #mumbaiigers#indianstreetfood #delhifoodguide #saadidilli #sodelhi#delhitimes #delhibloggers #delhistreetfood #mumbaistreetfood

@thegirlinphulkari 
@thefooddestination 
@the__unknown_photographer 
@foodiebaniya 
@platetoplate.fromours.toyours 
@coupleonbike 
@brunchbabeindia",,,#mumbaistreetfood #foodmaniacindia #mumbaiigers #indianfoodie #indianstreetfood #vforveggie #chandigarhblogger #saadidilli #chandigarhfoodblogger #grubzone #mumbaifoodies #zingyzest #delhibloggers #delhifoodwalks #dillifoodies #hungrydilliwaali #indianfoodblogger #delhitimes #delhifoodblogger #dwarka #desikhana #delhistreetfood #heydelhi #pavbhaji #dilsefoodie #foodtalkindia #delhifoodguide #trellingfood #sodelhi,"Chandigarh, India","Just Dabbin around 
@dailynutritionaldiet 
Do you like my t-shirt from @bewakoofofficial ?

Yes?

Double tap and comment yes 😍
.
.
.
.
.
.

Follow @foodcriticintown for more.
..
.
.
.
.
#pavbhaji #dwarka#chandigarhfoodblogger#chandigarhblogger #heydelhi #delhifoodblogger#foodtalkindia #zingyzest #vforveggie #foodmaniacindia#dillifoodies #saadidilli #mumbaifoodies #dilsefoodie#trellingfood #indianfoodie #desikhana #indianfoodblogger#hungrydilliwaali #grubzone #delhifoodwalks #mumbaiigers#indianstreetfood #delhifoodguide #saadidilli #sodelhi#delhitimes #delhibloggers #delhistreetfood #mumbaistreetfood

@thegirlinphulkari 
@thefooddestination 
@the__unknown_photographer 
@foodiebaniya 
@platetoplate.fromours.toyours 
@coupleonbike 
@brunchbabeindia #mumbaistreetfood #foodmaniacindia #mumbaiigers #indianfoodie #indianstreetfood #vforveggie #chandigarhblogger #saadidilli #chandigarhfoodblogger #grubzone #mumbaifoodies #zingyzest #delhibloggers #delhifoodwalks #dillifoodies #hungrydilliwaali #indianfoodblogger #delhitimes #delhifoodblogger #dwarka #desikhana #delhistreetfood #heydelhi #pavbhaji #dilsefoodie #foodtalkindia #delhifoodguide #trellingfood #sodelhi Chandigarh, India",174,7,False,1534912883,315459022,0
361,1851991391694125960,BmzmFvFAnuI,38989714_335159500360068_1581850095932932096_n.jpg,C:\Coding\projects\pavbhaji_model\machinelearningchallenge\dataset\dataset\images\1\38989714_335159500360068_1581850095932932096_n.jpg,1,"Regrann from @v_for_veggie -  My Version of 'Cheesy Pav Bhaji'❤️💯 If you wanna Have it, Comment AWESOME. Tag your college friends😊😊
.
Who Wants to Have this.. Iss Baarish ke mausam mein😍😍😍
.
Follow @v_for_veggie.
@v_for_veggie.
@v_for_veggie.
@v_for_veggie.
@v_for_veggie.
.
#Picoftheday #Like4like #likesforlikes #sodelhi  #desi #mumbaikar #indianfood #platter #delhi_igers #iphone #dfordelhi #eeeeeats #delhigram #foodaholic #foodblogger #indian #delhidiaries #foodphotography #foodporn #foodcoma #foodtalkindia #instafood #soulfood #foodshot
#delhi #vforveggie #mumbaifoodie #mumbaifood #pavbhaji",,,#iphone #foodphotography #foodblogger #foodaholic #foodcoma #mumbaifoodie #vforveggie #indianfood #Like4like #Picoftheday #delhidiaries #instafood #foodporn #indian #platter #dfordelhi #foodshot #eeeeeats #desi #mumbaifood #likesforlikes #delhigram #soulfood #pavbhaji #delhi #foodtalkindia #delhi_igers #sodelhi #mumbaikar,,"Regrann from @v_for_veggie -  My Version of 'Cheesy Pav Bhaji'❤️💯 If you wanna Have it, Comment AWESOME. Tag your college friends😊😊
.
Who Wants to Have this.. Iss Baarish ke mausam mein😍😍😍
.
Follow @v_for_veggie.
@v_for_veggie.
@v_for_veggie.
@v_for_veggie.
@v_for_veggie.
.
#Picoftheday #Like4like #likesforlikes #sodelhi  #desi #mumbaikar #indianfood #platter #delhi_igers #iphone #dfordelhi #eeeeeats #delhigram #foodaholic #foodblogger #indian #delhidiaries #foodphotography #foodporn #foodcoma #foodtalkindia #instafood #soulfood #foodshot
#delhi #vforveggie #mumbaifoodie #mumbaifood #pavbhaji #iphone #foodphotography #foodblogger #foodaholic #foodcoma #mumbaifoodie #vforveggie #indianfood #Like4like #Picoftheday #delhidiaries #instafood #foodporn #indian #platter #dfordelhi #foodshot #eeeeeats #desi #mumbaifood #likesforlikes #delhigram #soulfood #pavbhaji #delhi #foodtalkindia #delhi_igers #sodelhi #mumbaikar",34,2,False,1534994599,8424510552,0
152,1853739960585084723,Bm5zqwwnt8z,39020749_215922622614226_6923725385548955648_n.jpg,C:\Coding\projects\pavbhaji_model\machinelearningchallenge\dataset\dataset\images\0\39020749_215922622614226_6923725385548955648_n.jpg,0,"Shaam ki chotti chotti bhookh k liye BHELPURI !!😋😋
.
.
.
follow @foodtalknoida .
.
.
#foodtalknoida #foodtalkindia #bhelpuri #chaat #streetfood #golgappe #pavbhaji #indianfood #chandigarhdiaries #chandigarh #foodblogger #travelgram #delhichaat #delhifood #delhifoodie #delhi #mumbai #mumbaikar #mumbaifood #kolkatagram #sodelhi #eatingfortheinsta #eatlocal #localguide #vscocam #vscofood #ifoodieneha4you #zingyzest #foodphotography #foodporn",,,#eatlocal #foodphotography #foodblogger #delhifoodie #mumbai #chandigarh #indianfood #eatingfortheinsta #localguide #ifoodieneha4you #delhichaat #kolkatagram #zingyzest #foodporn #golgappe #delhifood #foodtalknoida #chandigarhdiaries #bhelpuri #chaat #mumbaifood #vscofood #vscocam #streetfood #pavbhaji #travelgram #delhi #foodtalkindia #sodelhi #mumbaikar,"Panchkula, India","Shaam ki chotti chotti bhookh k liye BHELPURI !!😋😋
.
.
.
follow @foodtalknoida .
.
.
#foodtalknoida #foodtalkindia #bhelpuri #chaat #streetfood #golgappe #pavbhaji #indianfood #chandigarhdiaries #chandigarh #foodblogger #travelgram #delhichaat #delhifood #delhifoodie #delhi #mumbai #mumbaikar #mumbaifood #kolkatagram #sodelhi #eatingfortheinsta #eatlocal #localguide #vscocam #vscofood #ifoodieneha4you #zingyzest #foodphotography #foodporn #eatlocal #foodphotography #foodblogger #delhifoodie #mumbai #chandigarh #indianfood #eatingfortheinsta #localguide #ifoodieneha4you #delhichaat #kolkatagram #zingyzest #foodporn #golgappe #delhifood #foodtalknoida #chandigarhdiaries #bhelpuri #chaat #mumbaifood #vscofood #vscocam #streetfood #pavbhaji #travelgram #delhi #foodtalkindia #sodelhi #mumbaikar Panchkula, India",1318,41,False,1535203045,522216828,0
286,1842205745028688217,BmQ1F1bnmlZ,38097205_2217996134909292_9222562121986867200_n.jpg,C:\Coding\projects\pavbhaji_model\machinelearningchallenge\dataset\dataset\images\1\38097205_2217996134909292_9222562121986867200_n.jpg,1,"PAV BHAJI 
#pavbhaji😋 #lipsmackinggood #yummy #mumbaipavbhaji #homecookedfood #loveforbutter #droolicious #pavbhaji #likesforlike #followforfollowback #samsungs8photography .
.
.
.
#foodphotography #instalike #instagram #foodpics #chennaifoodie #chennaifoodiesclub #chennaiblogger #chennaifoodblogger #chennaibloggersclub #chennai",,,#samsungs8photography #instalike #loveforbutter #foodphotography #chennaifoodiesclub #followforfollowback #instagram #chennaifoodie #lipsmackinggood #pavbhaji #foodpics #chennaiblogger #mumbaipavbhaji #chennaifoodblogger #droolicious #yummy #homecookedfood #chennaibloggersclub #chennai #likesforlike,,"PAV BHAJI 
#pavbhaji😋 #lipsmackinggood #yummy #mumbaipavbhaji #homecookedfood #loveforbutter #droolicious #pavbhaji #likesforlike #followforfollowback #samsungs8photography .
.
.
.
#foodphotography #instalike #instagram #foodpics #chennaifoodie #chennaifoodiesclub #chennaiblogger #chennaifoodblogger #chennaibloggersclub #chennai #samsungs8photography #instalike #loveforbutter #foodphotography #chennaifoodiesclub #followforfollowback #instagram #chennaifoodie #lipsmackinggood #pavbhaji #foodpics #chennaiblogger #mumbaipavbhaji #chennaifoodblogger #droolicious #yummy #homecookedfood #chennaibloggersclub #chennai #likesforlike",14,0,False,1533828059,8398724736,0
143,1853773997059951073,Bm57aDsnUnh,39486352_318299062277081_2417943833187713024_n.jpg,C:\Coding\projects\pavbhaji_model\machinelearningchallenge\dataset\dataset\images\1\39486352_318299062277081_2417943833187713024_n.jpg,1,"Cheese Pav Bhaji at Amar, Juhu 😋 #eatupfatty #eatupfattydubai #mumbai #bombay #goa  #cheese  #pavbhaji #juhu #amar #dinner #foodofmumbai #mumbaifoodie  #dubai #dxb #dubaifood #mydubai #likeforlike #like4like #visitdubai #picoftheday #foodpic #foodphotography #food #foodie #foodblog #foodporn #foodblogger #foodpornshare  #mumbaifoodblogger ✨ #score 9/10
Add me on snapchat- eatupfatty for live food updates 😎🍴",,,#foodofmumbai #foodphotography #foodblogger #mumbai #dxb #amar #foodie #mumbaifoodie #visitdubai #likeforlike #foodpornshare #foodporn #foodblog #cheese #dubai #dubaifood #juhu #score #foodpic #picoftheday #mumbaifoodblogger #eatupfattydubai #bombay #food #dinner #eatupfatty #pavbhaji #mydubai #goa #like4like,Amar Juice Center,"Cheese Pav Bhaji at Amar, Juhu 😋 #eatupfatty #eatupfattydubai #mumbai #bombay #goa  #cheese  #pavbhaji #juhu #amar #dinner #foodofmumbai #mumbaifoodie  #dubai #dxb #dubaifood #mydubai #likeforlike #like4like #visitdubai #picoftheday #foodpic #foodphotography #food #foodie #foodblog #foodporn #foodblogger #foodpornshare  #mumbaifoodblogger ✨ #score 9/10
Add me on snapchat- eatupfatty for live food updates 😎🍴 #foodofmumbai #foodphotography #foodblogger #mumbai #dxb #amar #foodie #mumbaifoodie #visitdubai #likeforlike #foodpornshare #foodporn #foodblog #cheese #dubai #dubaifood #juhu #score #foodpic #picoftheday #mumbaifoodblogger #eatupfattydubai #bombay #food #dinner #eatupfatty #pavbhaji #mydubai #goa #like4like Amar Juice Center",69,1,False,1535207102,1758325662,0
168,1853622431254519574,Bm5Y8fCnx8W,39268440_251010829081801_6034508099753082880_n.jpg,C:\Coding\projects\pavbhaji_model\machinelearningchallenge\dataset\dataset\images\1\39268440_251010829081801_6034508099753082880_n.jpg,1,"Lunch scenes be like 😍😍
What do you think?
.
.
.
.
.
.
.
Follow @ourhungerstory 
Follow @ourhungerstory .
.
.
.
.
.
.
#ourhungerstory #foodlover #foodgasm #lovetoeat #indianfoodbloggers #f52grams #newdelhi #huffposttaste #eeeeeats #eatingforinsta #bloggersofinstagram #onmyplate #pavbhaji",,,#bloggersofinstagram #foodlover #eatingforinsta #huffposttaste #newdelhi #pavbhaji #indianfoodbloggers #ourhungerstory #lovetoeat #onmyplate #f52grams #foodgasm #eeeeeats,New Delhi,"Lunch scenes be like 😍😍
What do you think?
.
.
.
.
.
.
.
Follow @ourhungerstory 
Follow @ourhungerstory .
.
.
.
.
.
.
#ourhungerstory #foodlover #foodgasm #lovetoeat #indianfoodbloggers #f52grams #newdelhi #huffposttaste #eeeeeats #eatingforinsta #bloggersofinstagram #onmyplate #pavbhaji #bloggersofinstagram #foodlover #eatingforinsta #huffposttaste #newdelhi #pavbhaji #indianfoodbloggers #ourhungerstory #lovetoeat #onmyplate #f52grams #foodgasm #eeeeeats New Delhi",57,0,False,1535189034,6893185221,0
188,1853493578560393399,Bm47pbnj1C3,39385065_879510518894682_1901703410046992384_n.jpg,C:\Coding\projects\pavbhaji_model\machinelearningchallenge\dataset\dataset\images\0\39385065_879510518894682_1901703410046992384_n.jpg,0,"North Delhi's Best Paneer Tikka From Vaishno Chat Bhandar, Kamla Nagar
.
.
Tag Someone Who Would Love To Try This
VIDEO LINK IN BIO
#dilsefoodie #love #TFLers #pavbhaji #photooftheday #20likes #amazing #smile #like4like #look #instalike #picoftheday #food #instadaily #instafollow #followme #instagood #bestoftheday #instacool #instago",,,#instalike #picoftheday #instafollow #photooftheday #instagood #bestoftheday #food #love #TFLers #followme #pavbhaji #smile #dilsefoodie #instadaily #instacool #instago #20likes #amazing #look #like4like,"Kamla Nagar, New Delhi","North Delhi's Best Paneer Tikka From Vaishno Chat Bhandar, Kamla Nagar
.
.
Tag Someone Who Would Love To Try This
VIDEO LINK IN BIO
#dilsefoodie #love #TFLers #pavbhaji #photooftheday #20likes #amazing #smile #like4like #look #instalike #picoftheday #food #instadaily #instafollow #followme #instagood #bestoftheday #instacool #instago #instalike #picoftheday #instafollow #photooftheday #instagood #bestoftheday #food #love #TFLers #followme #pavbhaji #smile #dilsefoodie #instadaily #instacool #instago #20likes #amazing #look #like4like Kamla Nagar, New Delhi",5825,24,False,1535173674,357773830,0
299,1852367340945347739,Bm07khGlRSb,37517875_517464028707090_4877494440500920320_n.jpg,C:\Coding\projects\pavbhaji_model\machinelearningchallenge\dataset\dataset\images\0\37517875_517464028707090_4877494440500920320_n.jpg,0,"Some tasty moments from yesterday #EidUlAdha #Day1 #EidMubarak #BirthdayMoments 
#DarkChocolate  #coffeemocha #Waffles #PavBhaji #Dosa #DahiPuri #Chicken #Cheese #Toast #Sandwich #SheerKhurma #Kulfi #StreetFood #Eid & #Bday #Celebrations #SilverJubilee #Foodlove #Foodie #ILoveEating #Alhamdulillah 😍",,,#Dosa #Kulfi #coffeemocha #Alhamdulillah #DahiPuri #StreetFood #Waffles #Foodlove #Bday #Day1 #Sandwich #EidUlAdha #SheerKhurma #SilverJubilee #EidMubarak #BirthdayMoments #Celebrations #Foodie #DarkChocolate #Cheese #ILoveEating #Eid #Chicken #Toast #PavBhaji,,"Some tasty moments from yesterday #EidUlAdha #Day1 #EidMubarak #BirthdayMoments 
#DarkChocolate  #coffeemocha #Waffles #PavBhaji #Dosa #DahiPuri #Chicken #Cheese #Toast #Sandwich #SheerKhurma #Kulfi #StreetFood #Eid & #Bday #Celebrations #SilverJubilee #Foodlove #Foodie #ILoveEating #Alhamdulillah 😍 #Dosa #Kulfi #coffeemocha #Alhamdulillah #DahiPuri #StreetFood #Waffles #Foodlove #Bday #Day1 #Sandwich #EidUlAdha #SheerKhurma #SilverJubilee #EidMubarak #BirthdayMoments #Celebrations #Foodie #DarkChocolate #Cheese #ILoveEating #Eid #Chicken #Toast #PavBhaji",93,0,False,1535039416,1938825484,0
312,1852330996873926013,Bm0zTpDHZV9,38923045_2263160880583040_8037401652258406400_n.jpg,C:\Coding\projects\pavbhaji_model\machinelearningchallenge\dataset\dataset\images\1\38923045_2263160880583040_8037401652258406400_n.jpg,1,"Pav Bhaji Khaoge........ sab........z
.
Follow @dil_se_chatore for more updates!
.
#dilsechatore#pavbhaji#buttery#salad
#pav#bhaji#look#like#smile#amazing
#myfavorite#foods##food #foodporn #yum #instafood #yummy #amazing #instagood #photooftheday #sweet  #fresh #tasty #foodie #delish #delicious #eating",,,#bhaji #foodie #smile #eating #delicious #amazing #delish #salad #photooftheday #pav #instafood #buttery #myfavorite #foodporn #like #look #fresh #yum #sweet #yummy #instagood #foods #food #tasty #pavbhaji #dilsechatore,,"Pav Bhaji Khaoge........ sab........z
.
Follow @dil_se_chatore for more updates!
.
#dilsechatore#pavbhaji#buttery#salad
#pav#bhaji#look#like#smile#amazing
#myfavorite#foods##food #foodporn #yum #instafood #yummy #amazing #instagood #photooftheday #sweet  #fresh #tasty #foodie #delish #delicious #eating #bhaji #foodie #smile #eating #delicious #amazing #delish #salad #photooftheday #pav #instafood #buttery #myfavorite #foodporn #like #look #fresh #yum #sweet #yummy #instagood #foods #food #tasty #pavbhaji #dilsechatore",14,0,False,1535035083,256481974,0
163,1853664780085029930,Bm5ikvdnuwq,39251513_2141069376151149_4958572320558940160_n.jpg,C:\Coding\projects\pavbhaji_model\machinelearningchallenge\dataset\dataset\images\0\39251513_2141069376151149_4958572320558940160_n.jpg,0,"Red Hot Chilli Pepper Fries from @bistro37.india 😍😍
.
.
.
Follow @dilli_ki_teekhi_mirchi .
.
.
.
@zingyzest 
@saadidilli 
@thegreatindianfoodie 
@khaata_rahe_mera_dil 
@khau_gali_foodie 
@dillifoodjunkie 
@foodiebaniya 
@dilsefoodie 
@dillikabhukkad 
@whatdillieats 
@bhukkhadbybirth 
@delhifoodwalks 
@dillifoodies 
@thefood.vlogger 
@delhidelites 
@hungrydilliwaali 
@dilli_ke_pakwan 
@khane_pe_charchaaa 
@eatwith_pratik 
@eatreviewrepeat 
@_adatewithfood_ 
@tasteofgirl 
@saalafoodie 
@v_for_veggie 
@hunger_killer_ 
@getmemorefood 
@myhungerhikes
#fries #redhotchillipepperfries #iphonephotography #iphone #foodporn #foodgasm #foodtalkindia #nepal #westbengal #mumbaifoodie #delhifoodie #bengluru #sokolkata #delhifoodblogger #pavbhaji #indianfood #platter #delhieater #nomnom #nom #delhifoodies #waiwai #fries #pizza #parantha #icecream #chocolate #chocolatemilk #chocolatemilkshake",,,#westbengal #iphone #icecream #delhifoodie #sokolkata #mumbaifoodie #fries #indianfood #waiwai #redhotchillipepperfries #delhieater #foodporn #iphonephotography #platter #nomnom #nepal #bengluru #pizza #delhifoodies #nom #delhifoodblogger #chocolatemilk #pavbhaji #parantha #chocolatemilkshake #foodtalkindia #foodgasm #chocolate,Bistro 37,"Red Hot Chilli Pepper Fries from @bistro37.india 😍😍
.
.
.
Follow @dilli_ki_teekhi_mirchi .
.
.
.
@zingyzest 
@saadidilli 
@thegreatindianfoodie 
@khaata_rahe_mera_dil 
@khau_gali_foodie 
@dillifoodjunkie 
@foodiebaniya 
@dilsefoodie 
@dillikabhukkad 
@whatdillieats 
@bhukkhadbybirth 
@delhifoodwalks 
@dillifoodies 
@thefood.vlogger 
@delhidelites 
@hungrydilliwaali 
@dilli_ke_pakwan 
@khane_pe_charchaaa 
@eatwith_pratik 
@eatreviewrepeat 
@_adatewithfood_ 
@tasteofgirl 
@saalafoodie 
@v_for_veggie 
@hunger_killer_ 
@getmemorefood 
@myhungerhikes
#fries #redhotchillipepperfries #iphonephotography #iphone #foodporn #foodgasm #foodtalkindia #nepal #westbengal #mumbaifoodie #delhifoodie #bengluru #sokolkata #delhifoodblogger #pavbhaji #indianfood #platter #delhieater #nomnom #nom #delhifoodies #waiwai #fries #pizza #parantha #icecream #chocolate #chocolatemilk #chocolatemilkshake #westbengal #iphone #icecream #delhifoodie #sokolkata #mumbaifoodie #fries #indianfood #waiwai #redhotchillipepperfries #delhieater #foodporn #iphonephotography #platter #nomnom #nepal #bengluru #pizza #delhifoodies #nom #delhifoodblogger #chocolatemilk #pavbhaji #parantha #chocolatemilkshake #foodtalkindia #foodgasm #chocolate Bistro 37",91,0,False,1535194083,7815521541,0
133,1853837038814580863,Bm6Jvb6AVB_,39277090_1909269682701444_5325934763310055424_n.jpg,C:\Coding\projects\pavbhaji_model\machinelearningchallenge\dataset\dataset\images\0\39277090_1909269682701444_5325934763310055424_n.jpg,0,"This cray Twosome Dimsum Platter(₹179) and we cannot stop drooling 🤤
With four different varieties and three amazing dips, this platter is all you need for your Dimsum cravings! 
And the best part? They have Tandoori Dimsums as well *whatt*
Tag a momos lover ❤❤❤❤
••
@vibhu_kashyap
Follow @vibhu_kashyap for more such updates🍴
•

Regram from @vibhu_kashyap
.
Follow @vibhu_kashyap
Follow @vibhu_kashyap for more
Follow @vibhu_kashyap for more
Follow @vibhu_kashyap for more
.
.
.
.

#foodlovers #delhithali #mumbaithali #gujratithali #rajasthanithali #kokanthali #ardor2.1 #maharajathali #marathithali #maharashtrathali #marathifood #maharashtrafood #rajasthanifood #gujratifood #hydrabadithali #specialthali #bigthali #thalilovers #panipuri #bhel #bhelpuri #vadapav #pavbhaji #samosa #kolhapurithali #kolhapurifood #gulabjamun #pizza #pizzalovers #momos",,,#vadapav #maharajathali #gujratifood #rajasthanithali #pizzalovers #panipuri #maharashtrathali #gujratithali #bhel #kolhapurithali #momos #marathithali #marathifood #delhithali #foodlovers #maharashtrafood #bigthali #hydrabadithali #kokanthali #thalilovers #bhelpuri #pizza #rajasthanifood #samosa #kolhapurifood #ardor2 #pavbhaji #gulabjamun #mumbaithali #specialthali,,"This cray Twosome Dimsum Platter(₹179) and we cannot stop drooling 🤤
With four different varieties and three amazing dips, this platter is all you need for your Dimsum cravings! 
And the best part? They have Tandoori Dimsums as well *whatt*
Tag a momos lover ❤❤❤❤
••
@vibhu_kashyap
Follow @vibhu_kashyap for more such updates🍴
•

Regram from @vibhu_kashyap
.
Follow @vibhu_kashyap
Follow @vibhu_kashyap for more
Follow @vibhu_kashyap for more
Follow @vibhu_kashyap for more
.
.
.
.

#foodlovers #delhithali #mumbaithali #gujratithali #rajasthanithali #kokanthali #ardor2.1 #maharajathali #marathithali #maharashtrathali #marathifood #maharashtrafood #rajasthanifood #gujratifood #hydrabadithali #specialthali #bigthali #thalilovers #panipuri #bhel #bhelpuri #vadapav #pavbhaji #samosa #kolhapurithali #kolhapurifood #gulabjamun #pizza #pizzalovers #momos #vadapav #maharajathali #gujratifood #rajasthanithali #pizzalovers #panipuri #maharashtrathali #gujratithali #bhel #kolhapurithali #momos #marathithali #marathifood #delhithali #foodlovers #maharashtrafood #bigthali #hydrabadithali #kokanthali #thalilovers #bhelpuri #pizza #rajasthanifood #samosa #kolhapurifood #ardor2 #pavbhaji #gulabjamun #mumbaithali #specialthali",42,2,False,1535214618,1999574455,0
200,1853278471541575750,Bm4KvNmHVBG,39915880_1716656338456436_4113726659725623296_n.jpg,C:\Coding\projects\pavbhaji_model\machinelearningchallenge\dataset\dataset\images\1\39915880_1716656338456436_4113726659725623296_n.jpg,1,#pavbhaji #yummyinmytummy #💙,,,#pavbhaji #yummyinmytummy,,#pavbhaji #yummyinmytummy #💙 #pavbhaji #yummyinmytummy,22,0,False,1535148031,7152267506,0
305,1852348292631205701,Bm03PU-lZdF,39103988_277804306160814_4227936359886618624_n.jpg,C:\Coding\projects\pavbhaji_model\machinelearningchallenge\dataset\dataset\images\1\39103988_277804306160814_4227936359886618624_n.jpg,1,Easy weekday meal planning #pavbhaji #homemade #homecooked #vegetarian #streetfood #vegetarianrecipes #foodphotography #foodphotographer #foodstagram #food #foodie #bespecycooks #weekday #lategram #dinner #mumbai #indian #india #indianfood,,,#vegetarianrecipes #indian #foodphotography #india #food #bespecycooks #dinner #mumbai #foodie #homecooked #streetfood #pavbhaji #vegetarian #foodphotographer #lategram #indianfood #foodstagram #homemade #weekday,,Easy weekday meal planning #pavbhaji #homemade #homecooked #vegetarian #streetfood #vegetarianrecipes #foodphotography #foodphotographer #foodstagram #food #foodie #bespecycooks #weekday #lategram #dinner #mumbai #indian #india #indianfood #vegetarianrecipes #indian #foodphotography #india #food #bespecycooks #dinner #mumbai #foodie #homecooked #streetfood #pavbhaji #vegetarian #foodphotographer #lategram #indianfood #foodstagram #homemade #weekday,33,1,False,1535037145,628271194,0
484,1850884349522504506,BmvqYJtnms6,39040069_983988018447482_4503421785659670528_n.jpg,C:\Coding\projects\pavbhaji_model\machinelearningchallenge\dataset\dataset\images\1\39040069_983988018447482_4503421785659670528_n.jpg,1,"💯🔥KEEP CALM AND EAT PAV BHAJI!!😍😋😻
................It's time for PAV BHAJI🤗
**************************************************
💯💃💃❤💃💃💃❤💃💃💃💃❤💃💃💃💃💃
=======================================
For more updates and posts😋😎
TAG PaVbhAjI lover🔥💯
Follow👉@the_luscious_foodie🔥💯
💚💔🖤❤💛💓💙💗😋💞🔥😃💥💟💜😍😎😀
---------------------------------------------------------------------------
🔝🔝🔝🔝🔥🔝🔝🔝💯🔝🔝🔝🔝🔥🔝🔝
#pavbhaji #indianfood #mumbai #foodporn #delhi #food #foodie #yummy #foodphotography #like #mumbaifoodie #india #tasty #streetfood #marathi #pune #foodgasm #foodlover #dost #sodelhi #inspiration #lovestory #delhifoodblogger #pyaar #mumbaikars #bandra #bandstand #dharavi #navimumbaikar #bhfyp",,,#foodphotography #mumbai #foodie #mumbaifoodie #indianfood #foodlover #mumbaikars #lovestory #bandstand #foodporn #like #pune #india #pyaar #bandra #inspiration #yummy #dost #delhifoodblogger #foodgasm #food #tasty #bhfyp #navimumbaikar #streetfood #pavbhaji #delhi #dharavi #sodelhi #marathi,,"💯🔥KEEP CALM AND EAT PAV BHAJI!!😍😋😻
................It's time for PAV BHAJI🤗
**************************************************
💯💃💃❤💃💃💃❤💃💃💃💃❤💃💃💃💃💃
=======================================
For more updates and posts😋😎
TAG PaVbhAjI lover🔥💯
Follow👉@the_luscious_foodie🔥💯
💚💔🖤❤💛💓💙💗😋💞🔥😃💥💟💜😍😎😀
---------------------------------------------------------------------------
🔝🔝🔝🔝🔥🔝🔝🔝💯🔝🔝🔝🔝🔥🔝🔝
#pavbhaji #indianfood #mumbai #foodporn #delhi #food #foodie #yummy #foodphotography #like #mumbaifoodie #india #tasty #streetfood #marathi #pune #foodgasm #foodlover #dost #sodelhi #inspiration #lovestory #delhifoodblogger #pyaar #mumbaikars #bandra #bandstand #dharavi #navimumbaikar #bhfyp #foodphotography #mumbai #foodie #mumbaifoodie #indianfood #foodlover #mumbaikars #lovestory #bandstand #foodporn #like #pune #india #pyaar #bandra #inspiration #yummy #dost #delhifoodblogger #foodgasm #food #tasty #bhfyp #navimumbaikar #streetfood #pavbhaji #delhi #dharavi #sodelhi #marathi",19,1,False,1534862630,8254992860,0
410,1851473843330116889,Bmxwaamnm0Z,39199926_957340961116255_2319589631865126912_n.jpg,C:\Coding\projects\pavbhaji_model\machinelearningchallenge\dataset\dataset\images\0\39199926_957340961116255_2319589631865126912_n.jpg,0,"Adding these delicacies to your menu brings more happiness to the occasion. 
Call now to select your menu.
9869308338
www.tanveecaterers.com

#catering #indiancuisine #chaat #food #love #foodlove #panipuri #pavbhaji #dosa #pizza #burger #noodles #chinesecuisine #manchurian #wedding #birthday #engagement #reception #events #dombivli #dombivlikar #tanveecaterers #menu #tasty #delicacies #happiness #occasion #thane #mumbai",,,#engagement #wedding #mumbai #panipuri #happiness #tanveecaterers #foodlove #manchurian #dombivlikar #thane #events #delicacies #burger #chaat #love #catering #chinesecuisine #menu #noodles #dombivli #pizza #dosa #birthday #indiancuisine #food #tasty #occasion #pavbhaji #reception,"Dombivli, India","Adding these delicacies to your menu brings more happiness to the occasion. 
Call now to select your menu.
9869308338
www.tanveecaterers.com

#catering #indiancuisine #chaat #food #love #foodlove #panipuri #pavbhaji #dosa #pizza #burger #noodles #chinesecuisine #manchurian #wedding #birthday #engagement #reception #events #dombivli #dombivlikar #tanveecaterers #menu #tasty #delicacies #happiness #occasion #thane #mumbai #engagement #wedding #mumbai #panipuri #happiness #tanveecaterers #foodlove #manchurian #dombivlikar #thane #events #delicacies #burger #chaat #love #catering #chinesecuisine #menu #noodles #dombivli #pizza #dosa #birthday #indiancuisine #food #tasty #occasion #pavbhaji #reception Dombivli, India",14,0,False,1534932903,8406447361,0
437,1851336278781815331,BmxRIlolWoj,39356468_1068021943364067_2410642221280788480_n.jpg,C:\Coding\projects\pavbhaji_model\machinelearningchallenge\dataset\dataset\images\0\39356468_1068021943364067_2410642221280788480_n.jpg,0,"“ First we eat, then we do everything else. ""
#pavbhaji 💙
.
#food #foodlover #foddie #foodie #bhaji #dish #mumbaifoodie #traveller #travel #eating #share #tag #delhifoodie #delhifood #rajasthani #blog #photography #foodphotography #lunch #snacks #pizza #plate #ekplate #yellowplate",,,#foodphotography #bhaji #delhifoodie #foodie #mumbaifoodie #eating #rajasthani #plate #lunch #ekplate #yellowplate #share #snacks #foodlover #travel #dish #traveller #delhifood #tag #photography #blog #pizza #food #pavbhaji #foddie,Roadside Foods,"“ First we eat, then we do everything else. ""
#pavbhaji 💙
.
#food #foodlover #foddie #foodie #bhaji #dish #mumbaifoodie #traveller #travel #eating #share #tag #delhifoodie #delhifood #rajasthani #blog #photography #foodphotography #lunch #snacks #pizza #plate #ekplate #yellowplate #foodphotography #bhaji #delhifoodie #foodie #mumbaifoodie #eating #rajasthani #plate #lunch #ekplate #yellowplate #share #snacks #foodlover #travel #dish #traveller #delhifood #tag #photography #blog #pizza #food #pavbhaji #foddie Roadside Foods",86,2,False,1534916504,2701540814,0
199,1853283501225069075,Bm4L4Z2nMoT,39086368_2668852040006101_7830620413137780736_n.jpg,C:\Coding\projects\pavbhaji_model\machinelearningchallenge\dataset\dataset\images\1\39086368_2668852040006101_7830620413137780736_n.jpg,1,"*ill focused* but yummiest spicy #pavbhaji 😻

#pavbhaji #pavbhaji😋
#pavbhajilovers #pavbhaji😍😍 #loveforfood #indianfood #foodcrushing #foodcrush #foodforthought #spicyfood #spicy #yummm #taste #foodporn #yummm #foodgasm #lovefood #pav #bhaji #streetfoodlover #streetfoodtraveller #foodie #puneri #punefood #punelife",,,#foodcrushing #punelife #bhaji #foodie #indianfood #lovefood #streetfoodlover #spicyfood #loveforfood #spicy #pav #taste #foodporn #streetfoodtraveller #foodforthought #foodcrush #punefood #pavbhajilovers #yummm #puneri #pavbhaji #foodgasm,"Pune, Maharashtra","*ill focused* but yummiest spicy #pavbhaji 😻

#pavbhaji #pavbhaji😋
#pavbhajilovers #pavbhaji😍😍 #loveforfood #indianfood #foodcrushing #foodcrush #foodforthought #spicyfood #spicy #yummm #taste #foodporn #yummm #foodgasm #lovefood #pav #bhaji #streetfoodlover #streetfoodtraveller #foodie #puneri #punefood #punelife #foodcrushing #punelife #bhaji #foodie #indianfood #lovefood #streetfoodlover #spicyfood #loveforfood #spicy #pav #taste #foodporn #streetfoodtraveller #foodforthought #foodcrush #punefood #pavbhajilovers #yummm #puneri #pavbhaji #foodgasm Pune, Maharashtra",21,3,False,1535148631,8038702544,0
221,1853073559784319367,Bm3cJWpnOmH,38271146_519502405163787_7451784965982781440_n.jpg,C:\Coding\projects\pavbhaji_model\machinelearningchallenge\dataset\dataset\images\0\38271146_519502405163787_7451784965982781440_n.jpg,0,"PAV BHAJI CONES🔥
.
I’m always up for trying different kinds of FUSION FOOD. This one stole my heart ♥️🙈🤪
.
TAG SOMEONE WHO WOULD LOVE TO TRY THIS 😎🔥🤩
.
#foodiesofinstagram #foodiesofindia #fusionfood #foodcoma #foodphoto #foodfeed #buzzfeedfood #foodlovers #foodgram #foodblogs #indianfoodbloggers #delhifoodie #mumbaifoodie #foodbloggerdelhi #delhiigers #delhilife #instafoodie #instafood #instaworthy #sogood #indianfusion #indianfusionfood #pavbhaji #westdelhi #decode #eatfamous #eatme #eatstagram",,,#foodgram #instafoodie #delhifoodie #foodcoma #mumbaifoodie #foodiesofindia #indianfoodbloggers #foodfeed #foodblogs #delhilife #instaworthy #eatstagram #instafood #foodiesofinstagram #decode #eatfamous #foodlovers #fusionfood #foodbloggerdelhi #westdelhi #foodphoto #indianfusionfood #buzzfeedfood #indianfusion #pavbhaji #eatme #delhiigers #sogood,Decode,"PAV BHAJI CONES🔥
.
I’m always up for trying different kinds of FUSION FOOD. This one stole my heart ♥️🙈🤪
.
TAG SOMEONE WHO WOULD LOVE TO TRY THIS 😎🔥🤩
.
#foodiesofinstagram #foodiesofindia #fusionfood #foodcoma #foodphoto #foodfeed #buzzfeedfood #foodlovers #foodgram #foodblogs #indianfoodbloggers #delhifoodie #mumbaifoodie #foodbloggerdelhi #delhiigers #delhilife #instafoodie #instafood #instaworthy #sogood #indianfusion #indianfusionfood #pavbhaji #westdelhi #decode #eatfamous #eatme #eatstagram #foodgram #instafoodie #delhifoodie #foodcoma #mumbaifoodie #foodiesofindia #indianfoodbloggers #foodfeed #foodblogs #delhilife #instaworthy #eatstagram #instafood #foodiesofinstagram #decode #eatfamous #foodlovers #fusionfood #foodbloggerdelhi #westdelhi #foodphoto #indianfusionfood #buzzfeedfood #indianfusion #pavbhaji #eatme #delhiigers #sogood Decode",1673,22,False,1535123604,5764663175,0
363,1851977315475551397,Bmzi45lAHSl,39140388_2132450516827011_5304971032233246720_n.jpg,C:\Coding\projects\pavbhaji_model\machinelearningchallenge\dataset\dataset\images\1\39140388_2132450516827011_5304971032233246720_n.jpg,1,Come by your local Royal Paan location for some savoury Indian street food snacks 😩😍 #royalpaan #dabeli #pav #pavbhaji #bhaji #saucey #indianfood #breadsauce #desi #streetfood #cravings #latenight,,,#desi #latenight #bhaji #saucey #cravings #streetfood #pavbhaji #pav #breadsauce #royalpaan #indianfood #dabeli,,Come by your local Royal Paan location for some savoury Indian street food snacks 😩😍 #royalpaan #dabeli #pav #pavbhaji #bhaji #saucey #indianfood #breadsauce #desi #streetfood #cravings #latenight #desi #latenight #bhaji #saucey #cravings #streetfood #pavbhaji #pav #breadsauce #royalpaan #indianfood #dabeli,41,7,False,1534992921,7302190268,0
360,1851998326531039306,BmznqppgCBK,38814650_320287231871013_2181239122592111805_n.jpg,C:\Coding\projects\pavbhaji_model\machinelearningchallenge\dataset\dataset\images\0\38814650_320287231871013_2181239122592111805_n.jpg,0,"How about some super healthy pasta?
.
.
.
This is Whole wheat Penne Pasta prepared without any kind of preservatives.
.
.
Go try this @ajaindia .
.
Follow @foodcriticintown for more.
..
.
.
.
.
#pavbhaji #dwarka#chandigarhfoodblogger#chandigarhblogger #heydelhi #delhifoodblogger#foodtalkindia #zingyzest #vforveggie #foodmaniacindia#dillifoodies #saadidilli #mumbaifoodies #dilsefoodie#trellingfood #indianfoodie #desikhana #indianfoodblogger#hungrydilliwaali #grubzone #delhifoodwalks #mumbaiigers#indianstreetfood #delhifoodguide #saadidilli #sodelhi#delhitimes #delhibloggers #delhistreetfood #mumbaistreetfood

@thegirlinphulkari 
@thefooddestination 
@the__unknown_photographer 
@foodiebaniya 
@platetoplate.fromours.toyours 
@coupleonbike 
@brunchbabeindia",,,#mumbaistreetfood #foodmaniacindia #mumbaiigers #indianfoodie #indianstreetfood #vforveggie #chandigarhblogger #saadidilli #chandigarhfoodblogger #grubzone #mumbaifoodies #zingyzest #delhibloggers #delhifoodwalks #dillifoodies #hungrydilliwaali #indianfoodblogger #delhitimes #delhifoodblogger #dwarka #desikhana #delhistreetfood #heydelhi #pavbhaji #dilsefoodie #foodtalkindia #delhifoodguide #trellingfood #sodelhi,"AJA Fresh, Grilled & Healthy","How about some super healthy pasta?
.
.
.
This is Whole wheat Penne Pasta prepared without any kind of preservatives.
.
.
Go try this @ajaindia .
.
Follow @foodcriticintown for more.
..
.
.
.
.
#pavbhaji #dwarka#chandigarhfoodblogger#chandigarhblogger #heydelhi #delhifoodblogger#foodtalkindia #zingyzest #vforveggie #foodmaniacindia#dillifoodies #saadidilli #mumbaifoodies #dilsefoodie#trellingfood #indianfoodie #desikhana #indianfoodblogger#hungrydilliwaali #grubzone #delhifoodwalks #mumbaiigers#indianstreetfood #delhifoodguide #saadidilli #sodelhi#delhitimes #delhibloggers #delhistreetfood #mumbaistreetfood

@thegirlinphulkari 
@thefooddestination 
@the__unknown_photographer 
@foodiebaniya 
@platetoplate.fromours.toyours 
@coupleonbike 
@brunchbabeindia #mumbaistreetfood #foodmaniacindia #mumbaiigers #indianfoodie #indianstreetfood #vforveggie #chandigarhblogger #saadidilli #chandigarhfoodblogger #grubzone #mumbaifoodies #zingyzest #delhibloggers #delhifoodwalks #dillifoodies #hungrydilliwaali #indianfoodblogger #delhitimes #delhifoodblogger #dwarka #desikhana #delhistreetfood #heydelhi #pavbhaji #dilsefoodie #foodtalkindia #delhifoodguide #trellingfood #sodelhi AJA Fresh, Grilled & Healthy",890,6,False,1534995426,315459022,0
349,1852071145537512206,Bmz4OTog6MO,38920067_278208809673501_708837996622774272_n.jpg,C:\Coding\projects\pavbhaji_model\machinelearningchallenge\dataset\dataset\images\0\38920067_278208809673501_708837996622774272_n.jpg,0,#mumbai #dharavi #bandstand #bandra #navimumbaikar #dadar #mumbaikars #marathi #maharashtra #vada #pavbhaji #dost #pyaar #lovestory #inspiration #india #jaibhim #pune #nashik #panvel #marathination #misalpav #konkan  #like #delhi #punjab #nagpur #ladki #desi #yaar,,,#nashik #punjab #mumbai #misalpav #yaar #maharashtra #panvel #ladki #konkan #dadar #mumbaikars #lovestory #jaibhim #bandstand #nagpur #like #pune #india #pyaar #bandra #inspiration #dost #desi #vada #marathination #navimumbaikar #pavbhaji #delhi #dharavi #marathi,,#mumbai #dharavi #bandstand #bandra #navimumbaikar #dadar #mumbaikars #marathi #maharashtra #vada #pavbhaji #dost #pyaar #lovestory #inspiration #india #jaibhim #pune #nashik #panvel #marathination #misalpav #konkan  #like #delhi #punjab #nagpur #ladki #desi #yaar #nashik #punjab #mumbai #misalpav #yaar #maharashtra #panvel #ladki #konkan #dadar #mumbaikars #lovestory #jaibhim #bandstand #nagpur #like #pune #india #pyaar #bandra #inspiration #dost #desi #vada #marathination #navimumbaikar #pavbhaji #delhi #dharavi #marathi,13,0,False,1535004107,4651962678,0
203,1853215674000914791,Bm38dY1Arln,39132499_2244869699130002_2839837311032623104_n.jpg,C:\Coding\projects\pavbhaji_model\machinelearningchallenge\dataset\dataset\images\1\39132499_2244869699130002_2839837311032623104_n.jpg,1,After multiple failures of git pipeline I decided to give up for the day and eat some street food. May be after this will go to the medical dispensary across the road. #streetfood #pavbhaji #pavbhajihut,,,#pavbhaji #pavbhajihut #streetfood,"Sunnyvale, California","After multiple failures of git pipeline I decided to give up for the day and eat some street food. May be after this will go to the medical dispensary across the road. #streetfood #pavbhaji #pavbhajihut #pavbhaji #pavbhajihut #streetfood Sunnyvale, California",6,0,False,1535140545,2633861,0
288,1801702014913228082,BkA7m_OAi0y,34874678_217155915753039_6705436451573596160_n.jpg,C:\Coding\projects\pavbhaji_model\machinelearningchallenge\dataset\dataset\images\1\34874678_217155915753039_6705436451573596160_n.jpg,1,#chembur #pavbhaji,,,#pavbhaji #chembur,Chambur Mumbai,#chembur #pavbhaji #pavbhaji #chembur Chambur Mumbai,0,0,False,1528999638,5652761799,0
29,1855139065140035634,Bm-xyaan0Ay,39050421_254230828558523_4280673838112440320_n.jpg,C:\Coding\projects\pavbhaji_model\machinelearningchallenge\dataset\dataset\images\0\39050421_254230828558523_4280673838112440320_n.jpg,0,"Ese badia mausam mai pakore to bante hein aur jub ""MIRCHI Pakoda"" Mere samne ho to kucch aur samjh nhi aata !!😉😋
.
.
.
Kya aapka bhi baarish k mausam mai pakore khane ka mann krta hai ? 🌧🌧🌧🌧🌧
.
.
.
follow @foodtalknoida
.
.
.
#foodtalknoida #mirchipakoda #pakora #itsraining #himachal #kasaulitrip #kasauli #kasaulihills #kasaulidiaries #photooftheday #eatlocal #localguide #eatingfortheinsta #delhi #delhifoodie #delhifood #friedfood #foodforthemood #mumbaifoodie #mumbaikar #foodphotography #foodporn #ifoodieneha4you #golgappe #pavbhaji #mumbai_igers #travelgram #travelblogger #foodtalkindia",,,#eatlocal #foodphotography #delhifoodie #kasaulihills #mumbaifoodie #pakora #himachal #photooftheday #friedfood #eatingfortheinsta #kasauli #localguide #ifoodieneha4you #foodporn #golgappe #mumbai_igers #delhifood #foodtalknoida #mirchipakoda #kasaulidiaries #travelgram #pavbhaji #delhi #itsraining #foodforthemood #foodtalkindia #kasaulitrip #travelblogger #mumbaikar,Kasauli,"Ese badia mausam mai pakore to bante hein aur jub ""MIRCHI Pakoda"" Mere samne ho to kucch aur samjh nhi aata !!😉😋
.
.
.
Kya aapka bhi baarish k mausam mai pakore khane ka mann krta hai ? 🌧🌧🌧🌧🌧
.
.
.
follow @foodtalknoida
.
.
.
#foodtalknoida #mirchipakoda #pakora #itsraining #himachal #kasaulitrip #kasauli #kasaulihills #kasaulidiaries #photooftheday #eatlocal #localguide #eatingfortheinsta #delhi #delhifoodie #delhifood #friedfood #foodforthemood #mumbaifoodie #mumbaikar #foodphotography #foodporn #ifoodieneha4you #golgappe #pavbhaji #mumbai_igers #travelgram #travelblogger #foodtalkindia #eatlocal #foodphotography #delhifoodie #kasaulihills #mumbaifoodie #pakora #himachal #photooftheday #friedfood #eatingfortheinsta #kasauli #localguide #ifoodieneha4you #foodporn #golgappe #mumbai_igers #delhifood #foodtalknoida #mirchipakoda #kasaulidiaries #travelgram #pavbhaji #delhi #itsraining #foodforthemood #foodtalkindia #kasaulitrip #travelblogger #mumbaikar Kasauli",231,18,False,1535369831,522216828,0
134,1853836179084725631,Bm6Ji7OHM1_,39370549_534277150334808_2253681365843181568_n.jpg,C:\Coding\projects\pavbhaji_model\machinelearningchallenge\dataset\dataset\images\0\39370549_534277150334808_2253681365843181568_n.jpg,0,#BeatsAndEats #Homemade #PavBhaji #FoodPorn #ComeOverBetch #JuHungry it was so good I had to #latergram this,,,#BeatsAndEats #Homemade #PavBhaji #ComeOverBetch #latergram #JuHungry #FoodPorn,,#BeatsAndEats #Homemade #PavBhaji #FoodPorn #ComeOverBetch #JuHungry it was so good I had to #latergram this #BeatsAndEats #Homemade #PavBhaji #ComeOverBetch #latergram #JuHungry #FoodPorn,35,0,False,1535214515,350233579,0
283,1852424417343241254,Bm1IjFpAPwm,38901131_2328043544091268_7700833807192031232_n.jpg,C:\Coding\projects\pavbhaji_model\machinelearningchallenge\dataset\dataset\images\0\38901131_2328043544091268_7700833807192031232_n.jpg,0,"Chole bature.. There’s no food like indian food.. @vibhu_kashyap

Do you like it ?? Comment!! 💖💖💖💕💕💕💕 Follow for more --- @vibhu_kashyap ❤❤❤❤ Tag your friends 😉😉🤗🤗🤗 👉@vibhu_kashyap 👈 .
Follow @vibhu_kashyap
Follow @vibhu_kashyap for more
Follow @vibhu_kashyap for more
Follow @vibhu_kashyap for more
.
.
.
.

#foodlovers #delhithali #mumbaithali #gujratithali #rajasthanithali #kokanthali #ardor2.1 #maharajathali #marathithali #maharashtrathali #marathifood #maharashtrafood #rajasthanifood #gujratifood #hydrabadithali #specialthali #bigthali #thalilovers #panipuri #bhel #bhelpuri #vadapav #pavbhaji #samosa #kolhapurithali #kolhapurifood #gulabjamun #pizza #pizzalovers #cholebhature",,,#vadapav #maharajathali #gujratifood #rajasthanithali #pizzalovers #panipuri #maharashtrathali #gujratithali #bhel #kolhapurithali #marathithali #marathifood #cholebhature #delhithali #foodlovers #maharashtrafood #bigthali #hydrabadithali #kokanthali #thalilovers #bhelpuri #pizza #rajasthanifood #samosa #kolhapurifood #ardor2 #pavbhaji #gulabjamun #mumbaithali #specialthali,,"Chole bature.. There’s no food like indian food.. @vibhu_kashyap

Do you like it ?? Comment!! 💖💖💖💕💕💕💕 Follow for more --- @vibhu_kashyap ❤❤❤❤ Tag your friends 😉😉🤗🤗🤗 👉@vibhu_kashyap 👈 .
Follow @vibhu_kashyap
Follow @vibhu_kashyap for more
Follow @vibhu_kashyap for more
Follow @vibhu_kashyap for more
.
.
.
.

#foodlovers #delhithali #mumbaithali #gujratithali #rajasthanithali #kokanthali #ardor2.1 #maharajathali #marathithali #maharashtrathali #marathifood #maharashtrafood #rajasthanifood #gujratifood #hydrabadithali #specialthali #bigthali #thalilovers #panipuri #bhel #bhelpuri #vadapav #pavbhaji #samosa #kolhapurithali #kolhapurifood #gulabjamun #pizza #pizzalovers #cholebhature #vadapav #maharajathali #gujratifood #rajasthanithali #pizzalovers #panipuri #maharashtrathali #gujratithali #bhel #kolhapurithali #marathithali #marathifood #cholebhature #delhithali #foodlovers #maharashtrafood #bigthali #hydrabadithali #kokanthali #thalilovers #bhelpuri #pizza #rajasthanifood #samosa #kolhapurifood #ardor2 #pavbhaji #gulabjamun #mumbaithali #specialthali",57,2,False,1535046220,1999574455,0
502,1850749895403531242,BmvLzljnmvq,38855376_671151426575614_1084140094442438656_n.jpg,C:\Coding\projects\pavbhaji_model\machinelearningchallenge\dataset\dataset\images\1\38855376_671151426575614_1084140094442438656_n.jpg,1,"In the pic: Pav Bhaji
.
.
.
place : Surti hotel.
.
..
This is one stop hotel ...with good food whenever m in bhuleshwar area.After tiring shopping this is place we prefer for break...it serves realli scrumptious pav bhaji, so relished the same 😋
.
.
#foodlover #foodgasm #food #foodie #foodstagram #foodporn #foodpics #foodphotography #pavbhaji #mumbaiblogger #mumbaifood #mumbaifoodblogger #mumbaistreetfood #mumbaifoodscenes #nomnom #instagramers #instafood #instafoodie #gourmettales",,,#mumbaistreetfood #mumbaifoodblogger #nomnom #foodlover #mumbaifood #foodphotography #instafoodie #food #mumbaifoodscenes #foodie #mumbaiblogger #pavbhaji #instagramers #instafood #gourmettales #foodporn #foodpics #foodstagram #foodgasm,,"In the pic: Pav Bhaji
.
.
.
place : Surti hotel.
.
..
This is one stop hotel ...with good food whenever m in bhuleshwar area.After tiring shopping this is place we prefer for break...it serves realli scrumptious pav bhaji, so relished the same 😋
.
.
#foodlover #foodgasm #food #foodie #foodstagram #foodporn #foodpics #foodphotography #pavbhaji #mumbaiblogger #mumbaifood #mumbaifoodblogger #mumbaistreetfood #mumbaifoodscenes #nomnom #instagramers #instafood #instafoodie #gourmettales #mumbaistreetfood #mumbaifoodblogger #nomnom #foodlover #mumbaifood #foodphotography #instafoodie #food #mumbaifoodscenes #foodie #mumbaiblogger #pavbhaji #instagramers #instafood #gourmettales #foodporn #foodpics #foodstagram #foodgasm",15,1,False,1534846601,7300745233,0
191,1853479683576914802,Bm44fO6AWNy,39257525_709237039426244_3240674450109332422_n.jpg,C:\Coding\projects\pavbhaji_model\machinelearningchallenge\dataset\dataset\images\0\39257525_709237039426244_3240674450109332422_n.jpg,0,"Happiness is pizza with lots of Cheese 😍.
.
.
.
.
Want some?.
Place : @amigoscafeindia
.
.
.
#pavbhaji #dwarka#chandigarhfoodblogger#chandigarhblogger #heydelhi #delhifoodblogger#foodtalkindia #zingyzest #vforveggie #foodmaniacindia#dillifoodies #saadidilli #mumbaifoodies #dilsefoodie#trellingfood #indianfoodie #desikhana #indianfoodblogger#hungrydilliwaali #grubzone #delhifoodwalks #mumbaiigers#indianstreetfood #delhifoodguide #saadidilli #sodelhi#delhitimes #delhibloggers #delhistreetfood #mumbaistreetfood

@thegirlinphulkari 
@thefooddestination 
@the__unknown_photographer 
@foodiebaniya 
@platetoplate.fromours.toyours 
@coupleonbike 
@brunchbabeindia",,,#mumbaistreetfood #foodmaniacindia #mumbaiigers #indianfoodie #indianstreetfood #vforveggie #chandigarhblogger #saadidilli #chandigarhfoodblogger #grubzone #mumbaifoodies #zingyzest #delhibloggers #delhifoodwalks #dillifoodies #hungrydilliwaali #indianfoodblogger #delhitimes #delhifoodblogger #dwarka #desikhana #delhistreetfood #heydelhi #pavbhaji #dilsefoodie #foodtalkindia #delhifoodguide #trellingfood #sodelhi,"Chandigarh, India","Happiness is pizza with lots of Cheese 😍.
.
.
.
.
Want some?.
Place : @amigoscafeindia
.
.
.
#pavbhaji #dwarka#chandigarhfoodblogger#chandigarhblogger #heydelhi #delhifoodblogger#foodtalkindia #zingyzest #vforveggie #foodmaniacindia#dillifoodies #saadidilli #mumbaifoodies #dilsefoodie#trellingfood #indianfoodie #desikhana #indianfoodblogger#hungrydilliwaali #grubzone #delhifoodwalks #mumbaiigers#indianstreetfood #delhifoodguide #saadidilli #sodelhi#delhitimes #delhibloggers #delhistreetfood #mumbaistreetfood

@thegirlinphulkari 
@thefooddestination 
@the__unknown_photographer 
@foodiebaniya 
@platetoplate.fromours.toyours 
@coupleonbike 
@brunchbabeindia #mumbaistreetfood #foodmaniacindia #mumbaiigers #indianfoodie #indianstreetfood #vforveggie #chandigarhblogger #saadidilli #chandigarhfoodblogger #grubzone #mumbaifoodies #zingyzest #delhibloggers #delhifoodwalks #dillifoodies #hungrydilliwaali #indianfoodblogger #delhitimes #delhifoodblogger #dwarka #desikhana #delhistreetfood #heydelhi #pavbhaji #dilsefoodie #foodtalkindia #delhifoodguide #trellingfood #sodelhi Chandigarh, India",320,5,False,1535172017,315459022,0
112,1854193188257114385,Bm7auF7A6kR,39172317_1109132659245741_1339879794619187200_n.jpg,C:\Coding\projects\pavbhaji_model\machinelearningchallenge\dataset\dataset\images\0\39172317_1109132659245741_1339879794619187200_n.jpg,0,"Isn’t it the perfect combination? 
Hot brownie with ice-cream and chocolate syrup. #justperfect ❤️
.
.
.
#food#foodie#foodtruck#foodgasm#foodphotography#foodtrip#foodlove#foodblogger#foodpassion#brownie#icecream#chocolate#burger#pavbhaji#sandwich#juice#shake#delhi#delhifoodie#dilsefoodie#streetfooddelhi#delhifoodblogger",,,#brownie #foodphotography #icecream #foodblogger #delhifoodie #foodie #justperfect #shake #foodlove #burger #sandwich #foodtruck #foodtrip #delhifoodblogger #juice #food #pavbhaji #delhi #dilsefoodie #streetfooddelhi #foodgasm #foodpassion #chocolate,,"Isn’t it the perfect combination? 
Hot brownie with ice-cream and chocolate syrup. #justperfect ❤️
.
.
.
#food#foodie#foodtruck#foodgasm#foodphotography#foodtrip#foodlove#foodblogger#foodpassion#brownie#icecream#chocolate#burger#pavbhaji#sandwich#juice#shake#delhi#delhifoodie#dilsefoodie#streetfooddelhi#delhifoodblogger #brownie #foodphotography #icecream #foodblogger #delhifoodie #foodie #justperfect #shake #foodlove #burger #sandwich #foodtruck #foodtrip #delhifoodblogger #juice #food #pavbhaji #delhi #dilsefoodie #streetfooddelhi #foodgasm #foodpassion #chocolate",24,1,False,1535257074,1363858584,0
281,1852434471595252567,Bm1K1ZZH5tX,39086368_713486948999776_3114783709820092416_n.jpg,C:\Coding\projects\pavbhaji_model\machinelearningchallenge\dataset\dataset\images\1\39086368_713486948999776_3114783709820092416_n.jpg,1,#teacherturnedchef #pavbhaji #feelinghungry,,,#pavbhaji #teacherturnedchef #feelinghungry,"Delhi, India","#teacherturnedchef #pavbhaji #feelinghungry #pavbhaji #teacherturnedchef #feelinghungry Delhi, India",6,0,False,1535047419,8450264252,0
207,1853138358089798418,Bm3q4Sxl9MS,39651404_397197177478691_5649132748846137344_n.jpg,C:\Coding\projects\pavbhaji_model\machinelearningchallenge\dataset\dataset\images\1\39651404_397197177478691_5649132748846137344_n.jpg,1,"Bambaiya Pav Bhaji Sizzler
 This sizzzler has Fried potato, Masala pav,buttered plain pav, batata vada and subz pulao.

Follow my food journey://zoma.to/u/40428620

#sizzelinghot#Mumbai#Foodie#creamcenter#pavbhaji#fooddiaries#food#likeforlike 
#follow #followforfollow 
#instafollow #instagood #instafoodie #tbt#igers #photooftheday #picoftheday #food #Foodie #foodtalkindia #love #lifestyle #delhigram #mumbaifoodie #punefoodies #instadaily#delhi#likeforfollow#foodporn#foodphoto#foodorgasm#shoutout4shoutout",,,#instafoodie #tbt #mumbaifoodie #shoutout4shoutout #followforfollow #likeforlike #instafollow #photooftheday #Mumbai #punefoodies #follow #instadaily #foodporn #sizzelinghot #likeforfollow #creamcenter #love #Foodie #instagood #picoftheday #foodphoto #food #delhigram #pavbhaji #fooddiaries #delhi #igers #foodtalkindia #foodorgasm #lifestyle,Inorbit Malad,"Bambaiya Pav Bhaji Sizzler
 This sizzzler has Fried potato, Masala pav,buttered plain pav, batata vada and subz pulao.

Follow my food journey://zoma.to/u/40428620

#sizzelinghot#Mumbai#Foodie#creamcenter#pavbhaji#fooddiaries#food#likeforlike 
#follow #followforfollow 
#instafollow #instagood #instafoodie #tbt#igers #photooftheday #picoftheday #food #Foodie #foodtalkindia #love #lifestyle #delhigram #mumbaifoodie #punefoodies #instadaily#delhi#likeforfollow#foodporn#foodphoto#foodorgasm#shoutout4shoutout #instafoodie #tbt #mumbaifoodie #shoutout4shoutout #followforfollow #likeforlike #instafollow #photooftheday #Mumbai #punefoodies #follow #instadaily #foodporn #sizzelinghot #likeforfollow #creamcenter #love #Foodie #instagood #picoftheday #foodphoto #food #delhigram #pavbhaji #fooddiaries #delhi #igers #foodtalkindia #foodorgasm #lifestyle Inorbit Malad",34,0,False,1535131328,8464478277,0
229,1853042105616024348,Bm3U_orFcMc,38926181_224486234913787_5048529744853729280_n.jpg,C:\Coding\projects\pavbhaji_model\machinelearningchallenge\dataset\dataset\images\1\38926181_224486234913787_5048529744853729280_n.jpg,1,"Pav bhaji in frame. 😍
.
.
.
.
#captured #thekolkatavibes #thekolkatabuzz #foodpic #thekolkatavibes #foodgasm #food #babycorn #bhukkad #eating #crispychillybabycorn #loveit #love #foodphotography #foodporn #foodislife #sizzlers #chicken #foodie #goodfood #moviedate #lookssopeaceful #loveyourlife #mobilephotography #redmi3sprime #shotatsight #phoneographic #phoneography #pizza #baeforlife #pavbhaji",,,#loveyourlife #foodphotography #foodie #babycorn #captured #mobilephotography #eating #redmi3sprime #chicken #shotatsight #foodporn #phoneography #crispychillybabycorn #goodfood #lookssopeaceful #love #phoneographic #pizza #foodislife #thekolkatavibes #foodpic #bhukkad #baeforlife #food #loveit #moviedate #pavbhaji #thekolkatabuzz #sizzlers #foodgasm,Kolkata,"Pav bhaji in frame. 😍
.
.
.
.
#captured #thekolkatavibes #thekolkatabuzz #foodpic #thekolkatavibes #foodgasm #food #babycorn #bhukkad #eating #crispychillybabycorn #loveit #love #foodphotography #foodporn #foodislife #sizzlers #chicken #foodie #goodfood #moviedate #lookssopeaceful #loveyourlife #mobilephotography #redmi3sprime #shotatsight #phoneographic #phoneography #pizza #baeforlife #pavbhaji #loveyourlife #foodphotography #foodie #babycorn #captured #mobilephotography #eating #redmi3sprime #chicken #shotatsight #foodporn #phoneography #crispychillybabycorn #goodfood #lookssopeaceful #love #phoneographic #pizza #foodislife #thekolkatavibes #foodpic #bhukkad #baeforlife #food #loveit #moviedate #pavbhaji #thekolkatabuzz #sizzlers #foodgasm Kolkata",40,1,False,1535119854,2164207632,0
449,1851270872805736110,BmxCQzknP6u,38716073_1835134429867808_4795041907382319200_n.jpg,C:\Coding\projects\pavbhaji_model\machinelearningchallenge\dataset\dataset\images\0\38716073_1835134429867808_4795041907382319200_n.jpg,0,#pavbhaji #masaladosa #bhallapapdichaat #chaat #yummyfood #foodlist #foodislove #foodislife #yummyfood #blogger #foodie #foodlover #loveforfood #foodblogger #foodbaby #foodporn #zirakpurblogger #chandigarhblogger #chandigarhfoodies #teamfoodnapper #foodbaby #foodporn #traveller #traveldiaries #foodandfabulous2,,,#foodlist #foodblogger #teamfoodnapper #bhallapapdichaat #foodie #blogger #chandigarhfoodies #zirakpurblogger #foodbaby #chandigarhblogger #foodislove #traveldiaries #foodlover #loveforfood #foodporn #traveller #chaat #masaladosa #yummyfood #foodislife #foodandfabulous2 #pavbhaji,Garam Dharam Dhaba Murthal,#pavbhaji #masaladosa #bhallapapdichaat #chaat #yummyfood #foodlist #foodislove #foodislife #yummyfood #blogger #foodie #foodlover #loveforfood #foodblogger #foodbaby #foodporn #zirakpurblogger #chandigarhblogger #chandigarhfoodies #teamfoodnapper #foodbaby #foodporn #traveller #traveldiaries #foodandfabulous2 #foodlist #foodblogger #teamfoodnapper #bhallapapdichaat #foodie #blogger #chandigarhfoodies #zirakpurblogger #foodbaby #chandigarhblogger #foodislove #traveldiaries #foodlover #loveforfood #foodporn #traveller #chaat #masaladosa #yummyfood #foodislife #foodandfabulous2 #pavbhaji Garam Dharam Dhaba Murthal,40,0,False,1534908707,6256515441,0
285,1852397368889920061,Bm1CZezjUo9,38911299_283233268937628_7418824802837725184_n.jpg,C:\Coding\projects\pavbhaji_model\machinelearningchallenge\dataset\dataset\images\0\38911299_283233268937628_7418824802837725184_n.jpg,0,"No Caption. 😇

#foodieincarnate #sodelhi #newdelhi #foodtalkindia#desifood #delhigram #eastdelhi #pavbhaji#vadapav #desi #mumbai #indianfood #delhite#delhifoodblogger #veganfood #delhifoodblog#foodvideo #delhifood #indianstreetfood#indianfood #indiancuisine #spicyfood#foodblogger #streetfood #breakfastgoals#foodcoma #chaat #mumbaifoodie #mumbaifood#butter",,,#breakfastgoals #vadapav #delhifoodblog #foodvideo #foodblogger #mumbai #foodcoma #newdelhi #indianstreetfood #mumbaifoodie #indianfood #spicyfood #delhite #desifood #delhifood #butter #chaat #eastdelhi #desi #delhifoodblogger #mumbaifood #veganfood #foodieincarnate #indiancuisine #delhigram #streetfood #pavbhaji #foodtalkindia #sodelhi,,"No Caption. 😇

#foodieincarnate #sodelhi #newdelhi #foodtalkindia#desifood #delhigram #eastdelhi #pavbhaji#vadapav #desi #mumbai #indianfood #delhite#delhifoodblogger #veganfood #delhifoodblog#foodvideo #delhifood #indianstreetfood#indianfood #indiancuisine #spicyfood#foodblogger #streetfood #breakfastgoals#foodcoma #chaat #mumbaifoodie #mumbaifood#butter #breakfastgoals #vadapav #delhifoodblog #foodvideo #foodblogger #mumbai #foodcoma #newdelhi #indianstreetfood #mumbaifoodie #indianfood #spicyfood #delhite #desifood #delhifood #butter #chaat #eastdelhi #desi #delhifoodblogger #mumbaifood #veganfood #foodieincarnate #indiancuisine #delhigram #streetfood #pavbhaji #foodtalkindia #sodelhi",48,9,False,1535042996,443488001,0
403,1851534321896954865,Bmx-KfqHJvx,39604619_2218984491448986_3945997664146948096_n.jpg,C:\Coding\projects\pavbhaji_model\machinelearningchallenge\dataset\dataset\images\0\39604619_2218984491448986_3945997664146948096_n.jpg,0,"Evening scenes like these 😍
.
This is probably our favourite and fixed order @Khokha.chd
.
The chicken momos are so damn good and the bhaji has simple flavours and is not so spicy .
What is your favourite order at Khokha ?
.
.
.
.
.
.
.
Follow @thegirlinphulkari for more updates .
.
.
.
.
.
.
#pavbhaji #chickenmomos",,,#pavbhaji #chickenmomos,"Chandigarh, India","Evening scenes like these 😍
.
This is probably our favourite and fixed order @Khokha.chd
.
The chicken momos are so damn good and the bhaji has simple flavours and is not so spicy .
What is your favourite order at Khokha ?
.
.
.
.
.
.
.
Follow @thegirlinphulkari for more updates .
.
.
.
.
.
.
#pavbhaji #chickenmomos #pavbhaji #chickenmomos Chandigarh, India",3654,35,False,1534940112,4608510535,0
259,1852821386726648069,Bm2izwMFqkF,39512416_448986652256640_3974534663812153344_n.jpg,C:\Coding\projects\pavbhaji_model\machinelearningchallenge\dataset\dataset\images\0\39512416_448986652256640_3974534663812153344_n.jpg,0,"This melt-in-your-mouth #PavBhajiCone is all you need for lunch today. Come. 
#Repost @whatsfor.lunch with @get_repost
・・・
Pav Bhaji Cones (Rs.230) is a fun way to eat your favourite Mumbai fast food at @145cafeandbar Bandra.
#pavbhaji #mumbaistreetfood #mumbaifood #vegetarian #cones #bandra #145bandra ​​#mumbai #foodblog #foodblogger #foodie #foodporn #yummy #delicious #nofilter #foodphotography #foodpics #foodstagram #instafood #foodgasm #indianfoodie #fbai #trellatale #whatsforlunch #food #instafoodie #foodiegram",,,#mumbaistreetfood #foodphotography #foodblogger #mumbai #instafoodie #foodie #indianfoodie #PavBhajiCone #foodpics #delicious #145bandra #fbai #cones #vegetarian #instafood #foodporn #foodblog #Repost #trellatale #bandra #foodiegram #nofilter #foodstagram #yummy #mumbaifood #food #pavbhaji #whatsforlunch #foodgasm,145 Bandra,"This melt-in-your-mouth #PavBhajiCone is all you need for lunch today. Come. 
#Repost @whatsfor.lunch with @get_repost
・・・
Pav Bhaji Cones (Rs.230) is a fun way to eat your favourite Mumbai fast food at @145cafeandbar Bandra.
#pavbhaji #mumbaistreetfood #mumbaifood #vegetarian #cones #bandra #145bandra ​​#mumbai #foodblog #foodblogger #foodie #foodporn #yummy #delicious #nofilter #foodphotography #foodpics #foodstagram #instafood #foodgasm #indianfoodie #fbai #trellatale #whatsforlunch #food #instafoodie #foodiegram #mumbaistreetfood #foodphotography #foodblogger #mumbai #instafoodie #foodie #indianfoodie #PavBhajiCone #foodpics #delicious #145bandra #fbai #cones #vegetarian #instafood #foodporn #foodblog #Repost #trellatale #bandra #foodiegram #nofilter #foodstagram #yummy #mumbaifood #food #pavbhaji #whatsforlunch #foodgasm 145 Bandra",107,1,False,1535093542,2295243840,0
496,1850804765120684003,BmvYSC9nl_j,39100755_457278364775590_1037302526891786240_n.jpg,C:\Coding\projects\pavbhaji_model\machinelearningchallenge\dataset\dataset\images\0\39100755_457278364775590_1037302526891786240_n.jpg,0,"How refreshing is it to enjoy a cheesy Pav Bhaji; that too at a legendary joint! It certainly does bring a smile to our face.😁
.
.
Sardar Pav Bhaji, Tardeo offers a variety of Pav Bhajis. We ordered the Cheese Pav Bhaji (Rs.160) to break the weekday hunger pangs. Honestly, it didn't just meet our expectations but exceeded them giving us a good memory of our favourite dish at our favourite place.
.
.
.
#thedailyfooddose #food52 #foodcoma #nomnom #yummyfood #foodblogger #foodlover #foodie #foodporn #mumbaichafoodies #bhukkadbybirth #forkmebaby #hungryfoodie #pavbhaji #cheese #eater #indianfoodbloggers #mumbaibloggers #mumbaifoodlovers #mumbaifoodie #foodofmumbai #goodeats #foodography #foodgasm #foodiesofindia #foodiesofmumbai #mumbaigram #instafood #instafoodie #foodmoments",,,#foodofmumbai #mumbaichafoodies #foodiesofmumbai #foodblogger #instafoodie #foodie #foodmoments #foodcoma #mumbaifoodie #foodiesofindia #indianfoodbloggers #foodography #foodlover #goodeats #forkmebaby #instafood #foodporn #cheese #hungryfoodie #bhukkadbybirth #mumbaifoodlovers #nomnom #eater #yummyfood #food52 #mumbaibloggers #mumbaigram #thedailyfooddose #pavbhaji #foodgasm,Sardar PavBhaji,"How refreshing is it to enjoy a cheesy Pav Bhaji; that too at a legendary joint! It certainly does bring a smile to our face.😁
.
.
Sardar Pav Bhaji, Tardeo offers a variety of Pav Bhajis. We ordered the Cheese Pav Bhaji (Rs.160) to break the weekday hunger pangs. Honestly, it didn't just meet our expectations but exceeded them giving us a good memory of our favourite dish at our favourite place.
.
.
.
#thedailyfooddose #food52 #foodcoma #nomnom #yummyfood #foodblogger #foodlover #foodie #foodporn #mumbaichafoodies #bhukkadbybirth #forkmebaby #hungryfoodie #pavbhaji #cheese #eater #indianfoodbloggers #mumbaibloggers #mumbaifoodlovers #mumbaifoodie #foodofmumbai #goodeats #foodography #foodgasm #foodiesofindia #foodiesofmumbai #mumbaigram #instafood #instafoodie #foodmoments #foodofmumbai #mumbaichafoodies #foodiesofmumbai #foodblogger #instafoodie #foodie #foodmoments #foodcoma #mumbaifoodie #foodiesofindia #indianfoodbloggers #foodography #foodlover #goodeats #forkmebaby #instafood #foodporn #cheese #hungryfoodie #bhukkadbybirth #mumbaifoodlovers #nomnom #eater #yummyfood #food52 #mumbaibloggers #mumbaigram #thedailyfooddose #pavbhaji #foodgasm Sardar PavBhaji",149,4,False,1534853142,8261375268,0
399,1851568911162565514,BmyGB1bAGOK,39192414_1855692871145104_2827159186050121728_n.jpg,C:\Coding\projects\pavbhaji_model\machinelearningchallenge\dataset\dataset\images\1\39192414_1855692871145104_2827159186050121728_n.jpg,1,"Cheese pav bhaji 🔥
At juhu chaupati
.
.
.
.
#juhuchaupati #food #pavbhaji #mumbaifood #tasteofmumbai #tasteofindia #cheesypavbhaji #yummyfood",,,#cheesypavbhaji #mumbaifood #food #pavbhaji #yummyfood #juhuchaupati #tasteofindia #tasteofmumbai,,"Cheese pav bhaji 🔥
At juhu chaupati
.
.
.
.
#juhuchaupati #food #pavbhaji #mumbaifood #tasteofmumbai #tasteofindia #cheesypavbhaji #yummyfood #cheesypavbhaji #mumbaifood #food #pavbhaji #yummyfood #juhuchaupati #tasteofindia #tasteofmumbai",16,0,False,1534944236,8471403965,0
493,1850829910390818331,Bmvd_9Ug0Yb,39883463_2098478867069250_9092183089727143936_n.jpg,C:\Coding\projects\pavbhaji_model\machinelearningchallenge\dataset\dataset\images\0\39883463_2098478867069250_9092183089727143936_n.jpg,0,"Dry Fruits  of highest quality ingredients 😍😍 Especially for “ Rakhi Celebration” in the most cutest packaging😍
•
•
•
•
•
#food #foodporn #foodie #comfortfood #tasty #vadilal #happiness #yummyfood #jodhpur #corn #foodstagram #foodielife #deliciousness @jodhpurfoodie @jodhpur_foodie_cafes @foodmaniacindia @foodiesofindia  @thecrazyindianfoodie  @thecrazyindianfoodie @jodhpurfoodworld @desserts.opassion @mumbaifoodcrush @therawtextures @hey.delhi  @hey.mumbai @hungrychokro_escapades @splendideats  @hungrito#food #foodporn #foodie #comfortfood #tasty #vadilal #happiness #like4like #followforfollow #fff #yummyfood #jodhpur #corn #foodstagram #repostit #repostiftagged #foodielife #deliciousness @jodhpurfoodie @jodhpur_foodie_cafes @foodmaniacindia @foodiesofindia @thecrazyindianfoodie  @thecrazyindianfoodie@thecrazyindianfoodie  @thecrazyindianfoodie @jodhpurfoodworld @desserts.passion @mumbaifoodcrush @therawtextures @hey.delhi  @cakebakerybeauty  @food_first_always @foodjournal_mumbai @buzzfeedfood @foodyvid @foodys @foodelhi @wearegurgaon_ @thepunefoodie @foodiefrombombay  @lighthouse_foodie  @foodievid @hungrito @manchibaba@manchibaba @thefoodpunch @splendideats @foodofgoa #pavbhaji @food_ys#food #foodporn #foodie #comfortfood #tasty #vadilal #happiness #yummyfood #jodhpur #corn #foodstagram #foodielife #deliciousness @jodhpurfoodie @jodhpur_foodie_cafes @foodmaniacindia @foodiesofindia  @thecrazyindianfoodie  @thecrazyindianfoodie @jodhpurfoodworld @desserts.passion @mumbaifoodcrush @therawtextures @hey.delhi  @hey.mumbai @hungrychokro_escapades @splendideats  @hungrito @ashokala_design @bricks_restaurant_n_bakers",,,#repostit #fff #vadilal #food #tasty #deliciousness #happiness #foodie #corn #repostiftagged #pavbhaji #yummyfood #comfortfood #foodporn #followforfollow #jodhpur #foodielife #foodstagram #like4like,Bha Vadilal Happinezz,"Dry Fruits  of highest quality ingredients 😍😍 Especially for “ Rakhi Celebration” in the most cutest packaging😍
•
•
•
•
•
#food #foodporn #foodie #comfortfood #tasty #vadilal #happiness #yummyfood #jodhpur #corn #foodstagram #foodielife #deliciousness @jodhpurfoodie @jodhpur_foodie_cafes @foodmaniacindia @foodiesofindia  @thecrazyindianfoodie  @thecrazyindianfoodie @jodhpurfoodworld @desserts.opassion @mumbaifoodcrush @therawtextures @hey.delhi  @hey.mumbai @hungrychokro_escapades @splendideats  @hungrito#food #foodporn #foodie #comfortfood #tasty #vadilal #happiness #like4like #followforfollow #fff #yummyfood #jodhpur #corn #foodstagram #repostit #repostiftagged #foodielife #deliciousness @jodhpurfoodie @jodhpur_foodie_cafes @foodmaniacindia @foodiesofindia @thecrazyindianfoodie  @thecrazyindianfoodie@thecrazyindianfoodie  @thecrazyindianfoodie @jodhpurfoodworld @desserts.passion @mumbaifoodcrush @therawtextures @hey.delhi  @cakebakerybeauty  @food_first_always @foodjournal_mumbai @buzzfeedfood @foodyvid @foodys @foodelhi @wearegurgaon_ @thepunefoodie @foodiefrombombay  @lighthouse_foodie  @foodievid @hungrito @manchibaba@manchibaba @thefoodpunch @splendideats @foodofgoa #pavbhaji @food_ys#food #foodporn #foodie #comfortfood #tasty #vadilal #happiness #yummyfood #jodhpur #corn #foodstagram #foodielife #deliciousness @jodhpurfoodie @jodhpur_foodie_cafes @foodmaniacindia @foodiesofindia  @thecrazyindianfoodie  @thecrazyindianfoodie @jodhpurfoodworld @desserts.passion @mumbaifoodcrush @therawtextures @hey.delhi  @hey.mumbai @hungrychokro_escapades @splendideats  @hungrito @ashokala_design @bricks_restaurant_n_bakers #repostit #fff #vadilal #food #tasty #deliciousness #happiness #foodie #corn #repostiftagged #pavbhaji #yummyfood #comfortfood #foodporn #followforfollow #jodhpur #foodielife #foodstagram #like4like Bha Vadilal Happinezz",109,1,False,1534856140,5345409033,0
280,1852447245817731763,Bm1NvSUHdqz,38901129_485902711926413_8129015950381940736_n.jpg,C:\Coding\projects\pavbhaji_model\machinelearningchallenge\dataset\dataset\images\1\38901129_485902711926413_8129015950381940736_n.jpg,1,#pavbhaji #pavbhajilove #eat #instagood #instagram #instafood #foodie #food #foodphotography #foodpicoftheday #fortheloveoffood #yummy #hot #delicious #cook,,,#instagood #foodphotography #instagram #food #eat #fortheloveoffood #foodie #pavbhaji #instafood #hot #cook #foodpicoftheday #delicious #pavbhajilove #yummy,,#pavbhaji #pavbhajilove #eat #instagood #instagram #instafood #foodie #food #foodphotography #foodpicoftheday #fortheloveoffood #yummy #hot #delicious #cook #instagood #foodphotography #instagram #food #eat #fortheloveoffood #foodie #pavbhaji #instafood #hot #cook #foodpicoftheday #delicious #pavbhajilove #yummy,22,0,False,1535048941,5977002758,0
202,1853216027698014806,Bm38iiPACpW,39323475_1149695515179611_9020790897792516096_n.jpg,C:\Coding\projects\pavbhaji_model\machinelearningchallenge\dataset\dataset\images\0\39323475_1149695515179611_9020790897792516096_n.jpg,0,"A princess deserves a delicious crown cake like this🎂👑👸🏻
•
•
•
•
•
#food #foodporn #foodie #comfortfood #tasty #vadilal #happiness #yummyfood #jodhpur #corn #foodstagram #foodielife #deliciousness @jodhpurfoodie @jodhpur_foodie_cafes @foodmaniacindia @foodiesofindia  @thecrazyindianfoodie  @thecrazyindianfoodie @jodhpurfoodworld @desserts.opassion @mumbaifoodcrush @therawtextures @hey.delhi  @hey.mumbai @hungrychokro_escapades @splendideats  @hungrito#food #foodporn #foodie #comfortfood #tasty #vadilal #happiness #like4like #followforfollow #fff #yummyfood #jodhpur #corn #foodstagram #repostit #repostiftagged #foodielife #deliciousness @jodhpurfoodie @jodhpur_foodie_cafes @foodmaniacindia @foodiesofindia @thecrazyindianfoodie  @thecrazyindianfoodie@thecrazyindianfoodie  @thecrazyindianfoodie @jodhpurfoodworld @desserts.passion @mumbaifoodcrush @therawtextures @hey.delhi  @cakebakerybeauty  @food_first_always @foodjournal_mumbai @buzzfeedfood @foodyvid @foodys @foodelhi @wearegurgaon_ @thepunefoodie @foodiefrombombay  @lighthouse_foodie  @foodievid @hungrito @manchibaba@manchibaba @thefoodpunch @splendideats @foodofgoa #pavbhaji @food_ys#food #foodporn #foodie #comfortfood #tasty #vadilal #happiness #yummyfood #jodhpur #corn #foodstagram #foodielife #deliciousness @jodhpurfoodie @jodhpur_foodie_cafes @foodmaniacindia @foodiesofindia  @thecrazyindianfoodie  @thecrazyindianfoodie @jodhpurfoodworld @desserts.passion @mumbaifoodcrush @therawtextures @hey.delhi  @hey.mumbai @hungrychokro_escapades @splendideats  @hungrito @ashokala_design @bricks_restaurant_n_bakers",,,#repostit #fff #vadilal #food #tasty #deliciousness #happiness #foodie #corn #repostiftagged #pavbhaji #yummyfood #comfortfood #foodporn #followforfollow #jodhpur #foodielife #foodstagram #like4like,Bha Vadilal Happinezz,"A princess deserves a delicious crown cake like this🎂👑👸🏻
•
•
•
•
•
#food #foodporn #foodie #comfortfood #tasty #vadilal #happiness #yummyfood #jodhpur #corn #foodstagram #foodielife #deliciousness @jodhpurfoodie @jodhpur_foodie_cafes @foodmaniacindia @foodiesofindia  @thecrazyindianfoodie  @thecrazyindianfoodie @jodhpurfoodworld @desserts.opassion @mumbaifoodcrush @therawtextures @hey.delhi  @hey.mumbai @hungrychokro_escapades @splendideats  @hungrito#food #foodporn #foodie #comfortfood #tasty #vadilal #happiness #like4like #followforfollow #fff #yummyfood #jodhpur #corn #foodstagram #repostit #repostiftagged #foodielife #deliciousness @jodhpurfoodie @jodhpur_foodie_cafes @foodmaniacindia @foodiesofindia @thecrazyindianfoodie  @thecrazyindianfoodie@thecrazyindianfoodie  @thecrazyindianfoodie @jodhpurfoodworld @desserts.passion @mumbaifoodcrush @therawtextures @hey.delhi  @cakebakerybeauty  @food_first_always @foodjournal_mumbai @buzzfeedfood @foodyvid @foodys @foodelhi @wearegurgaon_ @thepunefoodie @foodiefrombombay  @lighthouse_foodie  @foodievid @hungrito @manchibaba@manchibaba @thefoodpunch @splendideats @foodofgoa #pavbhaji @food_ys#food #foodporn #foodie #comfortfood #tasty #vadilal #happiness #yummyfood #jodhpur #corn #foodstagram #foodielife #deliciousness @jodhpurfoodie @jodhpur_foodie_cafes @foodmaniacindia @foodiesofindia  @thecrazyindianfoodie  @thecrazyindianfoodie @jodhpurfoodworld @desserts.passion @mumbaifoodcrush @therawtextures @hey.delhi  @hey.mumbai @hungrychokro_escapades @splendideats  @hungrito @ashokala_design @bricks_restaurant_n_bakers #repostit #fff #vadilal #food #tasty #deliciousness #happiness #foodie #corn #repostiftagged #pavbhaji #yummyfood #comfortfood #foodporn #followforfollow #jodhpur #foodielife #foodstagram #like4like Bha Vadilal Happinezz",92,1,False,1535140587,5345409033,0
107,1854225723986637890,Bm7iHjLnXRC,39883075_1992508551043541_8211093531322744832_n.jpg,C:\Coding\projects\pavbhaji_model\machinelearningchallenge\dataset\dataset\images\0\39883075_1992508551043541_8211093531322744832_n.jpg,0,"Sabudana Tikki !! 🙋‍♀️🙋‍♂️
Kis kis ko pasand hai ? 
bolo bolo .Tell Tell !!😁😋
.
.
Aaj to hum bhai behno ka he favourite banega ghar par .😁😁
.
.
Aapne aaj special kya bnaya ya khaaya ? 😉😋
.
.
❤Happy Rakshabandhan to all the lovvy dovvy brothers & sisters .❤
.
.
.
follow @foodtalknoida .
.
.
#foodtalknoida #sabudanatikki #sabudanavada #sabudanakhichdi #indianfood #homecookedfood #gharkakhana #streetfood #maakehaathkakhana #foodphotography #foodporn #delhi #delhifood #delhifoodie #breadpakoda #golgappe #pavbhaji #mumbaikar #mumbai #mumbai_igers #photooftheday #gulabjamun #kajukatli #vscocam #happyrakshabandhan #rakshabandhan #rakshabandhan2018 #ifoodieneha4you #indianfestival #love",,,#foodphotography #sabudanatikki #delhifoodie #mumbai #rakshabandhan2018 #indianfood #photooftheday #ifoodieneha4you #foodporn #golgappe #breadpakoda #delhifood #mumbai_igers #foodtalknoida #love #kajukatli #homecookedfood #rakshabandhan #happyrakshabandhan #sabudanakhichdi #vscocam #indianfestival #sabudanavada #streetfood #pavbhaji #gulabjamun #delhi #maakehaathkakhana #mumbaikar #gharkakhana,New Delhi,"Sabudana Tikki !! 🙋‍♀️🙋‍♂️
Kis kis ko pasand hai ? 
bolo bolo .Tell Tell !!😁😋
.
.
Aaj to hum bhai behno ka he favourite banega ghar par .😁😁
.
.
Aapne aaj special kya bnaya ya khaaya ? 😉😋
.
.
❤Happy Rakshabandhan to all the lovvy dovvy brothers & sisters .❤
.
.
.
follow @foodtalknoida .
.
.
#foodtalknoida #sabudanatikki #sabudanavada #sabudanakhichdi #indianfood #homecookedfood #gharkakhana #streetfood #maakehaathkakhana #foodphotography #foodporn #delhi #delhifood #delhifoodie #breadpakoda #golgappe #pavbhaji #mumbaikar #mumbai #mumbai_igers #photooftheday #gulabjamun #kajukatli #vscocam #happyrakshabandhan #rakshabandhan #rakshabandhan2018 #ifoodieneha4you #indianfestival #love #foodphotography #sabudanatikki #delhifoodie #mumbai #rakshabandhan2018 #indianfood #photooftheday #ifoodieneha4you #foodporn #golgappe #breadpakoda #delhifood #mumbai_igers #foodtalknoida #love #kajukatli #homecookedfood #rakshabandhan #happyrakshabandhan #sabudanakhichdi #vscocam #indianfestival #sabudanavada #streetfood #pavbhaji #gulabjamun #delhi #maakehaathkakhana #mumbaikar #gharkakhana New Delhi",850,29,False,1535260952,522216828,0
372,1851734790408218619,Bmyrvsgg6f7,39116045_1864024453691510_6060726530043019264_n.jpg,C:\Coding\projects\pavbhaji_model\machinelearningchallenge\dataset\dataset\images\0\39116045_1864024453691510_6060726530043019264_n.jpg,0,In thoughts of how mesmerizing and tasty this Masala Paav was!💭♥️ #pavbhaji #masalapav #puneri #punekaaslibhukkad#hungry #foodgram #review #likes #foodblogger #foodreview #foodphotography #f52grams #nomnom #punefoodie #puneeatouts,,,#hungry #nomnom #punefoodie #foodgram #review #foodphotography #puneri #foodblogger #pavbhaji #masalapav #puneeatouts #punekaaslibhukkad #f52grams #foodreview #likes,Supreme Corner,In thoughts of how mesmerizing and tasty this Masala Paav was!💭♥️ #pavbhaji #masalapav #puneri #punekaaslibhukkad#hungry #foodgram #review #likes #foodblogger #foodreview #foodphotography #f52grams #nomnom #punefoodie #puneeatouts #hungry #nomnom #punefoodie #foodgram #review #foodphotography #puneri #foodblogger #pavbhaji #masalapav #puneeatouts #punekaaslibhukkad #f52grams #foodreview #likes Supreme Corner,21,0,False,1534964010,1699080866,0
121,1854021744547707916,Bm6zvQhnbwM,39225877_922472901284443_4474324816748347392_n.jpg,C:\Coding\projects\pavbhaji_model\machinelearningchallenge\dataset\dataset\images\1\39225877_922472901284443_4474324816748347392_n.jpg,1,"Finallyyyy some #yummy #pavbhaji Thanku @joylene10 .
.
.
#goodfood #mumbaistreetfood #spicy #latepost",,,#mumbaistreetfood #pavbhaji #spicy #latepost #yummy #goodfood,Irla Market,"Finallyyyy some #yummy #pavbhaji Thanku @joylene10 .
.
.
#goodfood #mumbaistreetfood #spicy #latepost #mumbaistreetfood #pavbhaji #spicy #latepost #yummy #goodfood Irla Market",54,7,False,1535236636,201415868,0
227,1853051675751629214,Bm3XK5jnkGe,39164778_232249110773764_1054684414157520896_n.jpg,C:\Coding\projects\pavbhaji_model\machinelearningchallenge\dataset\dataset\images\1\39164778_232249110773764_1054684414157520896_n.jpg,1,"Golgappe or Pav bhaji ?
Aapko kya sabse zyada pasabd hai ? like karo aur comment kar k btaao !😋 TAG your Chatore dost.
.
.
.
follow @foodtalknoida .
.
.
#foodtalknoida #streetfood #golgappe #pavbhaji #streetfood #yummy #eeeeeats #eatingfortheinsta #eatfamous #eatlocal #homemade #delhichaat #delhieats #delhifood #delhifoodie #delhi #foodphotography #foodporn #vscofood #vscocam #vsco #vsco_hub #chaat #sodelhi #ifoodieneha4you #gharkakhana",,,#eatlocal #foodphotography #delhifoodie #eatingfortheinsta #ifoodieneha4you #delhichaat #foodporn #eatfamous #golgappe #delhifood #foodtalknoida #delhieats #vsco #chaat #yummy #eeeeeats #vscocam #streetfood #pavbhaji #delhi #sodelhi #vsco_hub #vscofood #homemade #gharkakhana,"Chandigarh, India","Golgappe or Pav bhaji ?
Aapko kya sabse zyada pasabd hai ? like karo aur comment kar k btaao !😋 TAG your Chatore dost.
.
.
.
follow @foodtalknoida .
.
.
#foodtalknoida #streetfood #golgappe #pavbhaji #streetfood #yummy #eeeeeats #eatingfortheinsta #eatfamous #eatlocal #homemade #delhichaat #delhieats #delhifood #delhifoodie #delhi #foodphotography #foodporn #vscofood #vscocam #vsco #vsco_hub #chaat #sodelhi #ifoodieneha4you #gharkakhana #eatlocal #foodphotography #delhifoodie #eatingfortheinsta #ifoodieneha4you #delhichaat #foodporn #eatfamous #golgappe #delhifood #foodtalknoida #delhieats #vsco #chaat #yummy #eeeeeats #vscocam #streetfood #pavbhaji #delhi #sodelhi #vsco_hub #vscofood #homemade #gharkakhana Chandigarh, India",397,44,False,1535120995,522216828,0
147,1802102440982278833,BkCWp9DnPKx,36830663_718820048315034_5442150758659129344_n.jpg,C:\Coding\projects\pavbhaji_model\machinelearningchallenge\dataset\dataset\images\1\36830663_718820048315034_5442150758659129344_n.jpg,1,"Pav Bhajji in Switzerland !! Typical Indian food at gourmindia is must. It is a small restaurant operated in a truck at the base of the #cablecar in engelberg.titlis but the quality of the food is great. They offer #Masala #Tea and #Indian #food like #Samosa #PavBhaji #BatataVada #Idli etc. We #enjoyed the food so much that we will return after visit to the #Mount #Titlis .
.
.
#engelberg #mttitlis #apls #switzerland #mountain #nature #beauty #view #sightseeing #like4like #euro #swiss #awesome #ski #snow #glacier #cold #daytrip",,,#enjoyed #Mount #Samosa #Titlis #Indian #mttitlis #ski #engelberg #Tea #euro #view #snow #cold #mountain #glacier #Masala #apls #switzerland #sightseeing #awesome #daytrip #food #cablecar #BatataVada #nature #swiss #Idli #PavBhaji #beauty #like4like,"Engelberg, Switzerland","Pav Bhajji in Switzerland !! Typical Indian food at gourmindia is must. It is a small restaurant operated in a truck at the base of the #cablecar in engelberg.titlis but the quality of the food is great. They offer #Masala #Tea and #Indian #food like #Samosa #PavBhaji #BatataVada #Idli etc. We #enjoyed the food so much that we will return after visit to the #Mount #Titlis .
.
.
#engelberg #mttitlis #apls #switzerland #mountain #nature #beauty #view #sightseeing #like4like #euro #swiss #awesome #ski #snow #glacier #cold #daytrip #enjoyed #Mount #Samosa #Titlis #Indian #mttitlis #ski #engelberg #Tea #euro #view #snow #cold #mountain #glacier #Masala #apls #switzerland #sightseeing #awesome #daytrip #food #cablecar #BatataVada #nature #swiss #Idli #PavBhaji #beauty #like4like Engelberg, Switzerland",213,5,False,1529047373,7935962831,0
267,1852749951109461806,Bm2SkOlgHcu,38957750_1098347653675921_6241411565053018112_n.jpg,C:\Coding\projects\pavbhaji_model\machinelearningchallenge\dataset\dataset\images\0\38957750_1098347653675921_6241411565053018112_n.jpg,0,Who the hell eats #PavBhaji for #breakfast ? I DO!!! I don't mash th potatoes at home. Th veggie U are served at th outlets is crap. They give U a potato paste. #Chef #Chefs #Cheflife #BonAppetit,,,#Chefs #BonAppetit #Chef #Cheflife #PavBhaji #breakfast,,Who the hell eats #PavBhaji for #breakfast ? I DO!!! I don't mash th potatoes at home. Th veggie U are served at th outlets is crap. They give U a potato paste. #Chef #Chefs #Cheflife #BonAppetit #Chefs #BonAppetit #Chef #Cheflife #PavBhaji #breakfast,24,9,False,1535085027,519355750,0
506,1850742054578376710,BmvKBfOBVAG,39918980_347686485772990_2399007073271545856_n.jpg,C:\Coding\projects\pavbhaji_model\machinelearningchallenge\dataset\dataset\images\0\39918980_347686485772990_2399007073271545856_n.jpg,0,"Dear friends, 
Mumbai is very famous for VADA PAV . People from all walks of life enjoy this food item. Mumbaikar eats at least once a week. All other non Mumbaikar do enjoy the same. Mouth watering? .Enjoy it now. 
#India #mumbailocal #pune #vadapav #karjatvadapav #fastfood #andhrapradesh #andheri #pavbhaji #streetfood #maharashtra #amchimumbai #indianfood #spicy #tasteofindia #indiansnacks #walkwithindia #desifood #khana #chaat",,,#vadapav #India #pune #chaat #andhrapradesh #mumbailocal #streetfood #pavbhaji #amchimumbai #indianfood #maharashtra #spicy #indiansnacks #khana #karjatvadapav #fastfood #desifood #walkwithindia #andheri #tasteofindia,,"Dear friends, 
Mumbai is very famous for VADA PAV . People from all walks of life enjoy this food item. Mumbaikar eats at least once a week. All other non Mumbaikar do enjoy the same. Mouth watering? .Enjoy it now. 
#India #mumbailocal #pune #vadapav #karjatvadapav #fastfood #andhrapradesh #andheri #pavbhaji #streetfood #maharashtra #amchimumbai #indianfood #spicy #tasteofindia #indiansnacks #walkwithindia #desifood #khana #chaat #vadapav #India #pune #chaat #andhrapradesh #mumbailocal #streetfood #pavbhaji #amchimumbai #indianfood #maharashtra #spicy #indiansnacks #khana #karjatvadapav #fastfood #desifood #walkwithindia #andheri #tasteofindia",9,1,False,1534845667,5704663511,0
114,1854177897863130993,Bm7XPlogy9x,39114680_526827191092729_1580924075214110720_n.jpg,C:\Coding\projects\pavbhaji_model\machinelearningchallenge\dataset\dataset\images\1\39114680_526827191092729_1580924075214110720_n.jpg,1,"Homemade Paav Bhaji garnished with onion, cilantro, and cheese. Turned out to be delicious dish. #yummy #pavbhaji #mumbaistyle #mumbaistreetfood #shravanmonth #homealone  #lovecooking❤️",,,#mumbaistreetfood #❤️ #homealone #mumbaistyle #pavbhaji #shravanmonth #yummy,,"Homemade Paav Bhaji garnished with onion, cilantro, and cheese. Turned out to be delicious dish. #yummy #pavbhaji #mumbaistyle #mumbaistreetfood #shravanmonth #homealone  #lovecooking❤️ #mumbaistreetfood #❤️ #homealone #mumbaistyle #pavbhaji #shravanmonth #yummy",27,1,False,1535255251,6412854614,0
44,1855046697716021433,Bm-cySjH_i5,39763838_2013752995334492_6026328360307654656_n.jpg,C:\Coding\projects\pavbhaji_model\machinelearningchallenge\dataset\dataset\images\0\39763838_2013752995334492_6026328360307654656_n.jpg,0,"Oh hello week! Let’s do this. 
Pav Bhaji Flatbread smothered in mozzarella.
Whether you’re shuttling between shifts or picking on a lazy midday meal, here’s a comfort food you can’t help but love. 
Come lunch at Karlo. 🍽 Find us on Zomato 
#KarloArtKitchen #pavbhaji #flatbread #pavbhajiflatbread #maharashtrian #food #fusionfood #flatbreadpizza #pavbhajilove #monday #weekahead #happyeating #vegetarian #vegan #shravan #eatlocal #experimentalfood #plantbased #foodporn #foodstagram #foodlovers #foodie #punefoodie #puneigers #restaurantsinpune #pune #india",,,#punefoodie #eatlocal #plantbased #foodie #shravan #monday #KarloArtKitchen #vegetarian #restaurantsinpune #foodporn #pavbhajilove #flatbread #foodlovers #fusionfood #pavbhajiflatbread #pune #india #flatbreadpizza #weekahead #experimentalfood #maharashtrian #foodstagram #vegan #food #pavbhaji #happyeating #puneigers,Karlo Art Kitchen& Cafe,"Oh hello week! Let’s do this. 
Pav Bhaji Flatbread smothered in mozzarella.
Whether you’re shuttling between shifts or picking on a lazy midday meal, here’s a comfort food you can’t help but love. 
Come lunch at Karlo. 🍽 Find us on Zomato 
#KarloArtKitchen #pavbhaji #flatbread #pavbhajiflatbread #maharashtrian #food #fusionfood #flatbreadpizza #pavbhajilove #monday #weekahead #happyeating #vegetarian #vegan #shravan #eatlocal #experimentalfood #plantbased #foodporn #foodstagram #foodlovers #foodie #punefoodie #puneigers #restaurantsinpune #pune #india #punefoodie #eatlocal #plantbased #foodie #shravan #monday #KarloArtKitchen #vegetarian #restaurantsinpune #foodporn #pavbhajilove #flatbread #foodlovers #fusionfood #pavbhajiflatbread #pune #india #flatbreadpizza #weekahead #experimentalfood #maharashtrian #foodstagram #vegan #food #pavbhaji #happyeating #puneigers Karlo Art Kitchen& Cafe",60,1,False,1535358820,7754045461,0
306,1852347007588761368,Bm028oMFf8Y,39226073_1896830240612339_4987413060311318528_n.jpg,C:\Coding\projects\pavbhaji_model\machinelearningchallenge\dataset\dataset\images\0\39226073_1896830240612339_4987413060311318528_n.jpg,0,"Mouthwatering Butter Pav Bhaji !
Must try 👅
.
.
In photo- Butter Pav Bhaji. 
Place- Rajees, FC road , Pune 
Price- 120 
Ratings- 🌟🌟🌟
.
.
.

#pavbhaji #amulrecipes #foodporn #achchedin #microblogging #mumbai 
#foodlover #punefoodie #punefoodblogger #punefoodexplorer #aurangabad #foodielicious #foodphotography #streetfood #foodstagram #foodpage #followus #butterpavbhaji #mouthwateringfood #shotononeplus5 #zomato #punefoodbloggersguild #bhukkads #fcroad #mumbaifood #aurangabadfoodies #foodiesofig",,,#punefoodie #aurangabad #aurangabadfoodies #foodphotography #mumbai #punefoodbloggersguild #foodiesofig #followus #foodlover #microblogging #foodielicious #punefoodexplorer #fcroad #foodporn #foodpage #mouthwateringfood #punefoodblogger #bhukkads #zomato #foodstagram #amulrecipes #mumbaifood #butterpavbhaji #streetfood #pavbhaji #achchedin #shotononeplus5,FC Road,"Mouthwatering Butter Pav Bhaji !
Must try 👅
.
.
In photo- Butter Pav Bhaji. 
Place- Rajees, FC road , Pune 
Price- 120 
Ratings- 🌟🌟🌟
.
.
.

#pavbhaji #amulrecipes #foodporn #achchedin #microblogging #mumbai 
#foodlover #punefoodie #punefoodblogger #punefoodexplorer #aurangabad #foodielicious #foodphotography #streetfood #foodstagram #foodpage #followus #butterpavbhaji #mouthwateringfood #shotononeplus5 #zomato #punefoodbloggersguild #bhukkads #fcroad #mumbaifood #aurangabadfoodies #foodiesofig #punefoodie #aurangabad #aurangabadfoodies #foodphotography #mumbai #punefoodbloggersguild #foodiesofig #followus #foodlover #microblogging #foodielicious #punefoodexplorer #fcroad #foodporn #foodpage #mouthwateringfood #punefoodblogger #bhukkads #zomato #foodstagram #amulrecipes #mumbaifood #butterpavbhaji #streetfood #pavbhaji #achchedin #shotononeplus5 FC Road",71,0,False,1535036992,7828916596,0
394,1851606700232803779,BmyOnvPHAXD,38942004_234527670593354_4095777454524727296_n.jpg,C:\Coding\projects\pavbhaji_model\machinelearningchallenge\dataset\dataset\images\0\38942004_234527670593354_4095777454524727296_n.jpg,0,Dinner@chowpati..#pavbhaji#cheesemasaladhosa#malaiicecrem😀,,,#pavbhaji #cheesemasaladhosa #malaiicecrem,Athvalince Chopati,Dinner@chowpati..#pavbhaji#cheesemasaladhosa#malaiicecrem😀 #pavbhaji #cheesemasaladhosa #malaiicecrem Athvalince Chopati,46,0,False,1534948740,4443398926,0
420,1851368294339305860,BmxYaecg-GE,38860491_597428630651403_6027343862375120896_n.jpg,C:\Coding\projects\pavbhaji_model\machinelearningchallenge\dataset\dataset\images\0\38860491_597428630651403_6027343862375120896_n.jpg,0,"Want to try the best HEAVY MEAL near Bhawarkuan then you visit THE FOOD 😍😍😋😋
.
.
THE FOOD 
NEW CAFE  RESTRO @ BHAWARKUAN
.
.
>> They're serving you delicious in Nominal rates
>> They're also serving heavy meal
>> special decorations available for any type of gathering
>> Try out their delicious food - The food special 😋
.
.
Show this post to get 25% OFF with family😍
Additional 15% OFF for Davv students 
For couple its 20% off.
.
#location - The Food, near mahindra showroom, bholaram ustad marg, near Bhawarkuan square
.
.
#bhiyaooo #food #foodgram #foodie #foodiye #foodlove #foodblogger #foodblog #blogger #mumbai #delhi #India #trending #indore #indori #pune #pic #picoftheday #like #follow #f4f #punjabi #southindian #desifood #pavbhaji",,,#foodgram #foodblogger #mumbai #foodie #blogger #foodlove #India #bhiyaooo #foodiye #indori #follow #foodblog #location #desifood #like #southindian #pune #f4f #punjabi #trending #picoftheday #food #pic #pavbhaji #delhi #indore,The Food,"Want to try the best HEAVY MEAL near Bhawarkuan then you visit THE FOOD 😍😍😋😋
.
.
THE FOOD 
NEW CAFE  RESTRO @ BHAWARKUAN
.
.
>> They're serving you delicious in Nominal rates
>> They're also serving heavy meal
>> special decorations available for any type of gathering
>> Try out their delicious food - The food special 😋
.
.
Show this post to get 25% OFF with family😍
Additional 15% OFF for Davv students 
For couple its 20% off.
.
#location - The Food, near mahindra showroom, bholaram ustad marg, near Bhawarkuan square
.
.
#bhiyaooo #food #foodgram #foodie #foodiye #foodlove #foodblogger #foodblog #blogger #mumbai #delhi #India #trending #indore #indori #pune #pic #picoftheday #like #follow #f4f #punjabi #southindian #desifood #pavbhaji #foodgram #foodblogger #mumbai #foodie #blogger #foodlove #India #bhiyaooo #foodiye #indori #follow #foodblog #location #desifood #like #southindian #pune #f4f #punjabi #trending #picoftheday #food #pic #pavbhaji #delhi #indore The Food",217,1,False,1534920320,5585159393,0
369,1851798721113802569,Bmy6SAngsdJ,39022322_226911724648134_5153144866032582656_n.jpg,C:\Coding\projects\pavbhaji_model\machinelearningchallenge\dataset\dataset\images\1\39022322_226911724648134_5153144866032582656_n.jpg,1,"What’s the best breakfast dish in the world? Is it the UK’s full English? America’s waffles and pancakes? France’s croissants and jams? China’s dim sum and dumplings? Or Japan’s rice, fish and miso soup? .
No, it’s an Indian dish by way of Portugal – Pav Bhaji. .
Menus often describe Pav Bhaji as “tangy mashed potato with Indian spices served with soft rolls”. With this in mind, you wont be shocked to hear that the dish is a potato based curry served with toasted soft bread rolls. .
The addition of the onions and lemon juice makes the dish. Cutting through the spice, they produce a mouth-watering combination of tangy umami and spices. So good is the Bhaji that there’s no need for the Pav, other than to bulk the dish out. .
Pav, Portuguese in origin (a literal translation being bread), are soft white rolls, while Bhaji is a vegetable curry from the Indian state of Maharashtra. The breakfast was born when Pav were introduced as a pairing for the Bhaji by the Portuguese when they controlled Maharashtra. .
Now my go-to breakfast when I'm in India, I’ve had multiple versions. In Jodhpur, I even came across a lamb mince version, but not even that could live up to the memory of the first one I had at Udaipur’s Lake Palace hotel @tajlakepalace . If you see this dish on a menu I can’t encourage you enough to try it, and be liberal with the shallots and lemon/lime or you’ll miss out. .
.
.
.
#followback #like4like #l4l #likesreturned #follow4follow #comment4comment #liketeam #followtrain #gay #instagay #gayreveiw #gayvibes #london #londonlamppost #travel #india #gaytravel #breakfast #indianbreakfast #curry #curryforbreakfast #lakepalace #udaipur #jodhpur #bestbreakfast #pavbhaji",,,#follow4follow #indianbreakfast #lakepalace #gayvibes #gayreveiw #jodhpur #travel #bestbreakfast #gay #followback #liketeam #india #curryforbreakfast #gaytravel #likesreturned #udaipur #instagay #followtrain #breakfast #l4l #pavbhaji #comment4comment #londonlamppost #curry #london #like4like,"Taj Lake Palace, Udaipur, India","What’s the best breakfast dish in the world? Is it the UK’s full English? America’s waffles and pancakes? France’s croissants and jams? China’s dim sum and dumplings? Or Japan’s rice, fish and miso soup? .
No, it’s an Indian dish by way of Portugal – Pav Bhaji. .
Menus often describe Pav Bhaji as “tangy mashed potato with Indian spices served with soft rolls”. With this in mind, you wont be shocked to hear that the dish is a potato based curry served with toasted soft bread rolls. .
The addition of the onions and lemon juice makes the dish. Cutting through the spice, they produce a mouth-watering combination of tangy umami and spices. So good is the Bhaji that there’s no need for the Pav, other than to bulk the dish out. .
Pav, Portuguese in origin (a literal translation being bread), are soft white rolls, while Bhaji is a vegetable curry from the Indian state of Maharashtra. The breakfast was born when Pav were introduced as a pairing for the Bhaji by the Portuguese when they controlled Maharashtra. .
Now my go-to breakfast when I'm in India, I’ve had multiple versions. In Jodhpur, I even came across a lamb mince version, but not even that could live up to the memory of the first one I had at Udaipur’s Lake Palace hotel @tajlakepalace . If you see this dish on a menu I can’t encourage you enough to try it, and be liberal with the shallots and lemon/lime or you’ll miss out. .
.
.
.
#followback #like4like #l4l #likesreturned #follow4follow #comment4comment #liketeam #followtrain #gay #instagay #gayreveiw #gayvibes #london #londonlamppost #travel #india #gaytravel #breakfast #indianbreakfast #curry #curryforbreakfast #lakepalace #udaipur #jodhpur #bestbreakfast #pavbhaji #follow4follow #indianbreakfast #lakepalace #gayvibes #gayreveiw #jodhpur #travel #bestbreakfast #gay #followback #liketeam #india #curryforbreakfast #gaytravel #likesreturned #udaipur #instagay #followtrain #breakfast #l4l #pavbhaji #comment4comment #londonlamppost #curry #london #like4like Taj Lake Palace, Udaipur, India",53,1,False,1534971631,5689925677,0
258,1852827220123293110,Bm2kIo9n5W2,39051605_328770064359374_6583309408699154432_n.jpg,C:\Coding\projects\pavbhaji_model\machinelearningchallenge\dataset\dataset\images\0\39051605_328770064359374_6583309408699154432_n.jpg,0,"Sandwich ki aisi picture na dali toh kahe k tum food blogger 🤣🤣
.
.
.
.
Chicken Sandwich at @parkplazachandigarh .
.
.
#shotononeplus#pavbhaji #dwarka#vforveggie#dillifoodies #saadidilli #mumbaifoodies#indianfoodie#hungrydilliwaali#delhifoodwalks #mumbaiigers#indianstreetfood #delhifoodguide #delhitimes #delhibloggers #delhistreetfood #mumbaistreetfood #indianfoodiye #mumbaifoodiye #foodiye #chaibreak #mintsauce #incredibleindia #teatime☕ #indian_photography #maggie #indianstreetfood #bhukkadintown",,,#mumbaistreetfood #mumbaiigers #shotononeplus #indianfoodie #indianstreetfood #vforveggie #saadidilli #mintsauce #mumbaifoodies #chaibreak #foodiye #maggie #delhibloggers #delhifoodwalks #dillifoodies #hungrydilliwaali #bhukkadintown #☕ #delhitimes #mumbaifoodiye #dwarka #delhistreetfood #incredibleindia #indian_photography #pavbhaji #indianfoodiye #delhifoodguide,Park Plaza Chandigarh Zirakpur,"Sandwich ki aisi picture na dali toh kahe k tum food blogger 🤣🤣
.
.
.
.
Chicken Sandwich at @parkplazachandigarh .
.
.
#shotononeplus#pavbhaji #dwarka#vforveggie#dillifoodies #saadidilli #mumbaifoodies#indianfoodie#hungrydilliwaali#delhifoodwalks #mumbaiigers#indianstreetfood #delhifoodguide #delhitimes #delhibloggers #delhistreetfood #mumbaistreetfood #indianfoodiye #mumbaifoodiye #foodiye #chaibreak #mintsauce #incredibleindia #teatime☕ #indian_photography #maggie #indianstreetfood #bhukkadintown #mumbaistreetfood #mumbaiigers #shotononeplus #indianfoodie #indianstreetfood #vforveggie #saadidilli #mintsauce #mumbaifoodies #chaibreak #foodiye #maggie #delhibloggers #delhifoodwalks #dillifoodies #hungrydilliwaali #bhukkadintown #☕ #delhitimes #mumbaifoodiye #dwarka #delhistreetfood #incredibleindia #indian_photography #pavbhaji #indianfoodiye #delhifoodguide Park Plaza Chandigarh Zirakpur",194,5,False,1535094238,4085064959,0
392,1851623559237817591,BmySdEaHVT3,37970498_546100965840284_9107222798182383616_n.jpg,C:\Coding\projects\pavbhaji_model\machinelearningchallenge\dataset\dataset\images\0\37970498_546100965840284_9107222798182383616_n.jpg,0,"This Chinese meal .
.
.
After the dal makhni & the butter chicken, if any other main course meal Indians are obsessed with, then it has to be the desi Chinese.
.
.
.
Nothing else beats the combo of noddles with Manchurian or chilly chicken. Almost mandate order everything when we think of eating Chinese.
.
.
.
I wont ask it as I know most of you all are fans of desi Chinese.
.
.
.
#shotononeplus#pavbhaji #dwarka#vforveggie#dillifoodies #saadidilli #mumbaifoodies#indianfoodie#hungrydilliwaali#delhifoodwalks #mumbaiigers#indianstreetfood #delhifoodguide #delhitimes #delhibloggers #delhistreetfood #mumbaistreetfood #indianfoodiye #mumbaifoodiye #foodiye #chaibreak #mintsauce #incredibleindia #teatime☕ #indian_photography #maggie #indianstreetfood #desichinese",,,#mumbaistreetfood #mumbaiigers #shotononeplus #indianfoodie #indianstreetfood #vforveggie #desichinese #saadidilli #mintsauce #mumbaifoodies #chaibreak #foodiye #maggie #delhibloggers #delhifoodwalks #dillifoodies #hungrydilliwaali #☕ #delhitimes #mumbaifoodiye #dwarka #delhistreetfood #incredibleindia #indian_photography #pavbhaji #indianfoodiye #delhifoodguide,Surya Rock Rose Resort,"This Chinese meal .
.
.
After the dal makhni & the butter chicken, if any other main course meal Indians are obsessed with, then it has to be the desi Chinese.
.
.
.
Nothing else beats the combo of noddles with Manchurian or chilly chicken. Almost mandate order everything when we think of eating Chinese.
.
.
.
I wont ask it as I know most of you all are fans of desi Chinese.
.
.
.
#shotononeplus#pavbhaji #dwarka#vforveggie#dillifoodies #saadidilli #mumbaifoodies#indianfoodie#hungrydilliwaali#delhifoodwalks #mumbaiigers#indianstreetfood #delhifoodguide #delhitimes #delhibloggers #delhistreetfood #mumbaistreetfood #indianfoodiye #mumbaifoodiye #foodiye #chaibreak #mintsauce #incredibleindia #teatime☕ #indian_photography #maggie #indianstreetfood #desichinese #mumbaistreetfood #mumbaiigers #shotononeplus #indianfoodie #indianstreetfood #vforveggie #desichinese #saadidilli #mintsauce #mumbaifoodies #chaibreak #foodiye #maggie #delhibloggers #delhifoodwalks #dillifoodies #hungrydilliwaali #☕ #delhitimes #mumbaifoodiye #dwarka #delhistreetfood #incredibleindia #indian_photography #pavbhaji #indianfoodiye #delhifoodguide Surya Rock Rose Resort",454,12,False,1534950750,4085064959,0
262,1852800830677712155,Bm2eIn4F_0b,38792559_239683846691965_7792221086095805510_n.jpg,C:\Coding\projects\pavbhaji_model\machinelearningchallenge\dataset\dataset\images\0\38792559_239683846691965_7792221086095805510_n.jpg,0,"One of our most interesting and intriguing dishes which always leaves our customers in curiosity and delight - Carbon Pav Bhaji with Carbon Pav, do try it out.

#PavBhaji #Unique #Food #Drinks #Restaurant #Balewadi #BalewadiHighStreet #Pune",,,#Food #BalewadiHighStreet #Restaurant #Unique #Balewadi #Drinks #Pune #PavBhaji,Balewadi High Street,"One of our most interesting and intriguing dishes which always leaves our customers in curiosity and delight - Carbon Pav Bhaji with Carbon Pav, do try it out.

#PavBhaji #Unique #Food #Drinks #Restaurant #Balewadi #BalewadiHighStreet #Pune #Food #BalewadiHighStreet #Restaurant #Unique #Balewadi #Drinks #Pune #PavBhaji Balewadi High Street",76,2,False,1535091092,2332142494,0
257,1852836162203157700,Bm2mKw7HgTE,39133091_523289851428537_4909857968264052736_n.jpg,C:\Coding\projects\pavbhaji_model\machinelearningchallenge\dataset\dataset\images\0\39133091_523289851428537_4909857968264052736_n.jpg,0,"Pav bhaji!!😍😋 .
#india #jaipur #instagood #instafood #instafoodie #bread #spicy #vegetables #spicy #snack #foodie #hungry #igers #foodies #foodporn #foodgasm #foodlove #food #foodstagram #foods #instadaily #happy #hungry #sweet #dinner #lunch #breakfast  #summer #pavbhaji  #veg",,,#instafoodie #snack #foodie #lunch #hungry #foodlove #spicy #instafood #instadaily #foodporn #jaipur #india #bread #veg #foodstagram #sweet #foodies #breakfast #instagood #vegetables #foods #food #dinner #pavbhaji #igers #summer #happy #foodgasm,,"Pav bhaji!!😍😋 .
#india #jaipur #instagood #instafood #instafoodie #bread #spicy #vegetables #spicy #snack #foodie #hungry #igers #foodies #foodporn #foodgasm #foodlove #food #foodstagram #foods #instadaily #happy #hungry #sweet #dinner #lunch #breakfast  #summer #pavbhaji  #veg #instafoodie #snack #foodie #lunch #hungry #foodlove #spicy #instafood #instadaily #foodporn #jaipur #india #bread #veg #foodstagram #sweet #foodies #breakfast #instagood #vegetables #foods #food #dinner #pavbhaji #igers #summer #happy #foodgasm",62,6,False,1535095304,7434672363,0
49,1855025838594897027,Bm-YCv-nrSD,40104017_739359253122887_4805401799529857024_n.jpg,C:\Coding\projects\pavbhaji_model\machinelearningchallenge\dataset\dataset\images\0\40104017_739359253122887_4805401799529857024_n.jpg,0,".PAAV BHAJI .Paav Bhaji is one of the most famous street food in mumbai,consisting of a thick vegetable curry, fried and served with a soft bread roll(Paav).
.
.
.
.
.
.
.
.
.
.
.
.
.
#pavbhaji#buttery#spice#papad#streetfood#mumbaifood#mouthwatering#yummy#blog#taste#foodislife",,,#mumbaifood #papad #mouthwatering #streetfood #pavbhaji #taste #buttery #blog #foodislife #yummy #spice,,".PAAV BHAJI .Paav Bhaji is one of the most famous street food in mumbai,consisting of a thick vegetable curry, fried and served with a soft bread roll(Paav).
.
.
.
.
.
.
.
.
.
.
.
.
.
#pavbhaji#buttery#spice#papad#streetfood#mumbaifood#mouthwatering#yummy#blog#taste#foodislife #mumbaifood #papad #mouthwatering #streetfood #pavbhaji #taste #buttery #blog #foodislife #yummy #spice",29,1,False,1535356334,7406820891,0
297,1852378093940109758,Bm0-A_nA_G-,39929912_2133051663577600_9114313746238406656_n.jpg,C:\Coding\projects\pavbhaji_model\machinelearningchallenge\dataset\dataset\images\0\39929912_2133051663577600_9114313746238406656_n.jpg,0,Pav Bhaji at Mumbai’s Juhu Beach. 2014. 🇮🇳 #India #Mumbai #Bombay #streetfood #pavbhaji #yummy #somuchbutter #sodelicious #instafood #instatravel #globetrotter #travel #wanderlust #foodie #instapassport #wander #becurious,,,#Bombay #India #globetrotter #travel #instapassport #Mumbai #wander #foodie #instatravel #streetfood #pavbhaji #instafood #somuchbutter #sodelicious #yummy #becurious #wanderlust,Mumbai India,Pav Bhaji at Mumbai’s Juhu Beach. 2014. 🇮🇳 #India #Mumbai #Bombay #streetfood #pavbhaji #yummy #somuchbutter #sodelicious #instafood #instatravel #globetrotter #travel #wanderlust #foodie #instapassport #wander #becurious #Bombay #India #globetrotter #travel #instapassport #Mumbai #wander #foodie #instatravel #streetfood #pavbhaji #instafood #somuchbutter #sodelicious #yummy #becurious #wanderlust Mumbai India,16,2,False,1535040698,8343696618,0
59,1854877656384232596,Bm92Wail1yU,39238604_317926362087840_803085461886074880_n.jpg,C:\Coding\projects\pavbhaji_model\machinelearningchallenge\dataset\dataset\images\0\39238604_317926362087840_803085461886074880_n.jpg,0,"Morning Breakfast Shira 😋😋
@bollywood_dost
.
.
.
.
#shira #dryfruits #foodlovers #vadapav #panipuri #samosa #gulabjamun #kajukatli #bhelpuri #bhel #kachori #chivda #pavbhaji #pizza #masaladosa #idli #idlisambhar #jilebi #rasgulla #rasmalai #bollywood_dost #breadpakoda #bhaji #bhaje #dabeli #dahipuri #sweets #kadaprasad #marathifood #morningbreakfast",,,#vadapav #bhaji #rasmalai #panipuri #morningbreakfast #shira #dabeli #bhel #kadaprasad #dryfruits #marathifood #bollywood_dost #kachori #jilebi #foodlovers #breadpakoda #bhelpuri #sweets #masaladosa #idli #pizza #chivda #samosa #rasgulla #bhaje #idlisambhar #dahipuri #pavbhaji #gulabjamun #kajukatli,,"Morning Breakfast Shira 😋😋
@bollywood_dost
.
.
.
.
#shira #dryfruits #foodlovers #vadapav #panipuri #samosa #gulabjamun #kajukatli #bhelpuri #bhel #kachori #chivda #pavbhaji #pizza #masaladosa #idli #idlisambhar #jilebi #rasgulla #rasmalai #bollywood_dost #breadpakoda #bhaji #bhaje #dabeli #dahipuri #sweets #kadaprasad #marathifood #morningbreakfast #vadapav #bhaji #rasmalai #panipuri #morningbreakfast #shira #dabeli #bhel #kadaprasad #dryfruits #marathifood #bollywood_dost #kachori #jilebi #foodlovers #breadpakoda #bhelpuri #sweets #masaladosa #idli #pizza #chivda #samosa #rasgulla #bhaje #idlisambhar #dahipuri #pavbhaji #gulabjamun #kajukatli",133,0,False,1535338669,7900092108,0
434,1851340042750689712,BmxR_XGnIGw,38776809_2190213587675440_1173963386908573696_n.jpg,C:\Coding\projects\pavbhaji_model\machinelearningchallenge\dataset\dataset\images\1\38776809_2190213587675440_1173963386908573696_n.jpg,1,"The most iconic utterly delicious buttery Sardar Pav Bhaji 😋🔥😍
.
Credits 📸 : @foodmaniacindia 
Follow @vegguruindia to discover the best of Vegetarian Food 🌿
.
#mumbaikar #mumbaifoodie #foodofmumbai #mumbaimerijaan #mumbai_igers #foodtalkindia #foodmaniacindia #desifood #streetfood #grubzone #pavbhaji #mumbaifoodblogger #delhifood #nyceats #eatlocal #foodiesofinstagram #eatingfortheinsta #vscofood #feedfeed #eeeeeats #forkyeah #buzzfeast #f52grams #foreverhungry #vscofood #foodstagram #foodandwine #foodgawker #bombay #foodgasm",,,#foodofmumbai #eatlocal #foodmaniacindia #mumbaimerijaan #mumbaifoodie #buzzfeast #f52grams #grubzone #nyceats #eatingfortheinsta #foodiesofinstagram #desifood #mumbai_igers #delhifood #mumbaikar #forkyeah #foodstagram #eeeeeats #mumbaifoodblogger #foreverhungry #foodgawker #bombay #streetfood #pavbhaji #feedfeed #foodandwine #foodtalkindia #foodgasm #vscofood,Sardar PavBhaji,"The most iconic utterly delicious buttery Sardar Pav Bhaji 😋🔥😍
.
Credits 📸 : @foodmaniacindia 
Follow @vegguruindia to discover the best of Vegetarian Food 🌿
.
#mumbaikar #mumbaifoodie #foodofmumbai #mumbaimerijaan #mumbai_igers #foodtalkindia #foodmaniacindia #desifood #streetfood #grubzone #pavbhaji #mumbaifoodblogger #delhifood #nyceats #eatlocal #foodiesofinstagram #eatingfortheinsta #vscofood #feedfeed #eeeeeats #forkyeah #buzzfeast #f52grams #foreverhungry #vscofood #foodstagram #foodandwine #foodgawker #bombay #foodgasm #foodofmumbai #eatlocal #foodmaniacindia #mumbaimerijaan #mumbaifoodie #buzzfeast #f52grams #grubzone #nyceats #eatingfortheinsta #foodiesofinstagram #desifood #mumbai_igers #delhifood #mumbaikar #forkyeah #foodstagram #eeeeeats #mumbaifoodblogger #foreverhungry #foodgawker #bombay #streetfood #pavbhaji #feedfeed #foodandwine #foodtalkindia #foodgasm #vscofood Sardar PavBhaji",717,84,False,1534916952,2328114376,0
405,1851526435506606749,Bmx8Xu4ndKd,39103471_287554878495926_2149356163546742784_n.jpg,C:\Coding\projects\pavbhaji_model\machinelearningchallenge\dataset\dataset\images\1\39103471_287554878495926_2149356163546742784_n.jpg,1,"A world-famous fast food dish or perhaps the king of the street food from the western state of Maharashtra - Pav Bhaji is an amalgamation of vegetables gingered up with a unique blend of spices served with soft bread roll. Having originated during the thriving textile industry business in Mumbai, 
Pav Bhaji was invented as a midnight dish by street food vendors, made with all the leftover vegetables from the day, mashed up together, with loads of added spice, and butter. Bhaji is the Marathi word for a vegetable dish, and pav probably comes from the Portuguese word for bread. A mixture of vegetables mashed into a rich red-orange coloured spice mixture. Pav Bhaji is a flavourful combination of spicy and tangy, and is eaten with raw onions, a squeeze of lime and a dollop of butter.... .
.
📎Homemade 
Visit the blog for the RECIPE : 🍽
www.thehappytummytales.wordpress.com .
.
.
#thehappytummytales #THTT
#foodblog #foodbloggers #pavbhaji #pav #bhaji #recipes #homemade #easyrecipeideas #bloggerstyle #blogger #bloggers #indianfoodblogger #flavoursofindia #foodstagram #foodgram #foodiefeature #funwithfood #history #firstfoodpost",,,#foodgram #bhaji #blogger #recipes #funwithfood #flavoursofindia #pav #foodblog #THTT #bloggers #thehappytummytales #indianfoodblogger #easyrecipeideas #firstfoodpost #foodstagram #foodbloggers #foodiefeature #pavbhaji #history #bloggerstyle #homemade,,"A world-famous fast food dish or perhaps the king of the street food from the western state of Maharashtra - Pav Bhaji is an amalgamation of vegetables gingered up with a unique blend of spices served with soft bread roll. Having originated during the thriving textile industry business in Mumbai, 
Pav Bhaji was invented as a midnight dish by street food vendors, made with all the leftover vegetables from the day, mashed up together, with loads of added spice, and butter. Bhaji is the Marathi word for a vegetable dish, and pav probably comes from the Portuguese word for bread. A mixture of vegetables mashed into a rich red-orange coloured spice mixture. Pav Bhaji is a flavourful combination of spicy and tangy, and is eaten with raw onions, a squeeze of lime and a dollop of butter.... .
.
📎Homemade 
Visit the blog for the RECIPE : 🍽
www.thehappytummytales.wordpress.com .
.
.
#thehappytummytales #THTT
#foodblog #foodbloggers #pavbhaji #pav #bhaji #recipes #homemade #easyrecipeideas #bloggerstyle #blogger #bloggers #indianfoodblogger #flavoursofindia #foodstagram #foodgram #foodiefeature #funwithfood #history #firstfoodpost #foodgram #bhaji #blogger #recipes #funwithfood #flavoursofindia #pav #foodblog #THTT #bloggers #thehappytummytales #indianfoodblogger #easyrecipeideas #firstfoodpost #foodstagram #foodbloggers #foodiefeature #pavbhaji #history #bloggerstyle #homemade",66,12,False,1534939172,8346549781,0
256,1852858453662275878,Bm2rPJdnpkm,39907523_631319780594913_4131845047983276032_n.jpg,C:\Coding\projects\pavbhaji_model\machinelearningchallenge\dataset\dataset\images\1\39907523_631319780594913_4131845047983276032_n.jpg,1,"Recipe alert!!! .
.
Homemade pav bhaji served with onions. It was so tasty and spicy. I love spicy food.
.
.
Dm me to know the recipe💓
.
.
#friday#pavbhaji#mouthwatering##foodbloggers#morning#breakfastgoals#breakfasttime#breakfast#tasty#delhigram#delicious#yummy#food#foodie#foodblog#pavbhaji#bhaji#spicy#butter#breakfast#food#foodfood#buttery#yum#goodmorning#recipe#homemade#homecooked#followme#travelphotograph#travelphotography#travelphoto#travelblog#followme",,,#breakfastgoals #travelphotograph #bhaji #foodie #followme #delicious #travelphotography #goodmorning #spicy #travelphoto #buttery #foodblog #yum #butter #mouthwatering #friday #yummy #breakfasttime #breakfast #foodbloggers #recipe #morning #food #tasty #delhigram #homecooked #pavbhaji #foodfood #travelblog #homemade,,"Recipe alert!!! .
.
Homemade pav bhaji served with onions. It was so tasty and spicy. I love spicy food.
.
.
Dm me to know the recipe💓
.
.
#friday#pavbhaji#mouthwatering##foodbloggers#morning#breakfastgoals#breakfasttime#breakfast#tasty#delhigram#delicious#yummy#food#foodie#foodblog#pavbhaji#bhaji#spicy#butter#breakfast#food#foodfood#buttery#yum#goodmorning#recipe#homemade#homecooked#followme#travelphotograph#travelphotography#travelphoto#travelblog#followme #breakfastgoals #travelphotograph #bhaji #foodie #followme #delicious #travelphotography #goodmorning #spicy #travelphoto #buttery #foodblog #yum #butter #mouthwatering #friday #yummy #breakfasttime #breakfast #foodbloggers #recipe #morning #food #tasty #delhigram #homecooked #pavbhaji #foodfood #travelblog #homemade",57,3,False,1535097961,8226222535,0
352,1852047998599569906,Bmzy9eXgCHy,39091593_2191964294372339_748669772433981440_n.jpg,C:\Coding\projects\pavbhaji_model\machinelearningchallenge\dataset\dataset\images\0\39091593_2191964294372339_748669772433981440_n.jpg,0,"Pav Bhaji Dosa @shreegangour_group Juhu.
.
Follow
@pinchmyplatemumbai
@pinchmyplatemumbai
For amazing feeds across mumbai 😍
.
.
Use #pinchmyplatemumbai to get featured.

#foodmaniacindia #mumbai #mumbaikar #mumbai_ig #mumbaigram #mumbaifood #things2doinmumbai #mymumbai #mumbaidiaries #mumbaiigers #mumbai_igers #mumbaiblogger #mumbaifoodblogger #mumbaiislife #storiesofindia #indiaigers #indiagram #yummy #tasty #igers #dessert #dosa #pavbhaji #sheeegangoursweets #pinchmyplatemumbai",,,#foodmaniacindia #mumbai #mumbaiigers #mumbai_ig #mumbaidiaries #mumbaiislife #mymumbai #indiaigers #things2doinmumbai #mumbai_igers #pinchmyplatemumbai #mumbaiblogger #storiesofindia #yummy #dosa #mumbaigram #mumbaifoodblogger #mumbaifood #sheeegangoursweets #tasty #pavbhaji #indiagram #igers #dessert #mumbaikar,Shree Gangour Sweets,"Pav Bhaji Dosa @shreegangour_group Juhu.
.
Follow
@pinchmyplatemumbai
@pinchmyplatemumbai
For amazing feeds across mumbai 😍
.
.
Use #pinchmyplatemumbai to get featured.

#foodmaniacindia #mumbai #mumbaikar #mumbai_ig #mumbaigram #mumbaifood #things2doinmumbai #mymumbai #mumbaidiaries #mumbaiigers #mumbai_igers #mumbaiblogger #mumbaifoodblogger #mumbaiislife #storiesofindia #indiaigers #indiagram #yummy #tasty #igers #dessert #dosa #pavbhaji #sheeegangoursweets #pinchmyplatemumbai #foodmaniacindia #mumbai #mumbaiigers #mumbai_ig #mumbaidiaries #mumbaiislife #mymumbai #indiaigers #things2doinmumbai #mumbai_igers #pinchmyplatemumbai #mumbaiblogger #storiesofindia #yummy #dosa #mumbaigram #mumbaifoodblogger #mumbaifood #sheeegangoursweets #tasty #pavbhaji #indiagram #igers #dessert #mumbaikar Shree Gangour Sweets",2100,17,False,1535001347,2636141434,0
239,1852994869698725009,Bm3KQQzA4SR,39003821_959692557547494_278563882237165568_n.jpg,C:\Coding\projects\pavbhaji_model\machinelearningchallenge\dataset\dataset\images\0\39003821_959692557547494_278563882237165568_n.jpg,0,"Presenting #chopsueydosa @chennaichowpatty !

Replace the typical potato stuffing with a tongue-tickling  #chopsuey and there you have a unique snack that is both filling and tasty. With #noodles and colourful veggies, this dosas stuffing is quite sumptuous !

Full of #flavour!
Be here to relish the amazing varieties of #mumbaiflavours 🍴

#pavbhaji #chennaifoodie #chennai_trendies #foodblogger #foodislife #nammachennai #loveforfood #chennaidiaries📒💕 #annanagar #shenoynagar #desifood #dosa #foodchennai #chennai_trendies #annanagarfoodie #igers #foodtalkindia #buzzfeedfood #mumbaifoodie #streetfood #junkfood #tempting #foodgasm #chennaiblogger #feedfeed #chennaitimes",,,#foodblogger #mumbaifoodie #flavour #junkfood #chennai_trendies #loveforfood #foodchennai #shenoynagar #chennaitimes #chennaiblogger #desifood #chopsueydosa #chennaidiaries #chennaifoodie #noodles #annanagarfoodie #annanagar #foodislife #dosa #chopsuey #buzzfeedfood #streetfood #pavbhaji #tempting #feedfeed #nammachennai #igers #foodtalkindia #foodgasm #mumbaiflavours,"Shenoy Nagar, Tamil Nadu, India","Presenting #chopsueydosa @chennaichowpatty !

Replace the typical potato stuffing with a tongue-tickling  #chopsuey and there you have a unique snack that is both filling and tasty. With #noodles and colourful veggies, this dosas stuffing is quite sumptuous !

Full of #flavour!
Be here to relish the amazing varieties of #mumbaiflavours 🍴

#pavbhaji #chennaifoodie #chennai_trendies #foodblogger #foodislife #nammachennai #loveforfood #chennaidiaries📒💕 #annanagar #shenoynagar #desifood #dosa #foodchennai #chennai_trendies #annanagarfoodie #igers #foodtalkindia #buzzfeedfood #mumbaifoodie #streetfood #junkfood #tempting #foodgasm #chennaiblogger #feedfeed #chennaitimes #foodblogger #mumbaifoodie #flavour #junkfood #chennai_trendies #loveforfood #foodchennai #shenoynagar #chennaitimes #chennaiblogger #desifood #chopsueydosa #chennaidiaries #chennaifoodie #noodles #annanagarfoodie #annanagar #foodislife #dosa #chopsuey #buzzfeedfood #streetfood #pavbhaji #tempting #feedfeed #nammachennai #igers #foodtalkindia #foodgasm #mumbaiflavours Shenoy Nagar, Tamil Nadu, India",104,0,False,1535114223,8292537747,0
450,1851261179794348470,BmxADwQHNm2,39196248_311264166102150_3772406901497659392_n.jpg,C:\Coding\projects\pavbhaji_model\machinelearningchallenge\dataset\dataset\images\1\39196248_311264166102150_3772406901497659392_n.jpg,1,"Pav Bhaji 😋 .
.
#foodblogger #foodphotography #foodblogger_de #followtrainhyper #followkpop #followforfollow #followfollowfollow #f4f #likeforlikes #likeforlike #likeforlifelikeforlove #vegetariano #pavbhaji #butterpavbhaji #yummy #nomnom #foodfeed",,,#nomnom #foodphotography #likeforlike #foodblogger #foodblogger_de #followkpop #f4f #likeforlifelikeforlove #butterpavbhaji #pavbhaji #foodfeed #followfollowfollow #followforfollow #likeforlikes #yummy #followtrainhyper #vegetariano,,"Pav Bhaji 😋 .
.
#foodblogger #foodphotography #foodblogger_de #followtrainhyper #followkpop #followforfollow #followfollowfollow #f4f #likeforlikes #likeforlike #likeforlifelikeforlove #vegetariano #pavbhaji #butterpavbhaji #yummy #nomnom #foodfeed #nomnom #foodphotography #likeforlike #foodblogger #foodblogger_de #followkpop #f4f #likeforlifelikeforlove #butterpavbhaji #pavbhaji #foodfeed #followfollowfollow #followforfollow #likeforlikes #yummy #followtrainhyper #vegetariano",49,3,False,1534907551,7459685470,0
344,1852126511316721899,Bm0Ez_CHeDr,38880132_228913681132712_6369761495848321024_n.jpg,C:\Coding\projects\pavbhaji_model\machinelearningchallenge\dataset\dataset\images\1\38880132_228913681132712_6369761495848321024_n.jpg,1,"When weather calls for having something Chatpata,  spicy and rich in calories the only thing that strikes your mind is Pav Bhaji.
An amazing street food dish of India that needs no introduction . Kids and adults both admire it's taste and is favourite amongst all. 
So how many of you love Pav Bhaji? Tag your friends who love the same 💖💖
.
Follow @thehouseofyums .
#pavbhaji#streetfood #indianstreetfood #chatpata #spicyfood #khatameetha #drooling #lipsmacking#streetstyle #khanakhazaana #foodie #foodiegram #foodilysm #instapic #instadaily #foodismedicine #foodislife #foodism#tagforlikes #followforfollow",,,#followforfollow #spicyfood #tagforlikes #lipsmacking #khatameetha #foodie #chatpata #pavbhaji #indianstreetfood #streetfood #drooling #foodiegram #instapic #instadaily #foodislife #foodism #streetstyle #khanakhazaana #foodismedicine #foodilysm,Urban Estate Phase II,"When weather calls for having something Chatpata,  spicy and rich in calories the only thing that strikes your mind is Pav Bhaji.
An amazing street food dish of India that needs no introduction . Kids and adults both admire it's taste and is favourite amongst all. 
So how many of you love Pav Bhaji? Tag your friends who love the same 💖💖
.
Follow @thehouseofyums .
#pavbhaji#streetfood #indianstreetfood #chatpata #spicyfood #khatameetha #drooling #lipsmacking#streetstyle #khanakhazaana #foodie #foodiegram #foodilysm #instapic #instadaily #foodismedicine #foodislife #foodism#tagforlikes #followforfollow #followforfollow #spicyfood #tagforlikes #lipsmacking #khatameetha #foodie #chatpata #pavbhaji #indianstreetfood #streetfood #drooling #foodiegram #instapic #instadaily #foodislife #foodism #streetstyle #khanakhazaana #foodismedicine #foodilysm Urban Estate Phase II",92,4,False,1535010707,5868028047,0
335,1852189404292910807,Bm0THMrnw7X,39232779_2140990119483719_8959879568521428992_n.jpg,C:\Coding\projects\pavbhaji_model\machinelearningchallenge\dataset\dataset\images\0\39232779_2140990119483719_8959879568521428992_n.jpg,0,"Pav bhaji loaded with butter 😋😋 _____

Sardar pav bhaji, bombay central, Mumbai

_____

#butter #pavbhaji #cheese #loveforbutter #food #foodie #foodstagram #foodpics #foodislife #foodgram #foodgramindia #foodblog #foodblogger #foodporn",,,#foodgramindia #foodgram #loveforbutter #butter #foodblogger #food #foodie #pavbhaji #foodislife #foodblog #foodporn #foodpics #cheese #foodstagram,Sardar PavBhaji,"Pav bhaji loaded with butter 😋😋 _____

Sardar pav bhaji, bombay central, Mumbai

_____

#butter #pavbhaji #cheese #loveforbutter #food #foodie #foodstagram #foodpics #foodislife #foodgram #foodgramindia #foodblog #foodblogger #foodporn #foodgramindia #foodgram #loveforbutter #butter #foodblogger #food #foodie #pavbhaji #foodislife #foodblog #foodporn #foodpics #cheese #foodstagram Sardar PavBhaji",171,0,False,1535018204,8421004285,0
367,1851840536615101070,BmzDygVnKKO,38845056_2144875335772211_1501657473059127296_n.jpg,C:\Coding\projects\pavbhaji_model\machinelearningchallenge\dataset\dataset\images\0\38845056_2144875335772211_1501657473059127296_n.jpg,0,"follow me 
tag your friends 
leave a comment if you like fruits 🍵🍇🍌🍏🍅🍉🍌🍒
#foodiefeature
#foodmakesmehappy
#foodblogging
#pavbhaji
#lovesalmon
#garfieldgirleats
#glutton
#ieatnpost
#foodgalore
#fooddaily
#organom
#yogurtandfruit
#yogurtandberries
#Kolkatafoodie
#Kolkatafoodlover
#mykitchendiaries
#grilledcorn
#beefribs
#eatitall
#rolledicecream
#foodfusion
#stonerfood
#summerbaking
#oange
#springdesserts
#myrecipemagic
#yumgoggle
#chocoholics #healthystylefamily
#probable",,,#foodmakesmehappy #chocoholics #organom #foodgalore #foodblogging #yumgoggle #eatitall #Kolkatafoodlover #summerbaking #yogurtandberries #fooddaily #garfieldgirleats #Kolkatafoodie #grilledcorn #lovesalmon #ieatnpost #beefribs #glutton #stonerfood #foodfusion #healthystylefamily #yogurtandfruit #foodiefeature #oange #mykitchendiaries #springdesserts #pavbhaji #rolledicecream #probable #myrecipemagic,,"follow me 
tag your friends 
leave a comment if you like fruits 🍵🍇🍌🍏🍅🍉🍌🍒
#foodiefeature
#foodmakesmehappy
#foodblogging
#pavbhaji
#lovesalmon
#garfieldgirleats
#glutton
#ieatnpost
#foodgalore
#fooddaily
#organom
#yogurtandfruit
#yogurtandberries
#Kolkatafoodie
#Kolkatafoodlover
#mykitchendiaries
#grilledcorn
#beefribs
#eatitall
#rolledicecream
#foodfusion
#stonerfood
#summerbaking
#oange
#springdesserts
#myrecipemagic
#yumgoggle
#chocoholics #healthystylefamily
#probable #foodmakesmehappy #chocoholics #organom #foodgalore #foodblogging #yumgoggle #eatitall #Kolkatafoodlover #summerbaking #yogurtandberries #fooddaily #garfieldgirleats #Kolkatafoodie #grilledcorn #lovesalmon #ieatnpost #beefribs #glutton #stonerfood #foodfusion #healthystylefamily #yogurtandfruit #foodiefeature #oange #mykitchendiaries #springdesserts #pavbhaji #rolledicecream #probable #myrecipemagic",65,0,False,1534976616,7809167069,0
46,1855039935841932459,Bm-bP5EBZSr,39651421_236986667158721_1045422733795524608_n.jpg,C:\Coding\projects\pavbhaji_model\machinelearningchallenge\dataset\dataset\images\1\39651421_236986667158721_1045422733795524608_n.jpg,1,"Paav Bhaaji
#pavbhaji#instafood#foodstagram#maharastrian#food#foodie
Shot on #googlepixel2#teampixel 
@madebygoogle",,,#teampixel #googlepixel2 #food #foodie #pavbhaji #instafood #foodstagram #maharastrian,,"Paav Bhaaji
#pavbhaji#instafood#foodstagram#maharastrian#food#foodie
Shot on #googlepixel2#teampixel 
@madebygoogle #teampixel #googlepixel2 #food #foodie #pavbhaji #instafood #foodstagram #maharastrian",40,0,False,1535358014,484520806,0
66,1854687930254475765,Bm9LNiUBcH1,38890028_507464486347612_6020572253727490048_n.jpg,C:\Coding\projects\pavbhaji_model\machinelearningchallenge\dataset\dataset\images\1\38890028_507464486347612_6020572253727490048_n.jpg,1,Carrying on with #spreads dinner tonight was at #dishoom #london #kingscross #londonkingscross #dishoomlondon #dishoomkingscross #indianfood #indianfoodlondon #dishoomchowpattybeach #blackdaal #garlicnaan #murghmalai #lambchops #masalaprawns #pavbhaji #kingfisher #butterbhutta #londonfoodie #londondining #londoneyeatnight #londonrestaurants #foodphotography #foodinspo  #foodinspiration #foodlover #londonfood #timeoutlondon #toplondonrestaurants @dishoom,,,#dishoomchowpattybeach #kingfisher #foodphotography #foodinspo #masalaprawns #spreads #indianfood #toplondonrestaurants #londonkingscross #londoneyeatnight #timeoutlondon #foodlover #londonfood #londondining #londonfoodie #londonrestaurants #garlicnaan #murghmalai #blackdaal #dishoomkingscross #kingscross #dishoom #indianfoodlondon #lambchops #butterbhutta #dishoomlondon #pavbhaji #foodinspiration #london,Dishoom King's Cross,Carrying on with #spreads dinner tonight was at #dishoom #london #kingscross #londonkingscross #dishoomlondon #dishoomkingscross #indianfood #indianfoodlondon #dishoomchowpattybeach #blackdaal #garlicnaan #murghmalai #lambchops #masalaprawns #pavbhaji #kingfisher #butterbhutta #londonfoodie #londondining #londoneyeatnight #londonrestaurants #foodphotography #foodinspo  #foodinspiration #foodlover #londonfood #timeoutlondon #toplondonrestaurants @dishoom #dishoomchowpattybeach #kingfisher #foodphotography #foodinspo #masalaprawns #spreads #indianfood #toplondonrestaurants #londonkingscross #londoneyeatnight #timeoutlondon #foodlover #londonfood #londondining #londonfoodie #londonrestaurants #garlicnaan #murghmalai #blackdaal #dishoomkingscross #kingscross #dishoom #indianfoodlondon #lambchops #butterbhutta #dishoomlondon #pavbhaji #foodinspiration #london Dishoom King's Cross,35,0,False,1535316052,7171919326,0
385,1851675627149722697,BmyeSwbggRJ,39329119_134841397450908_2886578107604188221_n.jpg,C:\Coding\projects\pavbhaji_model\machinelearningchallenge\dataset\dataset\images\0\39329119_134841397450908_2886578107604188221_n.jpg,0,"Money 💰 can buy happiness and its called Food. 🙈
.
. •
•
🍴#food #foodofinstagram #foodie#instafood #yummy #sharefood #instaeat #foodstagram #foodie #instafood #heresmyfood #foodiegram #foodlovers #amazingfood #foodforlife #tasty #foodpictures #foodlover #delicious #foodstyle #foodpic #foodie #foodpics #foodblog #foodtime #all_food_passion #foodheaven #foods #foodblogger #igfood #pavbhaji",,,#foodtime #foodblogger #foodie #all_food_passion #foodpics #delicious #foodlover #heresmyfood #instaeat #sharefood #foodofinstagram #instafood #foodblog #foodlovers #amazingfood #foodiegram #igfood #foodstagram #yummy #foodpic #foods #food #tasty #foodstyle #foodpictures #pavbhaji #foodforlife #foodheaven,Sardar PavBhaji,"Money 💰 can buy happiness and its called Food. 🙈
.
. •
•
🍴#food #foodofinstagram #foodie#instafood #yummy #sharefood #instaeat #foodstagram #foodie #instafood #heresmyfood #foodiegram #foodlovers #amazingfood #foodforlife #tasty #foodpictures #foodlover #delicious #foodstyle #foodpic #foodie #foodpics #foodblog #foodtime #all_food_passion #foodheaven #foods #foodblogger #igfood #pavbhaji #foodtime #foodblogger #foodie #all_food_passion #foodpics #delicious #foodlover #heresmyfood #instaeat #sharefood #foodofinstagram #instafood #foodblog #foodlovers #amazingfood #foodiegram #igfood #foodstagram #yummy #foodpic #foods #food #tasty #foodstyle #foodpictures #pavbhaji #foodforlife #foodheaven Sardar PavBhaji",54,3,False,1534956957,2695933211,0
94,1854327681517176755,Bm75TOiAUez,37152670_241141713125413_5929465483299389440_n.jpg,C:\Coding\projects\pavbhaji_model\machinelearningchallenge\dataset\dataset\images\1\37152670_241141713125413_5929465483299389440_n.jpg,1,"The final result - #pavbhaji served with lemon, red onion and if you’re not feeling #vegan very buttery buns.",,,#pavbhaji #vegan,"Kenilworth, Warwickshire","The final result - #pavbhaji served with lemon, red onion and if you’re not feeling #vegan very buttery buns. #pavbhaji #vegan Kenilworth, Warwickshire",38,3,False,1535273107,38612228,0
139,1853784162717632036,Bm59t_NB4Yk,39241098_315998862291383_3978797496162844672_n.jpg,C:\Coding\projects\pavbhaji_model\machinelearningchallenge\dataset\dataset\images\1\39241098_315998862291383_3978797496162844672_n.jpg,1,"Pav Bhaji
For recipe just DM us.
#cookwithvani #cookingram #chefsplateform #chef #chefchaouen #cheflife #tobechef #tastemaker #indianblogger #indianfoodbloggers #presentation #pavbhaji #serve #spicy #foodphotography #foodblogger #foodpost #foodblogfeed #foodlover #foodgasm #foodblog #foodie #foodstagram #foodgram #foodporn #loveforfood #lipsmacking #varanasifoodie #maincourse",,,#foodgram #tastemaker #foodphotography #foodblogger #lipsmacking #foodie #indianfoodbloggers #foodpost #indianblogger #cookwithvani #foodblogfeed #foodlover #chefsplateform #loveforfood #varanasifoodie #spicy #foodporn #foodblog #presentation #chef #maincourse #foodstagram #tobechef #chefchaouen #serve #pavbhaji #cookingram #cheflife #foodgasm,"Varanasi, India","Pav Bhaji
For recipe just DM us.
#cookwithvani #cookingram #chefsplateform #chef #chefchaouen #cheflife #tobechef #tastemaker #indianblogger #indianfoodbloggers #presentation #pavbhaji #serve #spicy #foodphotography #foodblogger #foodpost #foodblogfeed #foodlover #foodgasm #foodblog #foodie #foodstagram #foodgram #foodporn #loveforfood #lipsmacking #varanasifoodie #maincourse #foodgram #tastemaker #foodphotography #foodblogger #lipsmacking #foodie #indianfoodbloggers #foodpost #indianblogger #cookwithvani #foodblogfeed #foodlover #chefsplateform #loveforfood #varanasifoodie #spicy #foodporn #foodblog #presentation #chef #maincourse #foodstagram #tobechef #chefchaouen #serve #pavbhaji #cookingram #cheflife #foodgasm Varanasi, India",25,1,False,1535208314,8362603887,0
215,1853089832895304440,Bm3f2KKnNL4,39102494_317541222154889_3595576655470395392_n.jpg,C:\Coding\projects\pavbhaji_model\machinelearningchallenge\dataset\dataset\images\1\39102494_317541222154889_3595576655470395392_n.jpg,1,"PAV BHAJI♥
__
Aaj ka bhojann 🌸
.
Swaadishtt khaana 😁

Who's up for this? .
.
Pav Bhaji is my favourite dinner thing which I can have most of the time 💕
.
.
Where: Kumar Pav Bhaji, Krishna Nagar.
__
Tag your friends and make a plan of your weekend.
.
.
FOLLOW: 👇
@foodyypreneur 
@foodyypreneur 
@foodyypreneur 
Use #foodyypreneur",,,#foodyypreneur,,"PAV BHAJI♥
__
Aaj ka bhojann 🌸
.
Swaadishtt khaana 😁

Who's up for this? .
.
Pav Bhaji is my favourite dinner thing which I can have most of the time 💕
.
.
Where: Kumar Pav Bhaji, Krishna Nagar.
__
Tag your friends and make a plan of your weekend.
.
.
FOLLOW: 👇
@foodyypreneur 
@foodyypreneur 
@foodyypreneur 
Use #foodyypreneur #foodyypreneur",954,14,False,1535125544,480651953,0
332,1852219720982290477,Bm0aAXTH2At,39946890_2146665375407528_5758774841482149888_n.jpg,C:\Coding\projects\pavbhaji_model\machinelearningchallenge\dataset\dataset\images\1\39946890_2146665375407528_5758774841482149888_n.jpg,1,"Is love edible🤔...? Off course Yes😃; specially when it's being cooked and served by your dearest friends. 
Thank you CD for arranging such a lip smacking dinner for us...😇 And yes we are missing the special morning tea (Not in the picture) which you had made👌.
#pavbhaji (Shravan bells)
______________
#vegetarian #vforveggie  #followme #indianfood #homemade #fooddiary #foodporn #cuisine #khauadda #fooddiary #vegan #foodstagram #mumbaifoodblogger #mumbaifoodie #delhifoodie #vegetarianfood #vegetarian #bhukkad #foodaspermood #like4like #likeme #foods #tangy #tagme #foodblogger #foodbloggersofindia #foodstagram #dilsefoodie #indiandish  #tastebuds #foodie",,,#cuisine #foodblogger #delhifoodie #followme #foodie #mumbaifoodie #vforveggie #indianfood #tangy #vegetarianfood #vegetarian #khauadda #foodporn #likeme #tagme #indiandish #foodaspermood #fooddiary #foodbloggersofindia #foodstagram #bhukkad #mumbaifoodblogger #foods #vegan #pavbhaji #dilsefoodie #tastebuds #homemade #like4like,,"Is love edible🤔...? Off course Yes😃; specially when it's being cooked and served by your dearest friends. 
Thank you CD for arranging such a lip smacking dinner for us...😇 And yes we are missing the special morning tea (Not in the picture) which you had made👌.
#pavbhaji (Shravan bells)
______________
#vegetarian #vforveggie  #followme #indianfood #homemade #fooddiary #foodporn #cuisine #khauadda #fooddiary #vegan #foodstagram #mumbaifoodblogger #mumbaifoodie #delhifoodie #vegetarianfood #vegetarian #bhukkad #foodaspermood #like4like #likeme #foods #tangy #tagme #foodblogger #foodbloggersofindia #foodstagram #dilsefoodie #indiandish  #tastebuds #foodie #cuisine #foodblogger #delhifoodie #followme #foodie #mumbaifoodie #vforveggie #indianfood #tangy #vegetarianfood #vegetarian #khauadda #foodporn #likeme #tagme #indiandish #foodaspermood #fooddiary #foodbloggersofindia #foodstagram #bhukkad #mumbaifoodblogger #foods #vegan #pavbhaji #dilsefoodie #tastebuds #homemade #like4like",24,2,False,1535021818,1923770151,0
451,1851246437344379980,Bmw8tORnoRM,39277089_226747934850723_3307498471484817408_n.jpg,C:\Coding\projects\pavbhaji_model\machinelearningchallenge\dataset\dataset\images\0\39277089_226747934850723_3307498471484817408_n.jpg,0,"We just couldn't resist some hot spicy Pav Bhaji!! 😍😋
. 
Checked out this small restaurant in Lower Parel named 'Status'. This one is quite famous for its Pani Puri (also popularly known as GolGappa). Since we had already tried the Pani Puri here a couple of times, we decided to check in & try their Pav Bhaji (it was actually the irresistible smell of the hot Pav Bhaji that drew us in). We ordered Cheese Pav Bhaji (Rs 110) along with Jain Pav Bhaji (Rs 95). The Bhaji was served really hot & also the Pav (a type of Indian bread) was soft and melted butter was spread on top of it. Both the Jain & Cheese version of the Bhajis were decent in taste. Although the smell is really tempting, the Pav Bhaji didn't really live up to our expectations. However, it was definitely worth a try!!
. 
Our rating:
Ambience - 🤩🤩
Food - 🤩🤩🤩
Overall - 2.5/5
. 
Tag your Pav Bhaji loving friends with whom you wanna have this delectable Indian dish 😋
. 
You can post your food pics and reviews with #bhukkadsworld. Follow @thebhukkadsworld for more food updates, pics and reviews.
. 
Note: Prices mentioned are latest as of the date of this post
. 
#bhukkadsworld #pav #bhaji #pavbhaji #indianfood #indiansnack #indiandish #mumbaifood #mumbaifoodlovers #mumbaifoodies #instafood #instafoodies #instafoodlovers #instafoodporn #food #foodie #foodgasm #foodporn #foodstagram #lowerparel",,,#mumbaifoodlovers #mumbaifood #indiandish #mumbaifoodies #bhaji #food #indiansnack #foodie #instafoodlovers #pavbhaji #pav #instafood #instafoodies #foodporn #lowerparel #bhukkadsworld #indianfood #foodgasm #foodstagram #instafoodporn,"Status Pure Veg Family Restaurant, Lower Parel","We just couldn't resist some hot spicy Pav Bhaji!! 😍😋
. 
Checked out this small restaurant in Lower Parel named 'Status'. This one is quite famous for its Pani Puri (also popularly known as GolGappa). Since we had already tried the Pani Puri here a couple of times, we decided to check in & try their Pav Bhaji (it was actually the irresistible smell of the hot Pav Bhaji that drew us in). We ordered Cheese Pav Bhaji (Rs 110) along with Jain Pav Bhaji (Rs 95). The Bhaji was served really hot & also the Pav (a type of Indian bread) was soft and melted butter was spread on top of it. Both the Jain & Cheese version of the Bhajis were decent in taste. Although the smell is really tempting, the Pav Bhaji didn't really live up to our expectations. However, it was definitely worth a try!!
. 
Our rating:
Ambience - 🤩🤩
Food - 🤩🤩🤩
Overall - 2.5/5
. 
Tag your Pav Bhaji loving friends with whom you wanna have this delectable Indian dish 😋
. 
You can post your food pics and reviews with #bhukkadsworld. Follow @thebhukkadsworld for more food updates, pics and reviews.
. 
Note: Prices mentioned are latest as of the date of this post
. 
#bhukkadsworld #pav #bhaji #pavbhaji #indianfood #indiansnack #indiandish #mumbaifood #mumbaifoodlovers #mumbaifoodies #instafood #instafoodies #instafoodlovers #instafoodporn #food #foodie #foodgasm #foodporn #foodstagram #lowerparel #mumbaifoodlovers #mumbaifood #indiandish #mumbaifoodies #bhaji #food #indiansnack #foodie #instafoodlovers #pavbhaji #pav #instafood #instafoodies #foodporn #lowerparel #bhukkadsworld #indianfood #foodgasm #foodstagram #instafoodporn Status Pure Veg Family Restaurant, Lower Parel",40,2,False,1534905794,7027635899,0
92,1854351721054589378,Bm7-xDGF9HC,39400565_2145822319073330_7701035855338536960_n.jpg,C:\Coding\projects\pavbhaji_model\machinelearningchallenge\dataset\dataset\images\1\39400565_2145822319073330_7701035855338536960_n.jpg,1,#sunday#rakshabandhan#family#gettogether#foodmodeon#pavbhaji#indiansfood#mixveggies#tomatoes#potatoes#capsicum#cauliflower#peas#redchillipaste#buns#corriander#butterly#spicy#tasty#food#foodie#foodporn#foodstagram#foodgasm#foodism#foodphotography#@mumbaifoodie @indian_fast_food @fast_food_zapata,,,#mixveggies #foodphotography #foodie #potatoes #butterly #sunday #gettogether #spicy #cauliflower #peas #foodporn #buns #foodmodeon #tomatoes #corriander #capsicum #foodism #foodstagram #rakshabandhan #family #food #tasty #pavbhaji #indiansfood #foodgasm #redchillipaste,,#sunday#rakshabandhan#family#gettogether#foodmodeon#pavbhaji#indiansfood#mixveggies#tomatoes#potatoes#capsicum#cauliflower#peas#redchillipaste#buns#corriander#butterly#spicy#tasty#food#foodie#foodporn#foodstagram#foodgasm#foodism#foodphotography#@mumbaifoodie @indian_fast_food @fast_food_zapata #mixveggies #foodphotography #foodie #potatoes #butterly #sunday #gettogether #spicy #cauliflower #peas #foodporn #buns #foodmodeon #tomatoes #corriander #capsicum #foodism #foodstagram #rakshabandhan #family #food #tasty #pavbhaji #indiansfood #foodgasm #redchillipaste,51,3,False,1535275972,1593891460,0
85,1854477571398218307,Bm8bYaXHrJD,39011830_554448084991459_9100274644904050688_n.jpg,C:\Coding\projects\pavbhaji_model\machinelearningchallenge\dataset\dataset\images\0\39011830_554448084991459_9100274644904050688_n.jpg,0,"||Hyderabad|| Kesariya Sweets|| Pav Bhaji|| Mirch Bhaji|| Khandvi|| Bhelpuri|| Time for some snacking!!
.
Got this delivered by @swiggyindia from @kesariyas 
#pavbhaji #mirchbhaji #bhelpuri #khandvi #snacks #snacking #rain #swiggy #homedelivery #Hyderabad #eveningsnacks #snacks #indian #chaats #lipsmacking #delicious #foodstagram #foodinsta #foodie #foodphotography #foodpornshare  #foodcoma #foodshare #foodporn #foodgasm #dineanddining #hyderbadfoodblogger #desi #indiansnacks",,,#dineanddining #foodphotography #lipsmacking #foodie #foodcoma #indiansnacks #delicious #snacks #foodinsta #foodpornshare #swiggy #khandvi #foodporn #indian #hyderbadfoodblogger #chaats #Hyderabad #homedelivery #bhelpuri #foodshare #foodstagram #desi #pavbhaji #mirchbhaji #snacking #rain #foodgasm #eveningsnacks,Kesariyas sweets & savouries,"||Hyderabad|| Kesariya Sweets|| Pav Bhaji|| Mirch Bhaji|| Khandvi|| Bhelpuri|| Time for some snacking!!
.
Got this delivered by @swiggyindia from @kesariyas 
#pavbhaji #mirchbhaji #bhelpuri #khandvi #snacks #snacking #rain #swiggy #homedelivery #Hyderabad #eveningsnacks #snacks #indian #chaats #lipsmacking #delicious #foodstagram #foodinsta #foodie #foodphotography #foodpornshare  #foodcoma #foodshare #foodporn #foodgasm #dineanddining #hyderbadfoodblogger #desi #indiansnacks #dineanddining #foodphotography #lipsmacking #foodie #foodcoma #indiansnacks #delicious #snacks #foodinsta #foodpornshare #swiggy #khandvi #foodporn #indian #hyderbadfoodblogger #chaats #Hyderabad #homedelivery #bhelpuri #foodshare #foodstagram #desi #pavbhaji #mirchbhaji #snacking #rain #foodgasm #eveningsnacks Kesariyas sweets & savouries",48,0,False,1535290975,8283915792,0
70,1854577234201730924,Bm8yCslHt9s,39315237_321210435317034_6785443407306162176_n.jpg,C:\Coding\projects\pavbhaji_model\machinelearningchallenge\dataset\dataset\images\1\39315237_321210435317034_6785443407306162176_n.jpg,1,"If u have ever been in Mumbai,try pavbhaji😁✌️..
#pavbhaji#mumbaifamous#foodie #foodgasm #foodporn#butterbhaji #crispybun#tangyonion#lovedit...",,,#mumbaifamous #foodie #crispybun #tangyonion #pavbhaji #butterbhaji #lovedit #foodporn #foodgasm,Kharghar Apartment,"If u have ever been in Mumbai,try pavbhaji😁✌️..
#pavbhaji#mumbaifamous#foodie #foodgasm #foodporn#butterbhaji #crispybun#tangyonion#lovedit... #mumbaifamous #foodie #crispybun #tangyonion #pavbhaji #butterbhaji #lovedit #foodporn #foodgasm Kharghar Apartment",35,1,False,1535302856,8383211753,0
386,1851672047522377844,BmydeqpF3B0,38934809_2230257640538553_4389763361730985984_n.jpg,C:\Coding\projects\pavbhaji_model\machinelearningchallenge\dataset\dataset\images\1\38934809_2230257640538553_4389763361730985984_n.jpg,1,#pavbhaji #SmartChefRB 👌👌👌👌👌,,,#pavbhaji #SmartChefRB,,#pavbhaji #SmartChefRB 👌👌👌👌👌 #pavbhaji #SmartChefRB,6,0,False,1534956530,5408728462,0
212,1853104692356662524,Bm3jOZHh0T8,39528169_2161178574206802_4199354739806175232_n.jpg,C:\Coding\projects\pavbhaji_model\machinelearningchallenge\dataset\dataset\images\1\39528169_2161178574206802_4199354739806175232_n.jpg,1,#pavbhaji #desi #tasty #taste #tastemade #hunger #hungry #foodjournal #garlic #bread #street #streetfood #fun #foodlove #foodphotography #foodblogger #foody #foodlover #foodgasm #foodblog #food #foodwriter #foodie #foodstagram #foodporn #foodprep#salad,,,#fun #foodphotography #foodblogger #foodie #salad #hungry #foodlove #foodlover #foodjournal #taste #foodporn #foodblog #tastemade #foodprep #hunger #foodwriter #bread #street #foodstagram #desi #food #tasty #streetfood #pavbhaji #foody #garlic #foodgasm,,#pavbhaji #desi #tasty #taste #tastemade #hunger #hungry #foodjournal #garlic #bread #street #streetfood #fun #foodlove #foodphotography #foodblogger #foody #foodlover #foodgasm #foodblog #food #foodwriter #foodie #foodstagram #foodporn #foodprep#salad #fun #foodphotography #foodblogger #foodie #salad #hungry #foodlove #foodlover #foodjournal #taste #foodporn #foodblog #tastemade #foodprep #hunger #foodwriter #bread #street #foodstagram #desi #food #tasty #streetfood #pavbhaji #foody #garlic #foodgasm,32,4,False,1535127315,8444568255,0
269,1852740176418694671,Bm2QV_Mh-YP,39327533_418994305172078_5740286617885605888_n.jpg,C:\Coding\projects\pavbhaji_model\machinelearningchallenge\dataset\dataset\images\0\39327533_418994305172078_5740286617885605888_n.jpg,0,"It was best PAVBHAJI among all..!
#pavbhaji #likes4like #likeforfollow #lovefood #foodisfuel #foodgasm #foodmaniacindia #photooftheday",,,#likeforfollow #lovefood #photooftheday #foodmaniacindia #pavbhaji #foodisfuel #foodgasm #likes4like,Bikaner,"It was best PAVBHAJI among all..!
#pavbhaji #likes4like #likeforfollow #lovefood #foodisfuel #foodgasm #foodmaniacindia #photooftheday #likeforfollow #lovefood #photooftheday #foodmaniacindia #pavbhaji #foodisfuel #foodgasm #likes4like Bikaner",24,1,False,1535083861,1446743793,0
220,1853080770699062163,Bm3dySVn-uT,38938396_347317249169886_2932171278171242496_n.jpg,C:\Coding\projects\pavbhaji_model\machinelearningchallenge\dataset\dataset\images\0\38938396_347317249169886_2932171278171242496_n.jpg,0,"Might be weird but this is my forever Buffet dessert Combo 😋
.
.
.
Gulab jamun with vanilla ice cream. Idk from when I have been eating gulab jamun with ice cream but I just cant resist myself from this.
.
.
.
#shotononeplus#pavbhaji #dwarka#vforveggie#dillifoodies #saadidilli #mumbaifoodies#indianfoodie#hungrydilliwaali#delhifoodwalks #mumbaiigers#indianstreetfood #delhifoodguide #delhitimes #delhibloggers #delhistreetfood #mumbaistreetfood #indianfoodiye #mumbaifoodiye #foodiye #chaibreak #mintsauce #incredibleindia #teatime☕ #indian_photography #maggie #indianstreetfood",,,#mumbaistreetfood #mumbaiigers #shotononeplus #indianfoodie #indianstreetfood #vforveggie #saadidilli #mintsauce #mumbaifoodies #chaibreak #foodiye #maggie #delhibloggers #delhifoodwalks #dillifoodies #hungrydilliwaali #☕ #delhitimes #mumbaifoodiye #dwarka #delhistreetfood #incredibleindia #indian_photography #pavbhaji #indianfoodiye #delhifoodguide,Surya Rock Rose Resort,"Might be weird but this is my forever Buffet dessert Combo 😋
.
.
.
Gulab jamun with vanilla ice cream. Idk from when I have been eating gulab jamun with ice cream but I just cant resist myself from this.
.
.
.
#shotononeplus#pavbhaji #dwarka#vforveggie#dillifoodies #saadidilli #mumbaifoodies#indianfoodie#hungrydilliwaali#delhifoodwalks #mumbaiigers#indianstreetfood #delhifoodguide #delhitimes #delhibloggers #delhistreetfood #mumbaistreetfood #indianfoodiye #mumbaifoodiye #foodiye #chaibreak #mintsauce #incredibleindia #teatime☕ #indian_photography #maggie #indianstreetfood #mumbaistreetfood #mumbaiigers #shotononeplus #indianfoodie #indianstreetfood #vforveggie #saadidilli #mintsauce #mumbaifoodies #chaibreak #foodiye #maggie #delhibloggers #delhifoodwalks #dillifoodies #hungrydilliwaali #☕ #delhitimes #mumbaifoodiye #dwarka #delhistreetfood #incredibleindia #indian_photography #pavbhaji #indianfoodiye #delhifoodguide Surya Rock Rose Resort",248,11,False,1535124463,4085064959,0
315,1852326586286438996,Bm0yTdXnXpU,39238605_2133945243539883_7666761084308553728_n.jpg,C:\Coding\projects\pavbhaji_model\machinelearningchallenge\dataset\dataset\images\1\39238605_2133945243539883_7666761084308553728_n.jpg,1,"Heer-Ranjha
Romeo-Juliet
Veer-Zara
Barish-Pav bhaji 🤪
.
.
This one from @dadussweet , Pune was such a treat. Hot spicy street style bhaji with easy to eat crisp cubes of Pav. And look at that butter, there is always loads of extra butter making bhaji heavenly ! .
.
Location: Dadu’s , Pune
.
.
#foodinsta #foodstyling #foodphotography #indianfoodbloggers #pune #foodlove #foodgasm #pavbhaji #foodgram #foodblogfeed #buzzfeast #instadaily #vada #instafood #foodie #eeeeeats #sopune #bhaji #instayum #foodphoto #dailyfoodfeed #f52grams #thelittlefatgirl #foodstagram
#bangaloreblogger #foodblogger",,,#foodgram #foodphotography #bhaji #instayum #foodblogger #foodie #indianfoodbloggers #buzzfeast #f52grams #sopune #dailyfoodfeed #foodstyling #foodlove #foodinsta #foodblogfeed #instafood #instadaily #bangaloreblogger #pune #thelittlefatgirl #foodstagram #eeeeeats #foodphoto #vada #pavbhaji #foodgasm,Dadu's Sweet Emporio,"Heer-Ranjha
Romeo-Juliet
Veer-Zara
Barish-Pav bhaji 🤪
.
.
This one from @dadussweet , Pune was such a treat. Hot spicy street style bhaji with easy to eat crisp cubes of Pav. And look at that butter, there is always loads of extra butter making bhaji heavenly ! .
.
Location: Dadu’s , Pune
.
.
#foodinsta #foodstyling #foodphotography #indianfoodbloggers #pune #foodlove #foodgasm #pavbhaji #foodgram #foodblogfeed #buzzfeast #instadaily #vada #instafood #foodie #eeeeeats #sopune #bhaji #instayum #foodphoto #dailyfoodfeed #f52grams #thelittlefatgirl #foodstagram
#bangaloreblogger #foodblogger #foodgram #foodphotography #bhaji #instayum #foodblogger #foodie #indianfoodbloggers #buzzfeast #f52grams #sopune #dailyfoodfeed #foodstyling #foodlove #foodinsta #foodblogfeed #instafood #instadaily #bangaloreblogger #pune #thelittlefatgirl #foodstagram #eeeeeats #foodphoto #vada #pavbhaji #foodgasm Dadu's Sweet Emporio",103,1,False,1535034558,6839058971,0
138,1853795618110031805,Bm6AUr3n8e9,39851013_534550553666421_2620562059292573696_n.jpg,C:\Coding\projects\pavbhaji_model\machinelearningchallenge\dataset\dataset\images\1\39851013_534550553666421_2620562059292573696_n.jpg,1,"Hot bhaji with buttery pav/bun is one of the best things in this monsoon season.

Tag a #pavbhaji lover 💗

#streetfood #mumbaifood #cravings",,,#pavbhaji #mumbaifood #cravings #streetfood,,"Hot bhaji with buttery pav/bun is one of the best things in this monsoon season.

Tag a #pavbhaji lover 💗

#streetfood #mumbaifood #cravings #pavbhaji #mumbaifood #cravings #streetfood",53,9,False,1535209680,8361091445,0
318,1852303433569087312,Bm0tCiuHy9Q,39323085_2099349956997170_7102400964274946048_n.jpg,C:\Coding\projects\pavbhaji_model\machinelearningchallenge\dataset\dataset\images\0\39323085_2099349956997170_7102400964274946048_n.jpg,0,"Pav bhaji for the win😍😍🔥
What's your choice cheese pav bhaji or masala pav bhaji?❤️🔥
Tell me in the comments 🤗
_
Had these at jhakkas pav bhaji and both of them were really bad in taste😑 totally not worth the hype!
__
Tag all pav bhaji lovers 😍
__
Keep following @foodie_anshul for more updates ❤️
#foodie_anshul #cheesepavbhaji #pavbhaji #foodie
#vegetarian #snack #indianfood #food #foodporn #foodblogger #omnomnom #photography #photooftheday #foodvsco #vsco #foodstagram #vscocam #vsco_hub #follow4follow  #travelgram #instagram #igers  #followforfollow #instagood  #picoftheday #instagramers  #like4like #streetfood",,,#follow4follow #foodblogger #cheesepavbhaji #snack #foodie #instagramers #followforfollow #indianfood #photooftheday #vegetarian #foodporn #foodvsco #vsco #photography #foodstagram #instagood #picoftheday #instagram #food #omnomnom #vscocam #travelgram #pavbhaji #streetfood #igers #foodie_anshul #vsco_hub #like4like,Subash Nagar,"Pav bhaji for the win😍😍🔥
What's your choice cheese pav bhaji or masala pav bhaji?❤️🔥
Tell me in the comments 🤗
_
Had these at jhakkas pav bhaji and both of them were really bad in taste😑 totally not worth the hype!
__
Tag all pav bhaji lovers 😍
__
Keep following @foodie_anshul for more updates ❤️
#foodie_anshul #cheesepavbhaji #pavbhaji #foodie
#vegetarian #snack #indianfood #food #foodporn #foodblogger #omnomnom #photography #photooftheday #foodvsco #vsco #foodstagram #vscocam #vsco_hub #follow4follow  #travelgram #instagram #igers  #followforfollow #instagood  #picoftheday #instagramers  #like4like #streetfood #follow4follow #foodblogger #cheesepavbhaji #snack #foodie #instagramers #followforfollow #indianfood #photooftheday #vegetarian #foodporn #foodvsco #vsco #photography #foodstagram #instagood #picoftheday #instagram #food #omnomnom #vscocam #travelgram #pavbhaji #streetfood #igers #foodie_anshul #vsco_hub #like4like Subash Nagar",1512,33,False,1535031798,1816375777,0
71,1854571011800776131,Bm8woJhHz3D,39244166_228654327827975_393155997696262144_n.jpg,C:\Coding\projects\pavbhaji_model\machinelearningchallenge\dataset\dataset\images\1\39244166_228654327827975_393155997696262144_n.jpg,1,#pavbhaji #chefanupa #foodstagram,,,#pavbhaji #foodstagram #chefanupa,,#pavbhaji #chefanupa #foodstagram #pavbhaji #foodstagram #chefanupa,12,0,False,1535302114,292528792,0
309,1852336125551394177,Bm00eRgHT2B,38989783_251705765681596_3983940053779873792_n.jpg,C:\Coding\projects\pavbhaji_model\machinelearningchallenge\dataset\dataset\images\0\38989783_251705765681596_3983940053779873792_n.jpg,0,"@yummy_bites_cbe #pubg #pubggameplay #games #gamelover ♥️#pubgwithyummy
#yummy #yummy😋 #yummyfood #samosa #vadapav #dabeli #pavbhaji #pavbhaji😋 #manchurian #cabbagemanchurian #gobimanchurian #northindian #northindiantest #panipuri #panipurilovers #bhelpuri #bhel #dahipuri #masalapuri #grillsandwich #vegsandwich #sandwich #fresh #spicy #yummybites 
Address:- shop no.2 corporation building,
near ganesh temple,
opp corporation office,
Ramchandra road,
R.S puram Coimbtore.",,,#vadapav #games #panipurilovers #panipuri #northindiantest #dabeli #bhel #pubg #gamelover #manchurian #spicy #northindian #fresh #cabbagemanchurian #gobimanchurian #sandwich #bhelpuri #masalapuri #yummyfood #samosa #yummy #pubgwithyummy #grillsandwich #dahipuri #vegsandwich #pavbhaji #yummybites #pubggameplay,"Coimbatore, Tamil Nadu","@yummy_bites_cbe #pubg #pubggameplay #games #gamelover ♥️#pubgwithyummy
#yummy #yummy😋 #yummyfood #samosa #vadapav #dabeli #pavbhaji #pavbhaji😋 #manchurian #cabbagemanchurian #gobimanchurian #northindian #northindiantest #panipuri #panipurilovers #bhelpuri #bhel #dahipuri #masalapuri #grillsandwich #vegsandwich #sandwich #fresh #spicy #yummybites 
Address:- shop no.2 corporation building,
near ganesh temple,
opp corporation office,
Ramchandra road,
R.S puram Coimbtore. #vadapav #games #panipurilovers #panipuri #northindiantest #dabeli #bhel #pubg #gamelover #manchurian #spicy #northindian #fresh #cabbagemanchurian #gobimanchurian #sandwich #bhelpuri #masalapuri #yummyfood #samosa #yummy #pubgwithyummy #grillsandwich #dahipuri #vegsandwich #pavbhaji #yummybites #pubggameplay Coimbatore, Tamil Nadu",40,0,False,1535035695,8121249365,0
158,1853686004428107466,Bm5nZmLDO7K,39269283_1542733445832472_4323928500995096576_n.jpg,C:\Coding\projects\pavbhaji_model\machinelearningchallenge\dataset\dataset\images\0\39269283_1542733445832472_4323928500995096576_n.jpg,0,"Pav Bhaji Fondue at @agentjacksmumbai 
#agent#agentjacks#agenetjack#pavbhaji#fondue#different#pavbhajifondue#foodfoodfood#foodgram#mumbaifoodlovers#mumbai#indianfoodie#instamumbai#instafood#indianfoodbloggers#indianstyle#mumbaifoodicious#butter#desi#mumb#trell#localguide#localguidesindia#foodgram#saturday#saturdayfeels",,,#foodgram #mumbai #indianfoodie #indianfoodbloggers #different #localguide #agent #instafood #agentjacks #mumbaifoodlovers #mumb #foodfoodfood #butter #pavbhajifondue #mumbaifoodicious #trell #indianstyle #fondue #instamumbai #desi #localguidesindia #saturdayfeels #agenetjack #saturday #pavbhaji,Agent Jack's Bar,"Pav Bhaji Fondue at @agentjacksmumbai 
#agent#agentjacks#agenetjack#pavbhaji#fondue#different#pavbhajifondue#foodfoodfood#foodgram#mumbaifoodlovers#mumbai#indianfoodie#instamumbai#instafood#indianfoodbloggers#indianstyle#mumbaifoodicious#butter#desi#mumb#trell#localguide#localguidesindia#foodgram#saturday#saturdayfeels #foodgram #mumbai #indianfoodie #indianfoodbloggers #different #localguide #agent #instafood #agentjacks #mumbaifoodlovers #mumb #foodfoodfood #butter #pavbhajifondue #mumbaifoodicious #trell #indianstyle #fondue #instamumbai #desi #localguidesindia #saturdayfeels #agenetjack #saturday #pavbhaji Agent Jack's Bar",27,2,False,1535196613,7194400704,0
338,1852163650469244642,Bm0NQbkHC7i,38882126_1866308226749319_8115048716735348736_n.jpg,C:\Coding\projects\pavbhaji_model\machinelearningchallenge\dataset\dataset\images\0\38882126_1866308226749319_8115048716735348736_n.jpg,0,"The name is enough... Pav Bhaji ❤️ But here’s the twist.. pavbhaji fondue 🔥
.
Definitely must must must try for the pavbhaji lovers .
.
Where - @the_red_bistro 
#forksonroad #forks #road #foodbloger #foodblog #instafood #instashot #instagood #loveforfood #foodlovers #travelling #exploring #food #yum #ahmedabad #india #gujju #love #foodlife #foodie #pavbhaji #desilove #pavbhajilove #blogger #newplace #followforfollowback #likeforlikes #likes #followers #tasty",,,#ahmedabad #foodie #blogger #foodlife #road #instashot #likes #loveforfood #followforfollowback #forks #instafood #foodblog #pavbhajilove #foodlovers #travelling #yum #india #love #desilove #exploring #followers #gujju #instagood #newplace #food #forksonroad #tasty #pavbhaji #foodbloger #likeforlikes,The Red Bistro,"The name is enough... Pav Bhaji ❤️ But here’s the twist.. pavbhaji fondue 🔥
.
Definitely must must must try for the pavbhaji lovers .
.
Where - @the_red_bistro 
#forksonroad #forks #road #foodbloger #foodblog #instafood #instashot #instagood #loveforfood #foodlovers #travelling #exploring #food #yum #ahmedabad #india #gujju #love #foodlife #foodie #pavbhaji #desilove #pavbhajilove #blogger #newplace #followforfollowback #likeforlikes #likes #followers #tasty #ahmedabad #foodie #blogger #foodlife #road #instashot #likes #loveforfood #followforfollowback #forks #instafood #foodblog #pavbhajilove #foodlovers #travelling #yum #india #love #desilove #exploring #followers #gujju #instagood #newplace #food #forksonroad #tasty #pavbhaji #foodbloger #likeforlikes The Red Bistro",34,0,False,1535015134,8304782907,0
218,1853084326602878275,Bm3emCCAi1D,39347905_231491144197362_6264325962901487616_n.jpg,C:\Coding\projects\pavbhaji_model\machinelearningchallenge\dataset\dataset\images\1\39347905_231491144197362_6264325962901487616_n.jpg,1,"Cheese PavBhaji😁
.
.
.
.
.
.
.
.
.
#pavbhaji #cheese #cheesepavbhaji #desifoodie #northindian #streetsidefood #foodgasm #roadsideshop #sotrichy #goodfood #foodfood #butter #hungrytummyforever @hungrytummy.forever",,,#butter #cheesepavbhaji #pavbhaji #roadsideshop #desifoodie #streetsidefood #foodfood #sotrichy #hungrytummyforever #cheese #foodgasm #northindian #goodfood,Trichy,"Cheese PavBhaji😁
.
.
.
.
.
.
.
.
.
#pavbhaji #cheese #cheesepavbhaji #desifoodie #northindian #streetsidefood #foodgasm #roadsideshop #sotrichy #goodfood #foodfood #butter #hungrytummyforever @hungrytummy.forever #butter #cheesepavbhaji #pavbhaji #roadsideshop #desifoodie #streetsidefood #foodfood #sotrichy #hungrytummyforever #cheese #foodgasm #northindian #goodfood Trichy",64,0,False,1535124887,1699224834,0
82,1854499074066262013,Bm8gRUSAqf9,39245148_522742524814674_5437082448141746176_n.jpg,C:\Coding\projects\pavbhaji_model\machinelearningchallenge\dataset\dataset\images\1\39245148_522742524814674_5437082448141746176_n.jpg,1,"Street style Pav bhaji made at home.. Taste bhi health bhi 💯 .
.
Follow @nirvana_taste to stay updated with all the latest updates!! .
👉🏻 Follow: @nirvana_taste
.
.
#nirvana_taste #pavbhaji #homemade #healthy #wheatbun #amulbutter #yummy #weekend #sundayvibes #foodie #chandigarhfoodblogger #foodporn #foodgasm #foodstagram #instagood #instafood #foodlover #l4l #follow4follow",,,#instagood #follow4follow #foodlover #weekend #sundayvibes #wheatbun #amulbutter #foodgasm #foodie #pavbhaji #nirvana_taste #healthy #instafood #foodporn #foodstagram #chandigarhfoodblogger #yummy #homemade #l4l,"Panchkula, India","Street style Pav bhaji made at home.. Taste bhi health bhi 💯 .
.
Follow @nirvana_taste to stay updated with all the latest updates!! .
👉🏻 Follow: @nirvana_taste
.
.
#nirvana_taste #pavbhaji #homemade #healthy #wheatbun #amulbutter #yummy #weekend #sundayvibes #foodie #chandigarhfoodblogger #foodporn #foodgasm #foodstagram #instagood #instafood #foodlover #l4l #follow4follow #instagood #follow4follow #foodlover #weekend #sundayvibes #wheatbun #amulbutter #foodgasm #foodie #pavbhaji #nirvana_taste #healthy #instafood #foodporn #foodstagram #chandigarhfoodblogger #yummy #homemade #l4l Panchkula, India",21,0,False,1535293538,8450642053,0
165,1853625835735940044,Bm5ZuBthvvM,39019244_714346672249313_6500581827407773696_n.jpg,C:\Coding\projects\pavbhaji_model\machinelearningchallenge\dataset\dataset\images\0\39019244_714346672249313_6500581827407773696_n.jpg,0,"#weekendspecial #pavbhaji#fruitbeer#aromaticnosh #cafe#kamlanagar#agra
@apnaagra @agralive @agra_sahar @agra_wala @agrafoodsters",,,#fruitbeer #agra #aromaticnosh #pavbhaji #weekendspecial #kamlanagar #cafe,Aromatic Nosh,"#weekendspecial #pavbhaji#fruitbeer#aromaticnosh #cafe#kamlanagar#agra
@apnaagra @agralive @agra_sahar @agra_wala @agrafoodsters #fruitbeer #agra #aromaticnosh #pavbhaji #weekendspecial #kamlanagar #cafe Aromatic Nosh",35,0,False,1535189440,7188680962,0
235,1853030285371716686,Bm3SToNnzRO,39091602_500867707041730_2976448315069038592_n.jpg,C:\Coding\projects\pavbhaji_model\machinelearningchallenge\dataset\dataset\images\0\39091602_500867707041730_2976448315069038592_n.jpg,0,"Yummmy Cheese Pizza Samosa unique food dish at Vashi Cafe Chokolade.🤤❤️
.
For more join us @foodiesinceborn92 ..❤️❤️
.
#samosa #pizza #cheese #cheesepizza #samosas #vadapav #pavbhaji #pasta #frenchfries #biryani #vegfood #veganfood #veg #vegetarian #foodblogger #foods #foodies #foodphotography #foodporn #yum #yummy #tasty #mouthwatering #vegan #foodiesinceborn92 #foodie #deepakjaindj❤️",,,#vadapav #foodphotography #foodblogger #pasta #foodie #samosas #vegetarian #cheesepizza #foodporn #cheese #vegfood #❤️ #yum #veg #mouthwatering #biryani #pizza #yummy #samosa #foodiesinceborn92 #veganfood #foods #vegan #tasty #pavbhaji #frenchfries #foodies,,"Yummmy Cheese Pizza Samosa unique food dish at Vashi Cafe Chokolade.🤤❤️
.
For more join us @foodiesinceborn92 ..❤️❤️
.
#samosa #pizza #cheese #cheesepizza #samosas #vadapav #pavbhaji #pasta #frenchfries #biryani #vegfood #veganfood #veg #vegetarian #foodblogger #foods #foodies #foodphotography #foodporn #yum #yummy #tasty #mouthwatering #vegan #foodiesinceborn92 #foodie #deepakjaindj❤️ #vadapav #foodphotography #foodblogger #pasta #foodie #samosas #vegetarian #cheesepizza #foodporn #cheese #vegfood #❤️ #yum #veg #mouthwatering #biryani #pizza #yummy #samosa #foodiesinceborn92 #veganfood #foods #vegan #tasty #pavbhaji #frenchfries #foodies",277,5,False,1535118445,7705406513,0
